Date,Open,High,Low,Close,Adj Close,Volume
2010-01-04,13.125,13.695,13.005,9.281360000000001,13.685,1826600
2010-01-05,13.725,14.95,13.65,9.881577,14.57,3336200
2010-01-06,14.55,14.725,14.19,9.857836,14.535,2168400
2010-01-07,14.52,14.615,14.235,9.861231,14.54,1169800
2010-01-08,14.365,14.57,14.295,9.783234,14.425,869000
2010-01-11,14.53,14.79,13.875,9.542469,14.07,1903400
2010-01-12,13.84,13.84,13.4,9.183016,13.54,1919200
2010-01-13,13.465,13.465,12.74,9.043983,13.335,1875400
2010-01-14,13.33,13.455,13.12,9.043983,13.335,897000
2010-01-15,13.38,13.485,13.175,9.12537,13.455,887800
2010-01-19,13.405,13.575,13.385,9.15589,13.5,1417400
2010-01-20,13.265,13.56,13.21,9.166058999999999,13.515,1273200
2010-01-21,13.44,13.675,13.265,9.040588,13.33,1963800
2010-01-22,13.25,13.43,13.025,8.850692,13.05,1546200
2010-01-25,13.075,13.21,12.985,8.854080999999999,13.055,891000
2010-01-26,12.98,13.25,12.83,8.921902000000001,13.155,1409000
2010-01-27,13.18,13.185,12.855,8.932076,13.17,1236600
2010-01-28,13.31,13.31,12.835,8.850692,13.05,1538800
2010-01-29,13.165,13.5,12.975,8.850692,13.05,1845400
2010-02-01,13.16,13.67,13.115,9.237274000000001,13.62,1570200
2010-02-02,13.7,14.295,13.52,9.664548,14.25,2093600
2010-02-03,14.22,14.25,13.81,9.430562,13.905,1846000
2010-02-04,13.775,13.775,13.34,9.054155,13.35,1146000
2010-02-05,13.315,13.32,12.745,8.97955,13.24,1612200
2010-02-08,13.27,13.335,12.99,8.891382,13.11,1035400
2010-02-09,13.235,13.465,13.03,9.081287,13.39,1154400
2010-02-10,13.305,13.585,13.075,9.19997,13.565,988000
2010-02-11,13.495,13.61,13.29,9.12537,13.455,707400
2010-02-12,13.16,13.635,13.12,9.247446,13.635,1077200
2010-02-16,13.89,14.205,13.715,9.606898,14.165,753800
2010-02-17,14.17,14.305,13.9,9.535689,14.06,905800
2010-02-18,14.09,14.255,13.975,9.640806,14.215,1511000
2010-02-19,14.11,14.345,14.075,9.681505,14.275,567600
2010-02-22,14.405,14.44,14.005,9.610291,14.17,1187600
2010-02-23,14.095,14.16,13.7,9.396653,13.855,794400
2010-02-24,14.02,14.165,13.825,9.53908,14.065,1034200
2010-02-25,13.805,13.805,12.635,8.799827,12.975,5131200
2010-02-26,12.97,13.145,12.7,8.708269,12.84,2360200
2010-03-01,12.82,12.85,12.565,8.640446,12.74,1321600
2010-03-02,12.755,13.045,12.74,8.830344,13.02,1195200
2010-03-03,13.01,13.625,12.935,9.19319,13.555,3890200
2010-03-04,13.555,13.935,13.495,9.416999,13.885,1529800
2010-03-05,13.955,14.09,13.87,9.518733000000001,14.035,1501200
2010-03-08,14.035,14.145,13.795,9.383089,13.835,1064000
2010-03-09,13.64,14.1,13.635,9.444129,13.925,1973400
2010-03-10,13.89,14.885,13.74,10.044348,14.81,3600600
2010-03-11,14.795,15.43,14.455,9.891747,14.585,3478200
2010-03-12,14.745,14.785,14.265,9.959567999999999,14.685,1587000
2010-03-15,14.675,14.84,14.135,9.627246000000001,14.195,1453200
2010-03-16,14.3,14.415,14.105,9.66794,14.255,1365600
2010-03-17,14.35,14.545,14.24,9.742543,14.365,1381800
2010-03-18,14.25,14.28,13.79,9.42552,13.825,1249800
2010-03-19,13.72,13.91,13.375,9.353931,13.72,1821600
2010-03-22,13.565,14.095,13.49,9.582326,14.055,988000
2010-03-23,14.03,14.28,14.03,9.633458000000001,14.13,1160800
2010-03-24,13.985,14.695,13.975,9.994797,14.66,1461200
2010-03-25,14.8,14.94,14.175,9.694818,14.22,2107000
2010-03-26,14.25,14.295,13.875,9.480062,13.905,945400
2010-03-29,13.96,14.145,13.89,9.558465,14.02,1152400
2010-03-30,13.965,14.08,13.86,9.520967,13.965,734000
2010-03-31,14.015,14.125,13.895,9.514147999999999,13.955,1012400
2010-04-01,13.825,14.305,13.79,9.705047,14.235,1322600
2010-04-05,14.27,15.125,14.255,10.28796,15.09,1764200
2010-04-06,15.165,15.285,14.71,10.032301,14.715,1551200
2010-04-07,14.625,14.625,13.57,9.31984,13.67,2737000
2010-04-08,13.57,13.7,13.32,9.20735,13.505,1043800
2010-04-09,13.52,13.75,13.325,9.238033999999999,13.55,1077000
2010-04-12,13.55,13.65,13.215,9.043727,13.265,1387200
2010-04-13,13.175,13.335,12.965,9.019862,13.23,1173600
2010-04-14,13.48,13.515,13.2,9.156217999999999,13.43,1369200
2010-04-15,13.395,13.485,12.86,8.825557,12.945,2061800
2010-04-16,12.875,12.915,12.29,8.511939,12.485,2383000
2010-04-19,12.32,12.57,12.085,8.385813,12.3,2278800
2010-04-20,12.44,12.595,12.145,8.539213,12.525,1269600
2010-04-21,12.48,12.74,12.275,8.481261,12.44,1454600
2010-04-22,12.27,12.575,12.115,8.532394,12.515,1173000
2010-04-23,12.67,13.025,12.615,8.880097,13.025,1743400
2010-04-26,13.175,13.28,13.035,8.989183,13.185,1377800
2010-04-27,13.16,13.29,12.73,8.689202,12.745,1389200
2010-04-28,12.735,13.025,12.62,8.753977,12.84,1013000
2010-04-29,12.935,13.445,12.875,9.108493,13.36,1186200
2010-04-30,13.355,13.665,13.265,9.203944,13.5,1846200
2010-05-03,13.535,13.985,13.415,9.507327,13.945,1217600
2010-05-04,13.79,13.79,13.26,9.231212,13.54,2452200
2010-05-05,13.3,13.655,12.76,9.053951,13.28,2544600
2010-05-06,13.36,13.665,12.02,8.603981,12.62,2674000
2010-05-07,12.72,13.15,12.165,8.396037,12.315,3403200
2010-05-10,12.855,13.2,12.7,8.999409,13.2,1901800
2010-05-11,12.765,13.57,12.755,8.972136,13.16,1422400
2010-05-12,13.18,14.115,13.18,9.585735000000001,14.06,2575400
2010-05-13,14.09,14.44,13.925,9.773221000000001,14.335,2992800
2010-05-14,14.14,14.2,13.69,9.480062,13.905,2785000
2010-05-17,13.935,13.975,13.1,9.173261,13.455,2153400
2010-05-18,13.675,13.975,13.185,9.030087,13.245,1630600
2010-05-19,13.105,13.58,13.01,9.220984,13.525,2058800
2010-05-20,12.955,13.345,12.55,8.709658000000001,12.775,2704400
2010-05-21,12.505,13.305,12.41,8.78806,12.89,2171800
2010-05-24,12.53,12.745,12.21,8.338088,12.23,2125400
2010-05-25,11.86,12.195,11.66,8.304002,12.18,2224600
2010-05-26,12.315,12.485,11.865,8.130152,11.925,2434400
2010-05-27,12.215,12.8,12.15,8.709658000000001,12.775,2055400
2010-05-28,12.74,13.27,12.655,8.828966000000001,12.95,3684000
2010-06-01,12.84,13.25,12.52,8.535803999999999,12.52,1802600
2010-06-02,12.61,12.885,12.395,8.784647999999999,12.885,2017800
2010-06-03,12.975,13.07,12.695,8.859643,12.995,2798800
2010-06-04,12.665,12.945,12.34,8.522165,12.5,3101200
2010-06-07,12.5,12.56,12.19,8.341497,12.235,2122200
2010-06-08,12.32,12.495,11.92,8.276729,12.14,2712400
2010-06-09,12.25,12.49,11.975,8.215369,12.05,2444000
2010-06-10,12.325,12.69,12.31,8.63125,12.66,1681200
2010-06-11,12.54,12.855,12.445,8.760788,12.85,1342400
2010-06-14,12.925,13.18,12.91,8.839193,12.965,1712200
2010-06-15,13.165,13.495,13.13,9.200533,13.495,1317400
2010-06-16,13.34,13.94,13.34,9.408475,13.8,1781800
2010-06-17,13.675,13.81,13.45,9.34335,13.63,1475200
2010-06-18,13.64,13.83,13.475,9.394764,13.705,2041000
2010-06-21,13.95,13.98,13.44,9.278227000000001,13.535,1485200
2010-06-22,13.495,13.605,13.08,9.058867999999999,13.215,1481000
2010-06-23,13.515,13.92,13.45,9.470166,13.815,3987800
2010-06-24,13.795,14.125,13.705,9.521579,13.89,3627600
2010-06-25,14.005,14.28,13.575,9.583277,13.98,3675600
2010-06-28,13.965,14.205,13.63,9.627833,14.045,1332000
2010-06-29,13.785,13.84,13.215,9.123994999999999,13.31,1422000
2010-06-30,13.335,13.74,13.225,9.110281,13.29,1452800
2010-07-01,13.315,13.44,12.72,8.815517,12.86,2640400
2010-07-02,12.875,13.06,12.495,8.640715,12.605,1638400
2010-07-06,12.925,13.085,12.22,8.465912,12.35,2379800
2010-07-07,12.335,12.7,12.285,8.668136,12.645,1563400
2010-07-08,13.075,13.075,12.705,8.949189,13.055,1863800
2010-07-09,12.99,13.27,12.92,9.09657,13.27,943200
2010-07-12,13.275,13.335,12.955,8.969755000000001,13.085,681600
2010-07-13,13.32,13.5,13.2,9.103425,13.28,982000
2010-07-14,13.245,13.245,12.775,8.887492,12.965,1546000
2010-07-15,12.96,13.04,12.635,8.887492,12.965,1038600
2010-07-16,12.93,12.93,12.515,8.633858,12.595,961200
2010-07-19,12.675,12.675,12.235,8.500186,12.4,1002800
2010-07-20,12.175,12.56,12.175,8.592728999999999,12.535,2023200
2010-07-21,12.605,12.76,12.46,8.613297,12.565,1012000
2010-07-22,12.7,12.825,12.58,8.750397,12.765,1019200
2010-07-23,12.7,12.75,12.44,8.698985,12.69,1048000
2010-07-26,12.77,12.975,12.645,8.89435,12.975,737200
2010-07-27,13.195,13.25,12.685,8.842937,12.9,1089200
2010-07-28,12.855,12.88,12.575,8.798378999999999,12.835,1093200
2010-07-29,12.87,13.09,12.815,8.921769,13.015,1131400
2010-07-30,12.89,13.375,12.785,9.161694,13.365,1332600
2010-08-02,13.57,13.71,13.425,9.350204,13.64,1289600
2010-08-03,13.545,13.65,13.425,9.209676,13.435,969600
2010-08-04,13.5,13.675,13.33,9.363917,13.66,838000
2010-08-05,13.665,13.75,13.42,9.370773,13.67,1504200
2010-08-06,13.6,14.09,13.6,9.648397000000001,14.075,1596600
2010-08-09,14.235,14.35,14.05,9.816344,14.32,1067600
2010-08-10,14.18,14.18,13.915,9.566136,13.955,1088400
2010-08-11,13.765,13.765,13.225,9.079435,13.245,1046000
2010-08-12,13.045,13.385,13.045,9.052014999999999,13.205,969600
2010-08-13,13.15,13.405,13.125,9.065726,13.225,620200
2010-08-16,13.145,13.315,13.04,8.997177,13.125,698200
2010-08-17,13.34,13.485,13.165,9.110281,13.29,1046200
2010-08-18,13.22,13.455,13.025,9.130844999999999,13.32,1198800
2010-08-19,13.23,13.525,13.14,9.233671000000001,13.47,1689800
2010-08-20,13.37,13.43,13.12,9.182261,13.395,937600
2010-08-23,13.51,13.765,13.385,9.182261,13.395,1231800
2010-08-24,13.19,13.27,12.87,9.045159,13.195,1360200
2010-08-25,13.075,13.185,12.885,8.990316,13.115,666800
2010-08-26,13.165,13.26,12.895,8.870356,12.94,1062000
2010-08-27,12.985,13.275,12.875,9.08286,13.25,1142400
2010-08-30,13.24,13.385,13.19,9.045159,13.195,1039200
2010-08-31,13.175,13.28,12.96,8.914914,13.005,1576600
2010-09-01,13.215,13.3,13.095,9.024595,13.165,1035600
2010-09-02,13.165,13.64,13.075,9.199396,13.42,1130600
2010-09-03,13.615,13.825,13.595,9.449603999999999,13.785,798200
2010-09-07,13.72,13.97,13.545,9.494159,13.85,892800
2010-09-08,13.85,13.945,13.625,9.45303,13.79,775200
2010-09-09,13.9,13.9,13.68,9.456458,13.795,613800
2010-09-10,13.895,14.47,13.895,9.809486999999999,14.31,2186400
2010-09-13,14.405,14.86,14.36,10.069982000000001,14.69,1299000
2010-09-14,14.605,14.93,14.545,10.063125,14.68,1084800
2010-09-15,14.565,14.565,13.885,9.614123,14.025,1626200
2010-09-16,14.015,14.025,13.75,9.456458,13.795,1048000
2010-09-17,13.735,13.735,13.465,9.342735000000001,13.555,2040000
2010-09-20,13.56,13.995,13.53,9.601203,13.93,723600
2010-09-21,13.92,14.23,13.83,9.704586,14.08,1342600
2010-09-22,14.12,14.25,13.7,9.490921,13.77,998400
2010-09-23,13.62,13.77,13.545,9.384084,13.615,636400
2010-09-24,13.76,13.9,13.68,9.577079,13.895,690000
2010-09-27,13.93,14.05,13.835,9.625321000000001,13.965,448400
2010-09-28,14.0,14.085,13.835,9.652895,14.005,1217800
2010-09-29,14.0,14.25,13.98,9.773508999999999,14.18,1234000
2010-09-30,14.26,14.49,13.985,9.907913,14.375,798800
2010-10-01,14.525,14.62,14.38,9.959609,14.45,653200
2010-10-04,14.38,14.475,14.095,9.818315,14.245,707800
2010-10-05,14.42,14.775,14.32,10.121582,14.685,1278600
2010-10-06,14.595,14.995,14.55,10.169829,14.755,1581200
2010-10-07,14.86,14.86,14.495,10.176721,14.765,592600
2010-10-08,14.74,15.245,14.635,10.40762,15.1,891400
2010-10-11,15.175,15.4,15.095,10.528234,15.275,650200
2010-10-12,15.185,15.28,14.97,10.459311,15.175,886400
2010-10-13,15.305,16.290001,15.255,11.176129,16.215,4189000
2010-10-14,16.219998999999998,16.799999,16.120001000000002,11.441489,16.6,2857000
2010-10-15,16.610001,16.764999,16.26,11.376012,16.504998999999998,1531200
2010-10-18,16.424999,16.700001,16.379998999999998,11.472505,16.645,718800
2010-10-19,16.360001,17.120001000000002,16.360001,11.572445,16.790001,3135200
2010-10-20,16.875,17.084999,16.639999,11.686169,16.955,1212000
2010-10-21,16.945,17.075001,15.795,10.928,15.855,2284400
2010-10-22,15.865,16.155001000000002,15.675,11.114097000000001,16.125,1416400
2010-10-25,16.549999,17.24,16.549999,11.465611,16.635,1765800
2010-10-26,16.635,16.83,16.465,11.520749,16.715,988600
2010-10-27,16.545,16.695,16.245001000000002,11.307086,16.405001000000002,787600
2010-10-28,16.535,16.93,16.440001000000002,11.35878,16.48,1741000
2010-10-29,16.415001,16.530001000000002,16.139999,11.279513,16.365,854200
2010-11-01,16.584999,16.885,16.5,11.513860000000001,16.705,1304200
2010-11-02,16.9,16.9,16.299999,11.289852,16.379998999999998,1051200
2010-11-03,16.465,16.889999,16.42,11.631032000000001,16.875,1310200
2010-11-04,16.865,17.445,16.084999,11.300192,16.395,2490400
2010-11-05,16.145,16.290001,15.685,11.114097000000001,16.125,2199400
2010-11-08,15.885,16.495001000000002,15.885,11.344992,16.459999,890400
2010-11-09,16.52,16.65,16.424999,11.393241,16.530001000000002,899000
2010-11-10,16.57,16.77,16.459999,11.496626,16.68,1559600
2010-11-11,16.584999,17.305,16.584999,11.896386999999999,17.26,989800
2010-11-12,17.165001,17.275,16.68,11.568995,16.785,613200
2010-11-15,16.889999,17.145,16.775,11.682722,16.950001,852600
2010-11-16,16.82,16.934998999999998,16.42,11.551767,16.76,1340200
2010-11-17,16.73,16.945,16.535,11.548322,16.754998999999998,575600
2010-11-18,16.940001000000002,17.665001,16.940001000000002,12.01356,17.43,1120600
2010-11-19,17.389999,17.475,16.959999,11.982548,17.385,1835200
2010-11-22,17.315001000000002,17.68,17.030001000000002,12.030793,17.455,1429800
2010-11-23,17.295,17.395,17.040001,11.775769,17.084999,752200
2010-11-24,17.200001,17.82,17.174999,12.261691,17.790001,618600
2010-11-26,17.645,17.67,17.445,12.037687,17.465,162600
2010-11-29,17.49,18.025,17.215,12.347849,17.915001,1266800
2010-11-30,17.700001,17.995001000000002,17.6,12.385755,17.969998999999998,847000
2010-12-01,18.315001000000002,18.684998999999998,18.129998999999998,12.678684,18.395,1003000
2010-12-02,18.395,18.540001,18.190001000000002,12.637331,18.334999,990200
2010-12-03,18.285,18.559998999999998,18.225,12.706258,18.434998999999998,1060800
2010-12-06,18.445,18.834999,18.445,12.916471000000001,18.74,966400
2010-12-07,18.924999,19.115,18.665001,12.919918,18.745001000000002,1109800
2010-12-08,18.735001,19.030001000000002,17.905001000000002,13.033645,18.91,1287000
2010-12-09,18.965,19.030001000000002,18.655001000000002,12.999186,18.860001,634200
2010-12-10,18.879998999999998,19.209999,18.870001000000002,13.233528,19.200001,458600
2010-12-13,19.405001000000002,19.455,18.934998999999998,13.085343,18.985001,1051600
2010-12-14,18.985001,19.045,18.66,12.923366999999999,18.75,824800
2010-12-15,18.690001000000002,18.754998999999998,18.48,12.74416,18.49,928400
2010-12-16,18.395,18.48,18.145,12.764922,18.445,899600
2010-12-17,18.43,18.73,18.325001,12.948321,18.709999,2011800
2010-12-20,18.725,19.424999,18.629998999999998,13.436219,19.415001,866600
2010-12-21,19.459999,19.690001000000002,19.34,13.581548000000002,19.625,589400
2010-12-22,19.67,19.98,19.66,13.678431,19.764999,541200
2010-12-23,19.785,20.004998999999998,19.725,13.796084,19.934998999999998,560200
2010-12-27,19.84,19.84,19.459999,13.643839000000002,19.715,449400
2010-12-28,19.73,19.924999,19.584999,13.782244,19.915001,803800
2010-12-29,19.98,20.690001000000002,19.915001,14.180173000000002,20.49,806400
2010-12-30,20.525,20.615,20.209999,14.059064000000001,20.315001000000002,645800
2010-12-31,20.370001000000002,20.584999,20.334999,14.107510000000001,20.385,485600
2011-01-03,20.625,20.940001000000002,20.540001,14.456994,20.889999,564800
2011-01-04,20.950001,21.059998999999998,20.389999,14.162876999999998,20.465,1119200
2011-01-05,20.344998999999998,20.620001000000002,20.309998999999998,14.169795,20.475,1468400
2011-01-06,20.360001,20.450001,19.92,14.107510000000001,20.385,1767400
2011-01-07,20.4,20.969998999999998,20.235001,14.453535999999998,20.885,1565600
2011-01-10,20.834999,21.405001000000002,20.68,14.761501,21.33,1569600
2011-01-11,21.5,21.545,21.025,14.630009,21.139999,990600
2011-01-12,21.215,21.525,21.02,14.744195999999999,21.305,897000
2011-01-13,21.370001000000002,21.620001000000002,21.209999,14.775339,21.35,986000
2011-01-14,21.43,21.684998999999998,21.08,14.958738,21.615,1183200
2011-01-18,21.719998999999998,21.76,21.35,14.941434,21.59,1199200
2011-01-19,21.5,21.82,21.125,14.692292000000002,21.23,1780200
2011-01-20,21.084999,21.084999,20.07,14.353189000000002,20.74,2845400
2011-01-21,20.969998999999998,21.075001,20.790001,14.515817000000002,20.975,1067800
2011-01-24,20.950001,21.24,20.834999,14.695756,21.235001,566600
2011-01-25,21.200001,21.24,20.84,14.688827999999999,21.225,1399800
2011-01-26,21.254998999999998,22.805,21.254998999999998,15.536598999999999,22.450001,3189000
2011-01-27,22.42,23.02,22.17,15.89647,22.969998999999998,1832600
2011-01-28,22.9,23.575001,22.85,16.242493,23.469998999999998,2855600
2011-01-31,23.705,24.745001000000002,23.705,16.979532,24.535,3814200
2011-02-01,24.615,25.18,24.41,17.398220000000002,25.139999,2557000
2011-02-02,25.275,26.405001000000002,25.225,17.771929,25.68,3068800
2011-02-03,25.635,25.950001,25.355,17.830757000000002,25.764999,2265600
2011-02-04,25.764999,26.379998999999998,25.67,18.218307,26.325001,2290400
2011-02-07,26.535,27.74,26.375,18.823856,27.200001,3204600
2011-02-08,27.1,27.809998999999998,26.860001,19.204483,27.75,2022200
2011-02-09,27.785,27.975,26.965,19.052231,27.530001000000002,2201400
2011-02-10,27.32,28.825001,27.18,19.886156,28.735001,1806200
2011-02-11,28.559998999999998,29.07,27.985001,19.654318,28.4,2863800
2011-02-14,28.620001000000002,29.665001,28.475,20.415573000000002,29.5,2425200
2011-02-15,29.57,29.6,28.885,20.162973,29.135,2467000
2011-02-16,29.075001,30.41,29.049999,20.810043,30.07,2560600
2011-02-17,30.375,30.955,29.885,20.941538,30.26,2778600
2011-02-18,29.67,29.865,27.985001,19.415557999999997,28.055,5441800
2011-02-22,28.379998999999998,28.719998999999998,27.334999,19.228706,27.785,4421400
2011-02-23,28.41,28.68,27.445,19.138737,27.655001000000002,3109400
2011-02-24,27.73,27.85,26.25,18.356716,26.525,3206600
2011-02-25,26.594998999999998,29.174999,26.594998999999998,20.007261,28.91,3730000
2011-02-28,29.145,29.6,28.315001000000002,19.771963,28.57,2426400
2011-03-01,28.754998999999998,28.834999,27.700001,19.225246,27.780001000000002,2598600
2011-03-02,27.725,28.594998999999998,27.540001,19.744287,28.530001000000002,1747400
2011-03-03,28.834999,29.99,28.639999,20.304848,29.34,2847600
2011-03-04,29.334999,29.6,28.85,20.069548,29.0,1623400
2011-03-07,29.09,29.25,26.795,18.893061,27.299999,2530400
2011-03-08,27.254998999999998,27.280001000000002,26.184998999999998,18.128335999999997,26.195,3657600
2011-03-09,26.209999,27.055,26.0,18.633533,26.924999,2539200
2011-03-10,26.389999,26.610001,25.375,17.962246,25.955,2839200
2011-03-11,25.92,27.799999,25.92,19.16296,27.690001000000002,3150600
2011-03-14,27.094998999999998,28.545,27.084999,19.664694,28.415001,3917200
2011-03-15,27.084999,28.014999,26.73,19.239084,27.799999,2487800
2011-03-16,27.825001,28.379998999999998,26.635,18.789251,27.15,3172200
2011-03-17,27.795,28.32,27.33,18.948420000000002,27.379998999999998,3021000
2011-03-18,27.885,27.92,27.25,19.059148999999998,27.540001,5079800
2011-03-21,27.969998999999998,29.23,27.795,20.003801,28.905001000000002,3469200
2011-03-22,29.01,29.17,27.875,19.616245000000003,28.344998999999998,2403400
2011-03-23,28.025,28.690001000000002,27.735001,19.650945999999998,28.32,1868200
2011-03-24,28.485001,28.66,27.235001,19.515642,28.125,2412400
2011-03-25,28.610001,30.0,28.379998999999998,20.750767,29.905001000000002,2768800
2011-03-28,29.934998999999998,30.15,29.555,20.598103,29.684998999999998,2278000
2011-03-29,29.5,31.0,29.34,21.350977,30.77,2165000
2011-03-30,31.094998999999998,31.605,30.389999,21.43424,30.889999,2208800
2011-03-31,31.040001,31.344998999999998,30.264999,21.080357,30.379998999999998,1530800
2011-04-01,30.799999,31.059998999999998,30.139999,21.375265,30.805,1907400
2011-04-04,31.035,31.76,30.879998999999998,21.954662,31.639999,1751400
2011-04-05,31.610001,32.775002,31.51,22.534063,32.474998,1990200
2011-04-06,33.224998,33.275002,31.295,21.725679,31.309998999999998,3031800
2011-04-07,31.334999,31.334999,30.23,21.194855,30.545,1638600
2011-04-08,30.625,31.285,29.525,20.847912,30.045,1539600
2011-04-11,30.040001,30.76,29.75,20.830563,30.02,1209400
2011-04-12,29.735001,30.195,28.575001,20.147076000000002,29.035,3374000
2011-04-13,29.575001,30.84,29.334999,21.326694,30.735001,4612600
2011-04-14,30.525,30.575001,29.735001,21.187914000000003,30.535,2200200
2011-04-15,30.66,30.91,30.299999,21.368323999999998,30.795,1707000
2011-04-18,30.15,30.15,29.120001000000002,20.511375,29.559998999999998,2287600
2011-04-19,29.695,30.475,29.299999,21.121994,30.440001000000002,2405000
2011-04-20,31.065001000000002,31.719998999999998,30.805,21.913025,31.58,2009400
2011-04-21,31.799999,31.91,31.424999,22.07609,31.815001000000002,1198600
2011-04-25,31.885,31.98,30.9,21.743025,31.334999,1642800
2011-04-26,31.450001,31.450001,29.254998999999998,20.389938,29.385,2800000
2011-04-27,29.625,29.719998999999998,27.625,20.185249,29.09,4548800
2011-04-28,29.055,29.4,28.379998999999998,19.949317999999998,28.75,1651400
2011-04-29,28.855,29.305,28.73,20.088099,28.950001,1464000
2011-05-02,29.0,29.245001000000002,28.285,19.737686,28.445,2164800
2011-05-03,28.18,28.375,26.825001,18.846033,27.16,3005200
2011-05-04,27.184998999999998,27.184998999999998,26.004998999999998,18.12092,26.115,3691000
2011-05-05,26.555,27.530001000000002,25.299999,18.64481,26.870001000000002,4204400
2011-05-06,26.955,28.495001000000002,26.955,19.272783,27.775,3457600
2011-05-09,27.764999,30.0,27.610001,20.639744,29.745001000000002,3969600
2011-05-10,29.975,30.795,29.92,21.260767,30.639999,4536800
2011-05-11,30.264999,30.495001000000002,28.775,20.303204,29.26,3066000
2011-05-12,29.035,29.125,28.040001,19.484417,28.08,3050200
2011-05-13,28.309998999999998,29.24,28.059998999999998,19.657888,28.33,3200000
2011-05-16,28.18,29.305,27.695,19.456659,28.040001,3333200
2011-05-17,28.08,28.684998999999998,27.629998999999998,19.470539000000002,28.059998999999998,2296200
2011-05-18,28.055,30.120001000000002,28.025,20.736889,29.885,3905200
2011-05-19,30.004998999999998,30.325001,29.66,20.962404,30.209999,2529600
2011-05-20,30.280001000000002,30.465,29.6,20.598103,29.684998999999998,2221600
2011-05-23,29.065001000000002,30.32,28.575001,21.014442000000003,30.285,2414800
2011-05-24,30.575001,31.145,30.115,20.958933,30.205,3107200
2011-05-25,29.99,31.0,29.91,21.149754,30.48,1658800
2011-05-26,30.395,30.875,29.955,20.917297,30.145,2449000
2011-05-27,30.33,31.445,30.33,21.340569,30.754998999999998,2037800
2011-05-31,31.469998999999998,31.485001,30.68,21.618129999999997,31.155001000000002,1618200
2011-06-01,31.02,31.67,30.280001000000002,21.090769,30.395,1850000
2011-06-02,30.51,30.700001,28.775,20.261570000000003,29.200001,3129600
2011-06-03,28.605,29.879998999999998,28.35,20.539125,29.6,1691400
2011-06-06,29.42,29.75,27.68,19.345634,27.879998999999998,2654000
2011-06-07,28.18,29.85,28.18,20.459332,29.485001,2912000
2011-06-08,29.17,29.545,28.450001,19.814010999999997,28.555,2087000
2011-06-09,28.83,29.16,28.504998999999998,20.233814000000002,29.16,2114400
2011-06-10,28.790001,30.195,28.715,20.80975,29.99,4018800
2011-06-13,30.139999,31.475,29.57,20.743826000000002,29.895,3077800
2011-06-14,30.610001,32.294998,30.59,22.148951,31.92,4662600
2011-06-15,31.315001000000002,32.314999,30.93,21.763838,31.365,2811200
2011-06-16,31.360001,31.75,30.75,21.704860999999998,31.280001000000002,2033200
2011-06-17,31.75,32.014998999999996,30.795,21.763981,31.290001,3219000
2011-06-20,31.035,32.355,30.950001,22.414326000000003,32.224998,3622000
2011-06-21,32.474998,34.0,32.474998,23.169007999999998,33.310001,5864800
2011-06-22,33.450001,34.130001,33.125,23.231617,33.400002,4238200
2011-06-23,32.474998,32.759997999999996,31.6,22.779498999999998,32.75,6421800
2011-06-24,32.700001,32.884997999999996,29.59,20.800639999999998,29.905001000000002,8465600
2011-06-27,29.709999,31.254998999999998,29.459999,21.562275,31.0,5339600
2011-06-28,31.465,33.625,31.41,23.043804,33.130001,6219000
2011-06-29,33.529999,34.689999,32.805,23.711546,34.09,5339200
2011-06-30,34.529999,34.935001,34.330002,24.135838,34.700001,23733600
2011-07-01,34.509997999999996,35.93,34.25,24.991373,35.93,2651400
2011-07-05,36.834998999999996,38.900002,36.119999,25.259161,36.314999,3671800
2011-07-06,36.450001,36.5,35.330002,25.029631,35.985001000000004,3886800
2011-07-07,36.450001,37.744999,36.255001,25.613885999999997,36.825001,5737800
2011-07-08,36.005001,37.709998999999996,36.0,25.711269,36.965,5000200
2011-07-11,36.32,36.994999,35.904999,25.231333,36.275002,3155800
2011-07-12,35.685001,36.459998999999996,35.68,24.939199,35.855,3950400
2011-07-13,36.18,36.415001000000004,35.66,24.838345999999998,35.709998999999996,4202400
2011-07-14,36.049999,36.674999,34.564999,24.386229999999998,35.060001,5899400
2011-07-15,35.41,36.0,35.115002000000004,25.040064,36.0,3658000
2011-07-18,35.700001,35.759997999999996,35.299999,24.751398000000002,35.584998999999996,2607200
2011-07-19,35.950001,37.200001,35.904999,25.843432999999997,37.154999,2958400
2011-07-20,37.48,37.490002000000004,36.724998,25.575634,36.77,2007600
2011-07-21,36.915001000000004,37.334998999999996,36.580002,25.759961999999998,37.035,2096800
2011-07-22,36.970001,37.0,36.435001,25.353057999999997,36.450001,2017600
2011-07-25,36.275002,38.355,36.165001000000004,25.975576,37.345001,3073400
2011-07-26,37.119999,38.0,36.59,25.850388,37.165001000000004,2602600
2011-07-27,36.855,36.939999,35.75,25.133955,36.134997999999996,2465000
2011-07-28,36.07,36.799999,35.535,24.848778,35.724998,1664000
2011-07-29,35.455002,37.77,34.959998999999996,26.219036,37.695,3533600
2011-08-01,38.650002,38.785,37.509997999999996,26.57028,38.200001,4306600
2011-08-02,38.305,38.895,36.595001,25.526949,36.700001,5415800
2011-08-03,36.419998,36.764998999999996,34.625,24.987888,35.924999,4227400
2011-08-04,35.525002,35.935001,32.904999,23.391588,33.630001,6331000
2011-08-05,34.27,35.290001000000004,31.450001,23.175962,33.32,4653400
2011-08-08,32.200001,32.799999,29.145,21.134504,30.385,5100800
2011-08-09,31.315001000000002,33.485001000000004,30.940001000000002,23.029905,33.110001000000004,8058800
2011-08-10,32.869999,35.330002,32.5,23.367241,33.595001,5128600
2011-08-11,33.355,35.689999,33.205002,24.842922,35.185001,4104000
2011-08-12,35.959998999999996,36.299999,34.625,24.655811,34.919998,2624800
2011-08-15,35.5,36.665001000000004,35.25,25.764333999999998,36.490002000000004,2876000
2011-08-16,35.744999,36.445,34.985001000000004,25.107697,35.560001,2071400
2011-08-17,36.005001,36.540001000000004,35.060001,24.832329,35.169998,2188800
2011-08-18,33.945,34.025002,32.775002,23.434314999999998,33.189999,5122000
2011-08-19,32.564999,34.474998,32.5,23.56847,33.380001,3746800
2011-08-22,32.685001,33.465,30.870001000000002,22.209295,31.455,7537200
2011-08-23,31.745001000000002,33.424999,31.01,23.600248,33.424999,4583000
2011-08-24,33.27,34.709998999999996,32.959998999999996,24.020359,34.02,2645400
2011-08-25,34.459998999999996,35.0,32.665001000000004,23.300167000000002,33.0,3463800
2011-08-26,32.915001000000004,35.470001,32.674999,24.952358,35.34,3776000
2011-08-29,35.615002000000004,36.205002,34.369999,25.506618,36.125,3103000
2011-08-30,36.075001,36.650002,35.445,25.524273,36.150002,4108000
2011-08-31,36.744999,36.994999,35.375,25.333635,35.880001,8052200
2011-09-01,35.599998,36.200001,34.299999,24.507535999999998,34.709998999999996,2826100
2011-09-02,33.82,34.919998,33.360001000000004,24.013296,34.009997999999996,3420300
2011-09-06,32.93,35.040001000000004,32.93,24.655811,34.919998,2702000
2011-09-07,35.540001000000004,38.099998,35.540001000000004,26.187973,37.09,5385600
2011-09-08,37.119999,38.220001,36.119999,25.806698,36.549999,4113800
2011-09-09,36.02,36.52,34.639998999999996,24.726429,35.02,2920200
2011-09-12,34.529999,34.810001,33.669998,24.479292,34.669998,3168400
2011-09-13,34.830002,35.290001000000004,32.07,23.173071,32.82,5537200
2011-09-14,33.0,33.299999,31.41,23.192898,32.759997999999996,5038700
2011-09-15,33.279999,34.32,32.299999,23.384048,33.029999,4263900
2011-09-16,33.02,33.459998999999996,32.669998,23.638914,33.389998999999996,4226400
2011-09-19,32.529999,32.75,31.51,22.690248,32.049999,3337000
2011-09-20,32.240002000000004,32.650002,30.65,21.713257000000002,30.67,4591400
2011-09-21,30.870001000000002,31.389999,29.58,20.984047,29.639999,3918700
2011-09-22,28.65,28.65,26.219998999999998,19.093788,26.969998999999998,5852800
2011-09-23,26.83,27.610001,26.67,19.313251,27.280001000000002,3185300
2011-09-26,27.389999,28.549999,26.75,20.169889,28.49,7177500
2011-09-27,29.17,29.91,27.780001000000002,19.808828,27.98,4130400
2011-09-28,28.23,29.24,27.0,19.164583,27.07,3817800
2011-09-29,27.67,27.870001000000002,24.25,18.116796,25.59,6952800
2011-09-30,25.190001000000002,26.68,24.709999,18.562815,26.219998999999998,4942100
2011-10-03,26.059998999999998,27.33,25.02,17.897335,25.280001000000002,6388400
2011-10-04,24.92,26.379998999999998,24.290001,18.647772,26.34,4008600
2011-10-05,26.219998999999998,28.030001000000002,25.870001000000002,19.667238,27.780001000000002,3157000
2011-10-06,27.48,30.02,26.780001000000002,21.118565,29.83,4746900
2011-10-07,29.92,30.049999,28.02,19.992903,28.24,3063200
2011-10-10,28.950001,31.030001000000002,28.950001,21.578737,30.48,3282700
2011-10-11,30.299999,31.610001,29.950001,22.23715,31.41,2403100
2011-10-12,31.790001,31.9,30.83,22.074314,31.18,2642200
2011-10-13,31.07,32.189999,30.940001000000002,22.683163,32.040001000000004,2882200
2011-10-14,33.73,34.82,33.400002,24.509706,34.619999,4837700
2011-10-17,34.669998,35.0,32.669998,23.426527,33.09,3492700
2011-10-18,33.07,34.709998999999996,31.52,24.36104,34.41,3474000
2011-10-19,34.439999,34.77,32.419998,23.355732,32.990002000000004,2862400
2011-10-20,32.77,33.52,31.559998999999998,23.511484,33.209998999999996,3274200
2011-10-21,33.790001000000004,33.950001,32.990002000000004,23.738031,33.529999,1627800
2011-10-24,34.07,34.299999,31.780001000000002,23.037149,32.540001000000004,3784600
2011-10-25,30.82,30.83,28.120001000000002,20.254852,28.610001,7754700
2011-10-26,29.809998999999998,30.6,29.09,21.500866000000002,30.370001000000002,3682700
2011-10-27,31.4,32.459998999999996,30.68,22.732725,32.110001000000004,3379400
2011-10-28,32.16,32.389998999999996,31.299999,22.555731,31.860001,1469600
2011-10-31,31.58,31.59,30.49,21.727415,30.690001000000002,2987400
2011-11-01,29.790001,31.030001000000002,29.4,21.571661,30.469998999999998,4142900
2011-11-02,31.17,31.799999,30.559998999999998,22.3575,31.58,2000800
2011-11-03,31.809998999999998,33.040001000000004,31.23,23.086706,32.610001000000004,3055600
2011-11-04,32.490002000000004,33.540001000000004,31.84,23.638914,33.389998999999996,2162100
2011-11-07,33.849998,34.23,32.77,23.561042999999998,33.279999,3628700
2011-11-08,33.869999,33.869999,32.040001000000004,23.058384,32.57,3251800
2011-11-09,31.91,32.060001,30.25,21.571661,30.469998999999998,5386600
2011-11-10,31.030001000000002,31.32,27.84,21.076088000000002,29.77,8689000
2011-11-11,30.82,30.870001000000002,28.059998999999998,20.155732999999998,28.469998999999998,6535000
2011-11-14,27.540001,28.309998999999998,27.0,19.469007,27.5,7907100
2011-11-15,28.040001,28.6,27.43,19.525646,27.58,6579400
2011-11-16,25.34,26.4,24.309998999999998,17.571665,24.82,15326200
2011-11-17,25.26,25.26,23.75,16.941572,23.93,7347000
2011-11-18,24.25,24.67,23.68,17.26016,24.379998999999998,4270300
2011-11-21,23.98,24.9,23.5,17.111488,24.17,4438800
2011-11-22,24.549999,24.66,23.049999,17.019457,24.040001,4791200
2011-11-23,23.629998999999998,23.879998999999998,22.4,15.858386999999999,22.4,4337000
2011-11-25,21.780001000000002,22.360001,21.629998999999998,15.742535,21.74,1037800
2011-11-28,22.82,22.99,22.290001,16.292868,22.5,2681400
2011-11-29,22.5,22.84,22.09,16.387007,22.629998999999998,3379500
2011-11-30,23.42,23.83,22.719998999999998,16.83597,23.25,3700700
2011-12-01,23.26,23.780001000000002,23.23,16.966301,23.43,2447200
2011-12-02,24.23,25.059998999999998,24.1,17.7194,24.469998999999998,4373100
2011-12-05,25.030001000000002,25.139999,23.77,17.321129,23.92,3836300
2011-12-06,23.860001,24.07,23.27,17.06044,23.559998999999998,3886800
2011-12-07,23.41,23.549999,23.0,16.88665,23.32,2550200
2011-12-08,23.18,23.25,21.809998999999998,15.977598,21.969998999999998,3476200
2011-12-09,22.190001000000002,23.02,22.040001,16.675753,22.93,3150300
2011-12-12,22.65,22.66,21.719998999999998,16.152134,22.209999,2900600
2011-12-13,22.360001,22.530001000000002,21.549999,15.853963,21.799999,2800500
2011-12-14,21.65,22.02,21.129998999999998,15.912146,21.879998999999998,3432500
2011-12-15,22.129998999999998,22.280001000000002,21.59,15.948504999999999,21.93,4358200
2011-12-16,22.34,23.190001000000002,22.200001,16.370312,22.51,6223300
2011-12-19,22.309998999999998,22.49,21.780001000000002,15.955777,21.940001000000002,2643400
2011-12-20,22.34,22.719998999999998,22.139999,16.435760000000002,22.6,2524600
2011-12-21,22.459999,22.809998999999998,22.07,16.552114000000003,22.76,1922700
2011-12-22,22.68,23.219998999999998,22.68,16.79211,23.09,5540800
2011-12-23,23.27,23.34,22.85,16.973919,23.34,1148100
2011-12-27,23.35,23.74,22.809998999999998,17.221189000000003,23.68,1549200
2011-12-28,23.77,24.0,22.84,16.770288,23.059998999999998,2294700
2011-12-29,23.040001,23.299999,22.75,16.872107,23.200001,1447900
2011-12-30,23.23,23.51,23.049999,17.017554999999998,23.4,1628000
2012-01-03,24.01,25.4,23.959999,18.355694,25.24,4225800
2012-01-04,25.4,26.309998999999998,24.879998999999998,18.959303,26.07,7134200
2012-01-05,25.1,26.17,24.75,18.915672,26.01,6053600
2012-01-06,26.07,26.93,25.77,19.504738,26.82,3854200
2012-01-09,26.76,26.809998999999998,25.73,18.821127,25.879998999999998,3642200
2012-01-10,26.32,26.5,25.85,18.952032,26.059998999999998,2383400
2012-01-11,25.84,26.549999,25.780001000000002,19.221113,26.43,2555200
2012-01-12,26.440001000000002,27.15,26.209999,19.497467,26.809998999999998,2809000
2012-01-13,26.58,27.549999,26.5,19.861095000000002,27.309998999999998,3117700
2012-01-17,27.65,27.950001,27.5,20.181074,27.75,2610500
2012-01-18,27.84,28.26,27.610001,20.391981,28.040001,3681900
2012-01-19,28.27,28.299999,27.309998999999998,20.413795,28.07,2487600
2012-01-20,28.049999,28.49,27.879998999999998,20.486521,28.17,1829600
2012-01-23,28.26,28.91,28.200001,20.908323,28.75,2475100
2012-01-24,28.52,28.83,28.280001000000002,20.944685,28.799999,2523400
2012-01-25,28.83,29.5,28.58,21.344667,29.35,2292900
2012-01-26,29.620001000000002,29.620001000000002,28.17,21.017408,28.9,3122600
2012-01-27,28.889999,30.030001000000002,28.809998999999998,21.628296,29.74,2879800
2012-01-30,29.35,30.02,29.049999,21.751926,29.91,2276100
2012-01-31,30.139999,30.15,29.23,21.337398999999998,29.34,3290400
2012-02-01,29.700001,30.530001000000002,29.700001,22.12282,30.42,3324900
2012-02-02,30.58,31.66,30.450001,22.922794,31.52,4297800
2012-02-03,32.080002,32.779999,32.0,23.584589,32.43,4673100
2012-02-06,32.389998999999996,32.970001,32.110001000000004,23.860939000000002,32.810001,3013000
2012-02-07,32.830002,33.48,32.060001,24.108207999999998,33.150002,4894900
2012-02-08,33.299999,34.509997999999996,32.93,25.075449,34.48,5403700
2012-02-09,34.59,34.669998,33.639998999999996,24.908175,34.25,4048000
2012-02-10,33.799999,34.07,33.349998,24.435467000000003,33.599998,2924600
2012-02-13,34.049999,34.279999,32.400002,23.65004,32.52,4934500
2012-02-14,33.130001,34.240002000000004,32.75,24.799086,34.099998,5275400
2012-02-15,34.439999,34.599998,33.869999,24.762726,34.049999,4196300
2012-02-16,34.009997999999996,35.700001,33.529999,25.053623,34.450001,4139100
2012-02-17,34.59,34.740002000000004,33.02,24.151842000000002,33.209998999999996,3756600
2012-02-21,33.549999,34.720001,33.549999,25.002717999999998,34.380001,3543300
2012-02-22,34.5,35.669998,34.25,25.657238,35.279999,4585600
2012-02-23,35.349998,35.580002,34.650002,25.599056,35.200001,2719600
2012-02-24,35.310001,35.360001000000004,33.82,24.646364000000002,33.889998999999996,3259200
2012-02-27,33.650002,34.09,33.080002,24.100931,33.139998999999996,6947200
2012-02-28,33.080002,33.080002,30.98,23.170054999999998,31.860001,8419900
2012-02-29,32.139998999999996,33.369999,32.029999,23.730036,32.630001,4406200
2012-03-01,32.52,33.880001,31.879998999999998,24.815729,33.599998,4165700
2012-03-02,33.389998999999996,33.849998,33.0,24.579386,33.279999,4406200
2012-03-05,33.27,34.25,32.849998,25.214554,34.139998999999996,4758500
2012-03-06,33.610001000000004,33.619999,32.75,24.424284,33.07,2715200
2012-03-07,33.220001,34.07,32.700001,24.660629,33.389998999999996,4434000
2012-03-08,33.82,35.509997999999996,33.650002,26.115599,35.360001000000004,4119600
2012-03-09,35.419998,36.150002,34.790001000000004,26.499645,35.880001,3790000
2012-03-12,35.950001,35.959998999999996,35.189999,26.219003999999998,35.5,1618900
2012-03-13,35.799999,36.450001,35.599998,26.551352,35.950001,2948400
2012-03-14,36.139998999999996,36.34,34.82,26.055132,35.18,3659200
2012-03-15,35.240002000000004,35.689999,34.630001,26.077341,35.209998999999996,3452200
2012-03-16,35.400002,36.0,35.049999,26.610598,35.93,3753800
2012-03-19,35.790001000000004,36.43,35.400002,26.655037,35.990002000000004,2632300
2012-03-20,35.5,35.830002,35.009997999999996,26.388412,35.630001,3240300
2012-03-21,35.630001,35.900002,34.849998,25.840349,34.889998999999996,2146600
2012-03-22,34.48,34.689999,33.639998999999996,25.144163,33.950001,3073800
2012-03-23,33.959998999999996,34.689999,33.91,25.514471,34.450001,3339000
2012-03-26,34.259997999999996,34.73,33.849998,25.2997,34.16,2362200
2012-03-27,34.040001000000004,34.080002,32.720001,24.707199,33.360001000000004,4385200
2012-03-28,33.299999,33.310001,31.9,23.85548,32.209998999999996,3742000
2012-03-29,31.49,32.169998,31.08,23.714762,32.02,4774800
2012-03-30,32.330002,32.599998,31.700001,23.811039,32.150002,2854300
2012-04-02,32.0,32.709998999999996,31.41,23.877703,32.240002000000004,2762100
2012-04-03,32.32,32.759997999999996,31.719998999999998,24.092472,32.529999,4267000
2012-04-04,32.299999,33.110001000000004,31.879998999999998,23.988792,32.389998999999996,3976000
2012-04-05,32.189999,32.669998,30.83,23.314825,31.48,4378700
2012-04-09,31.1,31.75,30.68,23.359258999999998,31.540001,2083300
2012-04-10,31.41,31.469998999999998,29.389999,21.907644,29.58,5071400
2012-04-11,30.059998999999998,30.25,29.459999,21.900234,29.57,4416500
2012-04-12,29.74,31.110001,29.65,22.603823000000002,30.52,2567600
2012-04-13,30.469998999999998,30.65,29.99,22.248322,30.040001,4687100
2012-04-16,30.32,30.32,28.290001,21.018887,28.379998999999998,5099700
2012-04-17,28.67,29.0,28.299999,21.307732,28.77,3557900
2012-04-18,28.6,29.32,28.440001000000002,21.648418,29.23,3004300
2012-04-19,29.299999,30.26,29.25,22.374230999999998,30.209999,4800300
2012-04-20,30.309998999999998,30.459999,29.68,22.03355,29.75,3590500
2012-04-23,29.299999,30.030001000000002,28.959999,22.2187,30.0,2804800
2012-04-24,29.950001,30.24,29.709999,22.055771,29.780001000000002,2198000
2012-04-25,30.1,30.200001,29.299999,22.181675,29.950001,2670400
2012-04-26,29.91,30.77,29.76,22.685291,30.629998999999998,2176400
2012-04-27,30.940001000000002,31.91,30.799999,23.477762,31.700001,3760700
2012-04-30,32.130001,32.150002,30.459999,22.826014,30.82,3406800
2012-05-01,30.91,31.43,30.52,22.648264,30.58,2816300
2012-05-02,30.440001000000002,30.66,30.02,22.670486,30.610001,2509800
2012-05-03,30.6,30.809998999999998,29.92,22.418669,30.27,3637900
2012-05-04,29.889999,30.200001,29.280001000000002,21.855795,29.51,3539400
2012-05-07,29.209999,29.43,28.5,21.241081,28.68,3860400
2012-05-08,28.52,29.24,28.23,21.618792000000003,29.190001000000002,3585900
2012-05-09,28.709999,30.190001000000002,28.450001,22.300171,30.110001,3251200
2012-05-10,30.299999,30.6,29.98,22.426079,30.280001000000002,2186000
2012-05-11,29.98,30.75,29.73,22.107609,29.85,2651200
2012-05-14,29.4,29.549999,28.43,21.404016,28.9,3893300
2012-05-15,28.92,29.67,28.049999,21.004082,28.360001,3638700
2012-05-16,28.4,29.950001,28.4,21.900234,29.57,4093900
2012-05-17,29.639999,30.09,29.049999,21.529923999999998,29.07,3232300
2012-05-18,29.23,29.6,28.08,20.885576,28.200001,3820700
2012-05-21,28.32,30.540001,28.219998999999998,22.381638,30.219998999999998,3872900
2012-05-22,30.309998999999998,30.67,29.049999,21.840984,29.49,10294300
2012-05-23,29.24,30.549999,29.0,22.589018,30.5,2878000
2012-05-24,30.16,30.469998999999998,29.860001,22.739607,30.200001,3407400
2012-05-25,30.26,30.690001000000002,29.98,22.845018,30.34,2785200
2012-05-29,30.67,30.940001000000002,30.049999,22.837494,30.33,3756300
2012-05-30,30.0,30.709999,29.27,22.875141,30.379998999999998,3073900
2012-05-31,30.32,30.469998999999998,29.120001000000002,22.197474,29.48,9458800
2012-06-01,28.870001000000002,30.08,28.870001000000002,22.348064,29.68,3758500
2012-06-04,29.57,30.07,28.299999,21.512272,28.57,4196000
2012-06-05,28.48,29.950001,28.299999,22.40077,29.75,3002500
2012-06-06,30.02,31.08,30.0,23.379627,31.049999,2872400
2012-06-07,31.52,32.240002000000004,30.66,23.153736,30.75,2598900
2012-06-08,30.440001000000002,31.5,30.18,23.721231,31.35,2835800
2012-06-11,31.75,31.889999,30.799999,23.471539,31.02,3847100
2012-06-12,31.57,32.509997999999996,31.49,24.122259,31.879998999999998,4660100
2012-06-13,31.76,32.290001000000004,31.440001000000002,23.986067000000002,31.700001,2003300
2012-06-14,31.83,32.400002,31.5,24.258460999999997,32.060001,2276300
2012-06-15,32.040001000000004,32.860001000000004,31.9,24.659485,32.59,2550200
2012-06-18,32.150002,33.189999,31.76,24.455192999999998,32.32,3464200
2012-06-19,32.59,33.689999,32.369999,25.370743,33.529999,3658700
2012-06-20,33.630001,34.490002000000004,33.419998,25.476681,33.669998,3966300
2012-06-21,33.77,33.799999,31.68,24.061728,31.799999,5086500
2012-06-22,32.110001000000004,33.029999,31.809998999999998,24.644351999999998,32.57,7147300
2012-06-25,32.110001000000004,32.740002000000004,31.85,24.424920999999998,32.279999,2335300
2012-06-26,32.389998999999996,33.07,32.220001,24.750284,32.709998999999996,2387100
2012-06-27,32.889998999999996,33.77,32.279999,25.42371,33.599998,2762800
2012-06-28,33.25,34.200001,33.220001,25.718815,33.990002000000004,3241800
2012-06-29,34.990002000000004,36.099998,34.990002000000004,26.808395,35.43,5951800
2012-07-02,35.720001,36.0,35.16,27.005127,35.689999,3599400
2012-07-03,36.150002,37.310001,36.0,27.97366,36.970001,2814300
2012-07-05,36.959998999999996,37.240002000000004,36.110001000000004,27.76935,36.700001,2891600
2012-07-06,36.189999,36.849998,36.150002,27.565063000000002,36.43,1631500
2012-07-09,36.400002,36.700001,36.009997999999996,27.549919,36.41,2149400
2012-07-10,36.75,36.75,35.349998,26.997559000000003,35.68,2163900
2012-07-11,35.75,36.389998999999996,35.389998999999996,27.035393,35.73,2793600
2012-07-12,35.279999,36.189999,35.0,27.277527000000003,36.049999,2505200
2012-07-13,36.060001,37.060001,36.060001,27.897985,36.869999,2453400
2012-07-16,36.889998999999996,37.459998999999996,36.689999,28.28388,37.380001,1546300
2012-07-17,37.549999,38.400002,37.349998,28.639503,37.849998,2448700
2012-07-18,37.849998,38.290001000000004,37.66,28.548708,37.73,2476600
2012-07-19,38.049999,38.060001,36.240002000000004,27.648293,36.540001000000004,3165700
2012-07-20,36.049999,36.720001,35.700001,27.338062,36.130001,2291700
2012-07-23,35.540001000000004,35.790001000000004,34.669998,26.899199,35.549999,3184800
2012-07-24,35.290001000000004,35.349998,34.009997999999996,26.097143,34.490002000000004,2175400
2012-07-25,34.560001,34.689999,33.919998,26.134970000000003,34.540001000000004,2092900
2012-07-26,34.810001,35.360001000000004,34.209998999999996,26.626806,35.189999,2604800
2012-07-27,35.43,36.849998,35.150002,27.565063000000002,36.43,2367400
2012-07-30,36.400002,37.130001,36.23,27.905541999999997,36.880001,2108600
2012-07-31,36.639998999999996,37.580002,36.639998999999996,28.291443,37.389998999999996,2152200
2012-08-01,37.619999,37.900002,34.5,28.109846,37.150002,8327300
2012-08-02,36.869999,38.0,36.599998,28.17795,37.240002000000004,3759700
2012-08-03,38.02,38.650002,37.259997999999996,29.063247999999998,38.41,2230500
2012-08-06,38.830002,39.990002000000004,38.759997999999996,29.812338,39.400002,3353600
2012-08-07,39.869999,40.200001,39.169998,29.827456,39.419998,2941800
2012-08-08,39.419998,39.869999,38.919998,29.661001000000002,39.200001,3218500
2012-08-09,39.200001,39.509997999999996,38.790001000000004,29.509674,39.0,3057600
2012-08-10,38.700001,38.779999,38.0,29.116201,38.48,2193100
2012-08-13,38.59,39.790001000000004,38.32,29.956087,39.59,2048200
2012-08-14,39.790001000000004,40.970001,39.77,30.508459000000002,40.32,4723200
2012-08-15,40.32,40.450001,39.75,30.205790000000004,39.919998,2051400
2012-08-16,40.029999,40.57,39.41,30.644663,40.5,1801500
2012-08-17,40.5,40.619999,39.77,30.167957,39.869999,3180700
2012-08-20,39.970001,40.290001000000004,39.650002,30.319296,40.07,1834800
2012-08-21,40.490002000000004,40.720001,39.66,30.167957,39.869999,1651000
2012-08-22,39.709998999999996,40.0,39.279999,30.099860999999997,39.779999,1378200
2012-08-23,39.459998999999996,39.459998999999996,38.040001000000004,29.716721000000003,38.779999,2262200
2012-08-24,38.700001,39.279999,38.330002,29.877626,38.990002000000004,1126100
2012-08-27,39.279999,40.310001,39.139998999999996,30.628596999999996,39.970001,2374000
2012-08-28,39.900002,40.869999,39.900002,30.950439000000003,40.389998999999996,2783600
2012-08-29,40.5,40.5,39.68,30.551972999999997,39.869999,1600700
2012-08-30,39.5,40.599998,39.48,30.942781,40.380001,2021700
2012-08-31,40.610001000000004,40.68,39.560001,30.87381,40.290001000000004,2296300
2012-09-04,40.459998999999996,40.560001,39.299999,30.728209999999997,40.099998,2252600
2012-09-05,40.220001,40.389998999999996,39.139998999999996,30.046219,39.209998999999996,2307000
2012-09-06,39.419998,40.310001,39.169998,30.323142999999998,39.419998,3184600
2012-09-07,39.389998999999996,40.130001,39.389998999999996,30.407757,39.529999,2366700
2012-09-10,39.639998999999996,40.040001000000004,39.43,30.43853,39.57,2372000
2012-09-11,39.869999,40.369999,39.610001000000004,30.784683,40.02,2822200
2012-09-12,40.349998,40.790001000000004,39.889998999999996,30.7693,40.0,3053200
2012-09-13,39.93,40.080002,38.790001000000004,30.576994,39.75,3445600
2012-09-14,40.59,42.0,40.400002,32.284679,41.970001,3728100
2012-09-17,41.84,41.939999,41.07,31.761604,41.290001000000004,5802700
2012-09-18,41.110001000000004,41.200001,40.0,31.046217,40.360001000000004,4239400
2012-09-19,40.279999,41.169998,40.259997999999996,31.192371,40.549999,2164300
2012-09-20,40.400002,42.330002,40.189999,32.238537,41.91,3781500
2012-09-21,41.869999,42.169998,41.529999,32.40202,41.619999,3463000
2012-09-24,41.540001000000004,41.689999,40.84,31.919340000000002,41.0,1633900
2012-09-25,41.200001,41.580002,40.240002000000004,31.389947999999997,40.32,2599300
2012-09-26,40.400002,40.66,39.400002,31.249803999999997,40.139998999999996,3117000
2012-09-27,40.189999,41.389998999999996,40.110001000000004,32.160683,41.310001,3010400
2012-09-28,41.139998999999996,41.599998,40.810001,32.129543,41.27,1846700
2012-10-01,41.810001,41.939999,40.98,32.28524,41.470001,2674000
2012-10-02,41.84,42.029999,40.459998999999996,31.755844,40.790001000000004,4643700
2012-10-03,40.759997999999996,40.869999,39.279999,30.642567,39.360001000000004,3433100
2012-10-04,39.150002,40.07,38.669998,31.148598,40.009997999999996,3387300
2012-10-05,40.400002,41.040001000000004,40.209998999999996,31.514511,40.48,4252000
2012-10-08,40.200001,41.009997999999996,39.610001000000004,31.133035999999997,39.990002000000004,2354800
2012-10-09,40.169998,40.540001000000004,39.32,30.658140000000003,39.380001,1411600
2012-10-10,39.330002,39.709998999999996,37.639998999999996,29.52928,37.93,3637400
2012-10-11,38.599998,38.91,37.66,29.576002000000003,37.990002000000004,2085900
2012-10-12,37.459998999999996,37.869999,36.860001000000004,29.093309,37.369999,2947100
2012-10-15,37.27,37.869999,36.849998,29.069952,37.34,2453500
2012-10-16,37.75,38.029999,37.439999,29.521496000000003,37.919998,2455100
2012-10-17,38.049999,38.639998999999996,37.869999,29.895190999999997,38.400002,1902900
2012-10-18,38.290001000000004,38.57,38.060001,29.996387,38.529999,1794500
2012-10-19,38.43,39.060001,38.02,29.723913,38.18,1680900
2012-10-22,38.189999,38.740002000000004,37.560001,29.607134000000002,38.029999,1966100
2012-10-23,37.439999,37.450001,36.220001,28.867534999999997,37.080002,5371400
2012-10-24,37.209998999999996,37.75,36.529999,28.68848,36.849998,2530900
2012-10-25,37.240002000000004,37.73,37.110001000000004,29.373587,37.73,2007000
2012-10-26,37.709998999999996,39.16,37.709998999999996,30.276659000000002,38.889998999999996,2448000
2012-10-31,38.889998999999996,38.889998999999996,37.799999,30.074245,38.630001,2407900
2012-11-01,38.470001,39.139998999999996,37.650002,30.004175,38.540001000000004,2930400
2012-11-02,38.900002,39.099998,37.599998,29.365788000000002,37.720001,3798200
2012-11-05,37.959998999999996,39.049999,37.959998999999996,30.300010999999998,38.919998,2314900
2012-11-06,39.169998,40.900002,39.009997999999996,31.2031,40.080002,3771600
2012-11-07,40.93,41.419998,39.34,31.631290000000003,40.630001,3761400
2012-11-08,40.27,41.490002000000004,40.27,31.483376,40.439999,2315300
2012-11-09,40.77,41.290001000000004,40.349998,31.724718,40.75,2051100
2012-11-12,40.84,41.830002,40.84,32.207390000000004,41.369999,2304400
2012-11-13,40.889998999999996,41.700001,40.450001,32.593544,41.360001000000004,2542200
2012-11-14,41.360001000000004,42.009997999999996,41.279999,32.845711,41.68,3132300
2012-11-15,41.490002000000004,42.290001000000004,41.450001,32.916637,41.77,3711400
2012-11-16,42.259997999999996,42.650002,41.790001000000004,33.539192,42.560001,3431200
2012-11-19,43.09,44.040001000000004,43.09,34.342999,43.580002,3019800
2012-11-20,43.610001000000004,44.34,43.27,34.729141,44.07,2387800
2012-11-21,44.25,44.66,44.0,35.146786,44.599998,1762600
2012-11-23,44.950001,45.799999,44.720001,35.840271,45.48,1322400
2012-11-26,45.299999,45.400002,44.689999,35.312290000000004,44.810001,3465200
2012-11-27,44.919998,45.200001,44.259997999999996,35.383209,44.900002,2865700
2012-11-28,44.5,45.220001,44.09,35.611748,45.189999,1994900
2012-11-29,45.5,45.740002000000004,44.889998999999996,35.651154,45.240002000000004,2102000
2012-11-30,45.419998,45.560001,45.029999,35.722069,45.330002,2759800
2012-12-03,45.599998,45.689999,44.939999,35.737831,45.349998,2502600
2012-12-04,45.349998,45.84,45.049999,35.564468,45.130001,2098100
2012-12-05,45.099998,45.490002000000004,43.25,34.098698,43.27,3109500
2012-12-06,43.169998,43.650002,42.68,34.407463,43.459998999999996,2967300
2012-12-07,43.810001,43.91,42.990002000000004,34.549969,43.639998999999996,2861800
2012-12-10,43.68,44.18,43.639998999999996,34.747894,43.889998999999996,2537700
2012-12-11,44.330002,45.560001,44.080002,35.73753,45.139998999999996,3229400
2012-12-12,45.43,45.869999,45.02,35.959198,45.419998,2044500
2012-12-13,45.419998,45.52,44.310001,35.808777,45.23,2140000
2012-12-14,45.099998,46.860001000000004,44.970001,36.893414,46.599998,2343100
2012-12-17,46.57,46.900002,45.75,36.624229,46.259997999999996,2553900
2012-12-18,46.509997999999996,46.849998,46.27,36.869663,46.57,2030800
2012-12-19,46.709998999999996,46.970001,46.009997999999996,36.671745,46.32,2725900
2012-12-20,46.369999,47.389998999999996,46.369999,37.510940999999995,47.380001,1796600
2012-12-21,46.709998999999996,47.09,46.029999,37.281345,47.09,4533000
2012-12-24,46.669998,47.130001,46.209998999999996,36.695484,46.349998,826500
2012-12-26,46.529999,47.040001000000004,46.099998,36.497566,46.099998,1093800
2012-12-27,46.23,46.450001,44.860001000000004,36.204632000000004,45.73,1552000
2012-12-28,45.560001,45.59,44.619999,35.436684,44.759997999999996,1547300
2012-12-31,44.830002,46.849998,44.509997999999996,36.853825,46.549999,1867400
2013-01-02,47.689999,47.900002,45.759997999999996,36.901337,46.610001000000004,3514300
2013-01-03,46.52,46.57,44.380001,35.270424,44.549999,4044200
2013-01-04,44.77,44.990002000000004,43.52,35.11208,44.349998,3190300
2013-01-07,44.16,44.52,42.759997999999996,33.972027000000004,42.91,4739400
2013-01-08,42.91,43.610001000000004,42.91,34.454966999999996,43.52,3039800
2013-01-09,43.75,44.09,43.259997999999996,34.629139,43.740002000000004,2964800
2013-01-10,44.150002,44.540001000000004,43.700001,35.183334,44.439999,3475500
2013-01-11,44.34,44.68,44.0,35.365429,44.669998,3439300
2013-01-14,44.700001,45.98,44.490002000000004,36.275890000000004,45.82,3201400
2013-01-15,45.650002,46.869999,45.630001,36.703403,46.360001000000004,3627500
2013-01-16,46.330002,47.299999,45.669998,36.703403,46.360001000000004,3923500
2013-01-17,46.57,46.740002000000004,45.259997999999996,35.998795,45.470001,3164200
2013-01-18,45.470001,45.580002,43.560001,35.040828999999995,44.259997999999996,4418800
2013-01-22,44.369999,44.740002000000004,44.0,35.080418,44.310001,3183700
2013-01-23,44.41,46.740002000000004,44.240002000000004,36.339218,45.900002,4994800
2013-01-24,45.59,47.200001,45.200001,37.059673,46.810001,3252200
2013-01-25,46.860001000000004,47.349998,46.700001,37.423862,47.27,2406900
2013-01-28,47.299999,48.200001,46.779999,37.962208000000004,47.950001,1992700
2013-01-29,49.169998,50.799999,48.720001,39.981064,50.5,4267800
2013-01-30,51.0,51.200001,49.93,39.870224,50.360001000000004,2238600
2013-01-31,50.34,52.5,50.130001,41.342789,52.220001,4441600
2013-02-01,52.790001000000004,53.77,52.259997999999996,41.778244,52.77,3632000
2013-02-04,52.419998,53.68,52.150002,42.031574,53.09,2635400
2013-02-05,53.240002000000004,54.5,53.240002000000004,42.981632,54.290001000000004,3206200
2013-02-06,54.099998,54.490002000000004,53.130001,42.601603999999995,53.810001,3084900
2013-02-07,53.950001,55.060001,53.459998999999996,43.195381,54.560001,4150100
2013-02-08,54.75,56.259997999999996,54.689999,44.541275,56.259997999999996,3248100
2013-02-11,56.549999,57.07,56.060001,44.454197,56.150002,3564300
2013-02-12,56.049999,56.189999,54.43,43.797077,55.32,3710900
2013-02-13,55.5,56.220001,55.330002,44.438358,56.130001,2020100
2013-02-14,56.009997999999996,56.75,55.59,44.77879,56.560001,2041300
2013-02-15,56.380001,56.450001,54.970001,43.979164000000004,55.549999,3023800
2013-02-19,55.599998,56.490002000000004,55.549999,44.588778999999995,56.32,2224300
2013-02-20,55.779999,56.220001,53.650002,42.530346,53.720001,4033400
2013-02-21,53.700001,55.150002,52.02,43.147884000000005,54.5,4995600
2013-02-22,54.98,55.580002,54.27,43.939594,55.5,1965000
2013-02-25,56.0,56.470001,54.57,43.227043,54.599998,3237600
2013-02-26,53.560001,54.5,51.700001,42.989532000000004,54.299999,7524800
2013-02-27,54.240002000000004,56.509997999999996,53.939999,44.090004,55.689999,5608400
2013-02-28,55.849998,56.689999,55.619999,44.493771,56.200001,3458500
2013-03-01,55.57,57.290001000000004,54.650002,45.492298,56.950001,4444400
2013-03-04,57.060001,58.48,56.639998999999996,46.674526,58.43,4098300
2013-03-05,58.98,59.200001,57.25,46.147312,57.77,2599200
2013-03-06,58.209998999999996,59.0,57.560001,46.458851,58.16,1943700
2013-03-07,58.490002000000004,58.490002000000004,56.029999,45.396439,56.830002,4647800
2013-03-08,57.200001,57.43,55.689999,44.805309,56.09,4540800
2013-03-11,55.939999,55.939999,54.220001,43.58313,54.560001,4481500
2013-03-12,54.48,55.080002,54.130001,43.886681,54.939999,4405700
2013-03-13,53.41,54.369999,51.75,41.846554,52.099998,9850000
2013-03-14,52.330002,52.889998999999996,51.880001,42.151779,52.48,4379900
2013-03-15,52.599998,53.380001,52.43,42.497147,52.91,3434200
2013-03-18,52.209998999999996,53.689999,52.110001000000004,42.657803,53.110001000000004,2441400
2013-03-19,53.080002,53.18,50.799999,41.155811,51.240002000000004,3673800
2013-03-20,51.700001,53.099998,51.27,42.505177,52.919998,3116800
2013-03-21,52.580002,53.139998999999996,51.560001,41.65379,51.860001000000004,2208900
2013-03-22,52.080002,52.82,51.52,41.428898,51.580002,3008800
2013-03-25,51.880001,52.619999,50.27,40.497181,50.419998,4424900
2013-03-26,50.700001,51.740002000000004,50.290001000000004,41.356613,51.490002000000004,2907800
2013-03-27,51.34,51.75,50.34,41.404793,51.549999,3004600
2013-03-28,51.720001,52.419998,51.27,41.324474,51.450001,2941200
2013-04-01,51.470001,51.720001,50.509997999999996,41.236126,51.34,2444300
2013-04-02,51.43,51.619999,49.150002,39.653828000000004,49.369999,4354700
2013-04-03,49.290001000000004,49.5,45.889998999999996,38.344623999999996,47.740002000000004,8359100
2013-04-04,47.369999,48.939999,46.799999,38.754253000000006,48.25,3734200
2013-04-05,47.34,48.490002000000004,46.830002,38.328556,47.720001,2732300
2013-04-08,48.009997999999996,49.049999,47.09,39.396805,49.049999,3027600
2013-04-09,48.91,49.939999,48.330002,39.220108,48.830002,3483400
2013-04-10,49.380001,49.450001,48.470001,38.995213,48.549999,2897700
2013-04-11,48.540001000000004,48.549999,46.150002,37.316528000000005,46.459998999999996,4314800
2013-04-12,46.060001,46.990002000000004,45.52,37.613716,46.830002,3306600
2013-04-15,46.09,46.43,45.25,36.866741,45.900002,4608300
2013-04-16,46.389998999999996,48.220001,46.25,38.200043,47.560001,4397000
2013-04-17,46.959998999999996,47.25,46.02,37.653873,46.880001,3734100
2013-04-18,47.759997999999996,48.790001000000004,47.259997999999996,38.955048,48.5,4095400
2013-04-19,48.599998,50.41,48.18,40.095589000000004,49.919998,4220200
2013-04-22,50.009997999999996,50.549999,49.259997999999996,40.256226,50.119999,3474100
2013-04-23,50.299999,51.369999,50.200001,40.866657000000004,50.880001,2762000
2013-04-24,51.189999,52.869999,51.150002,41.798355,52.040001000000004,4373200
2013-04-25,52.459998999999996,52.5,50.360001000000004,40.786339,50.779999,6708100
2013-04-26,50.73,50.91,49.459998999999996,40.288353,50.16,2307300
2013-04-29,50.549999,51.09,49.860001000000004,40.344578000000006,50.23,2567500
2013-04-30,50.419998,50.849998,48.700001,39.718086,49.450001,4017700
2013-05-01,49.0,49.0,47.610001000000004,38.561493,48.009997999999996,4000600
2013-05-02,48.509997999999996,49.689999,48.119999,39.814476,49.57,2940400
2013-05-03,49.150002,50.950001,49.150002,40.529315999999994,50.459998999999996,2456400
2013-05-06,50.52,52.41,50.52,41.549377,51.73,4021800
2013-05-07,50.709998999999996,51.91,50.0,41.541348,51.720001,4898100
2013-05-08,51.490002000000004,51.990002000000004,49.849998,40.384743,50.279999,5390200
2013-05-09,50.09,50.18,48.610001000000004,39.726124,49.459998999999996,4492500
2013-05-10,48.919998,48.919998,47.650002,38.553447999999996,48.0,4546200
2013-05-13,47.900002,47.990002000000004,46.619999,38.135784,47.48,3150900
2013-05-14,47.48,48.16,47.18,38.143809999999995,47.490002000000004,2831000
2013-05-15,47.540001000000004,49.419998,47.540001000000004,38.898823,48.43,4601600
2013-05-16,48.639998999999996,49.029999,47.25,37.97514,47.279999,3877100
2013-05-17,47.32,49.650002,47.310001,39.629726,49.34,5240700
2013-05-20,49.470001,50.41,49.369999,40.071495,49.889998999999996,4058300
2013-05-21,50.060001,50.220001,48.77,39.204041,48.810001,3523900
2013-05-22,48.950001,49.77,48.509997999999996,39.798412,49.549999,4597700
2013-05-23,48.790001000000004,49.59,48.110001000000004,39.324512,48.959998999999996,3877500
2013-05-24,48.34,48.779999,47.599998,39.543617,48.73,1539500
2013-05-28,49.330002,50.360001000000004,49.09,40.306412,49.669998,2034000
2013-05-29,49.5,50.619999,49.130001,40.947479,50.459998999999996,3293200
2013-05-30,50.43,50.75,49.619999,40.606667,50.040001000000004,2387500
2013-05-31,50.0,50.849998,49.5,40.168468,49.5,2389600
2013-06-03,49.57,49.82,47.650002,39.089195000000004,48.169998,3203500
2013-06-04,48.0,48.349998,47.009997999999996,38.829514,47.849998,2308800
2013-06-05,47.59,48.049999,46.439999,38.123515999999995,46.98,2588300
2013-06-06,46.990002000000004,47.939999,46.860001000000004,38.780827,47.790001000000004,1509000
2013-06-07,47.950001,48.02,47.110001000000004,38.350735,47.259997999999996,1592900
2013-06-10,47.290001000000004,47.490002000000004,46.060001,37.844414,46.34,2745200
2013-06-11,45.59,45.75,45.080002,36.815403,45.080002,3312600
2013-06-12,45.549999,46.099998,45.139998999999996,36.970566,45.27,3044000
2013-06-13,45.09,45.98,44.52,37.248241,45.610001000000004,3009700
2013-06-14,45.540001000000004,45.75,45.110001000000004,36.905239,45.189999,1980500
2013-06-17,45.450001,45.709998999999996,44.48,36.480564,44.669998,3613400
2013-06-18,44.900002,45.220001,44.099998,36.145737,44.259997999999996,4701000
2013-06-19,44.43,45.169998,44.200001,36.113064,44.220001,3136800
2013-06-20,43.630001,43.669998,42.27,34.986069,42.84,3908700
2013-06-21,42.970001,43.169998,41.0,33.916225,41.529999,5371400
2013-06-24,41.189999,41.189999,39.959998999999996,33.262894,40.73,3265300
2013-06-25,41.169998,42.43,40.990002000000004,34.455231,42.189999,3855200
2013-06-26,42.450001,43.209998999999996,42.27,34.969734,42.82,2966700
2013-06-27,43.02,43.5,42.389998999999996,34.871735,42.700001,3653100
2013-06-28,42.700001,43.07,42.209998999999996,34.937053999999996,42.779999,3412500
2013-07-01,42.330002,42.82,40.5,33.271065,40.740002000000004,4370100
2013-07-02,40.66,41.0,39.919998,32.821896,40.189999,4457400
2013-07-03,39.93,40.689999,39.110001000000004,33.148563,40.59,2755700
2013-07-05,40.48,40.889998999999996,38.98,32.470734,39.759997999999996,3023400
2013-07-08,40.0,41.810001,39.91,33.924397,41.540001000000004,3724300
2013-07-09,41.720001,42.23,41.02,34.275566,41.970001,2762100
2013-07-10,41.889998999999996,42.209998999999996,40.029999,32.928065999999994,40.32,3284500
2013-07-11,40.950001,42.450001,40.700001,34.585899,42.349998,2742300
2013-07-12,41.82,44.049999,41.669998,35.149395,43.040001000000004,3469000
2013-07-15,43.209998999999996,43.560001,42.529999,34.757397,42.560001,2435000
2013-07-16,42.560001,42.91,41.450001,34.528728,42.279999,2783600
2013-07-17,42.41,42.650002,41.77,34.169395,41.84,1808600
2013-07-18,41.900002,42.240002000000004,40.939999,33.475231,40.990002000000004,2342400
2013-07-19,40.91,42.549999,40.610001000000004,34.643066,42.419998,3026000
2013-07-22,42.619999,43.25,42.07,35.239235,43.150002,2208500
2013-07-23,43.75,44.25,43.23,35.508724,43.48,2566400
2013-07-24,43.580002,43.720001,42.52,35.165726,43.060001,1473400
2013-07-25,43.060001,44.349998,42.700001,36.055908,44.150002,2122600
2013-07-26,44.09,44.459998999999996,43.490002000000004,36.227398,44.360001000000004,1446200
2013-07-29,45.119999,45.849998,44.860001000000004,37.256397,45.619999,3180400
2013-07-30,45.619999,45.82,44.419998,37.207405,45.560001,2832700
2013-07-31,45.68,45.860001000000004,44.860001000000004,37.199238,45.549999,2840900
2013-08-01,46.09,47.209998999999996,45.650002,37.819904,46.310001,4036800
2013-08-02,46.34,46.59,45.02,36.831738,45.099998,2722800
2013-08-05,45.16,45.279999,44.25,36.750071999999996,45.0,2711300
2013-08-06,45.169998,46.700001,45.0,37.501404,45.919998,4407500
2013-08-07,45.5,46.700001,44.130001,36.309071,44.459998999999996,5134400
2013-08-08,44.560001,45.599998,44.09,37.117577000000004,45.450001,3146000
2013-08-09,45.529999,45.849998,44.59,36.545895,44.75,2613900
2013-08-12,44.650002,45.330002,44.59,36.733738,44.98,1931800
2013-08-13,45.16,45.27,44.5,36.962406,45.259997999999996,3045500
2013-08-14,45.299999,45.900002,44.900002,37.223732,45.580002,1965500
2013-08-15,45.290001000000004,45.490002000000004,44.689999,36.701069,44.939999,2710100
2013-08-16,44.599998,44.68,43.860001000000004,36.260067,44.400002,2354100
2013-08-19,44.32,44.389998999999996,43.349998,35.819061,43.860001000000004,2993400
2013-08-20,43.759997999999996,46.130001,43.450001,37.468739,45.880001,2966800
2013-08-21,45.689999,46.150002,44.880001,37.460571,45.869999,2757700
2013-08-22,45.619999,46.139998999999996,44.98,37.815609,45.799999,1980200
2013-08-23,45.970001,46.360001000000004,45.52,37.955975,45.970001,2174700
2013-08-26,46.060001,46.209998999999996,45.189999,37.485332,45.400002,1255200
2013-08-27,45.150002,45.32,44.299999,37.113781,44.950001,2079800
2013-08-28,45.23,45.48,44.509997999999996,36.857834000000004,44.639998999999996,1870500
2013-08-29,44.740002000000004,45.810001,44.580002,37.468819,45.380001,1995800
2013-08-30,45.59,45.84,44.369999,36.725722999999995,44.48,1899200
2013-09-03,45.189999,45.529999,44.200001,36.857834000000004,44.639998999999996,3055600
2013-09-04,44.41,45.139998999999996,43.810001,37.414764,45.009997999999996,2116600
2013-09-05,45.080002,45.759997999999996,43.990002000000004,36.625071999999996,44.060001,2913400
2013-09-06,44.130001,44.27,42.849998,36.317513,43.689999,3880000
2013-09-09,43.290001000000004,43.419998,42.09,35.602634,42.830002,4498700
2013-09-10,42.849998,43.0,42.16,35.627579,42.860001000000004,2733500
2013-09-11,42.889998999999996,43.0,41.849998,35.112198,42.240002000000004,2568400
2013-09-12,42.240002000000004,42.400002,41.509997999999996,34.754757,41.810001,2308700
2013-09-13,42.110001000000004,42.630001,41.959998999999996,34.945953,42.040001000000004,2221100
2013-09-16,42.52,42.630001,41.68,34.829575,41.900002,2690800
2013-09-17,41.970001,42.119999,41.32,34.546935999999995,41.560001,2035100
2013-09-18,41.650002,41.799999,41.220001,34.413940000000004,41.400002,2369300
2013-09-19,41.639998999999996,41.970001,40.950001,34.189503,41.130001,2281300
2013-09-20,41.220001,41.599998,40.799999,34.430565,41.419998,3787100
2013-09-23,41.169998,41.459998999999996,41.0,34.355755,41.330002,2106500
2013-09-24,41.610001000000004,42.669998,41.470001,35.070633,42.189999,3091500
2013-09-25,42.209998999999996,43.630001,42.200001,35.91851,43.209998999999996,2997200
2013-09-26,43.389998999999996,43.57,42.27,35.411446000000005,42.599998,2128100
2013-09-27,42.59,42.799999,42.220001,35.477947,42.68,1765900
2013-09-30,42.150002,42.25,41.450001,35.004135,42.110001000000004,2459600
2013-10-01,42.0,42.799999,41.709998999999996,34.771381,41.830002,3777200
2013-10-02,41.700001,42.439999,41.540001000000004,35.062317,42.18,2780200
2013-10-03,41.970001,42.200001,41.459998999999996,34.754757,41.810001,1644500
2013-10-04,41.490002000000004,41.950001,40.98,34.7215,41.77,2121500
2013-10-07,41.189999,41.619999,40.77,34.239376,41.189999,2531000
2013-10-08,41.259997999999996,41.290001000000004,40.060001,33.607624,40.43,3826700
2013-10-09,40.330002,40.389998999999996,39.650002,33.025745,39.73,3753500
2013-10-10,40.380001,42.189999,40.310001,35.05402,42.169998,4689700
2013-10-11,42.07,43.310001,41.91,35.536137,42.75,3859400
2013-10-14,42.57,42.720001,42.029999,35.320019,42.490002000000004,1827600
2013-10-15,42.75,43.5,42.73,35.91851,43.209998999999996,2690700
2013-10-16,43.549999,44.040001000000004,43.02,35.893574,43.18,2795800
2013-10-17,43.040001000000004,44.240002000000004,43.02,36.741459000000006,44.200001,3278000
2013-10-18,44.419998,44.959998999999996,43.950001,37.339958,44.919998,2529800
2013-10-21,45.169998,45.580002,44.759997999999996,37.339958,44.919998,2183800
2013-10-22,45.09,45.610001000000004,44.66,37.805458,45.48,3259800
2013-10-23,45.59,47.0,44.869999,37.381527,44.970001,4564100
2013-10-24,44.880001,44.900002,43.650002,36.375706,43.759997999999996,3619300
2013-10-25,44.02,44.32,43.549999,36.625071999999996,44.060001,1908000
2013-10-28,44.41,45.720001,44.189999,36.916019,44.41,2514700
2013-10-29,44.849998,45.5,44.580002,37.190334,44.740002000000004,1985300
2013-10-30,44.73,46.830002,44.299999,38.894402,46.790001000000004,5491800
2013-10-31,46.68,47.18,45.900002,38.28759,46.060001,3624900
2013-11-01,46.189999,46.57,45.189999,38.686603999999996,46.540001000000004,3657100
2013-11-04,46.810001,46.900002,46.09,38.703216999999995,46.560001,2714700
2013-11-05,46.52,46.790001000000004,46.09,38.595154,46.43,2623500
2013-11-06,46.009997999999996,46.23,43.009997999999996,36.101391,43.43,6315200
2013-11-07,43.360001000000004,44.02,42.599998,36.076454,43.400002,5173700
2013-11-08,43.540001000000004,44.400002,43.150002,36.724831,44.18,2580000
2013-11-11,44.299999,44.369999,43.57,36.533646000000005,43.950001,1976100
2013-11-12,44.009997999999996,45.599998,43.810001,37.689091,45.34,3603000
2013-11-13,45.32,45.93,44.490002000000004,37.306705,44.880001,5247100
2013-11-14,45.27,46.75,45.049999,38.711529,46.57,7779500
2013-11-15,46.759997999999996,46.950001,45.639998999999996,38.653335999999996,46.5,4466400
2013-11-18,46.709998999999996,47.07,46.529999,38.769714,46.639998999999996,2938800
2013-11-19,46.619999,46.82,45.830002,38.179531,45.93,3472700
2013-11-20,46.209998999999996,46.419998,45.73,38.28759,46.060001,2538200
2013-11-21,46.040001000000004,46.259997999999996,45.509997999999996,37.921837,45.619999,3915200
2013-11-22,45.900002,46.75,45.470001,38.561901,46.389998999999996,4373100
2013-11-25,46.639998999999996,47.700001,46.23,39.526165,47.549999,4850000
2013-11-26,47.169998,47.48,46.220001,39.206921,46.669998,3782600
2013-11-27,46.790001000000004,49.459998999999996,46.720001,41.416363,49.299999,6210700
2013-11-29,49.450001,49.459998999999996,47.77,40.307438,47.98,2784900
2013-12-02,48.130001,49.939999,47.5,41.307152,49.169998,3956500
2013-12-03,49.939999,50.630001,48.189999,40.534264,48.25,5843300
2013-12-04,47.200001,47.5,45.619999,38.716774,45.799999,5701500
2013-12-05,46.09,47.029999,45.209998999999996,38.573074,45.630001,6018000
2013-12-06,45.990002000000004,47.419998,45.939999,39.655113,46.91,3879700
2013-12-09,47.599998,48.34,46.32,39.19862,46.369999,4611100
2013-12-10,46.200001,46.84,45.209998999999996,39.367687,46.57,3544800
2013-12-11,46.349998,46.349998,45.290001000000004,38.818203000000004,45.919998,3353200
2013-12-12,45.779999,46.360001000000004,45.599998,38.767487,45.860001000000004,1757600
2013-12-13,45.990002000000004,46.099998,44.77,38.311012,45.32,2524800
2013-12-16,45.970001,47.799999,45.970001,40.322928999999995,47.700001,5775100
2013-12-17,47.48,47.939999,46.73,40.263763,47.630001,3515300
2013-12-18,47.709998999999996,48.34,47.110001000000004,40.770965999999994,48.23,3741700
2013-12-19,48.27,48.84,46.849998,39.993248,47.310001,3151200
2013-12-20,47.439999,48.560001,47.439999,40.906219,48.389998999999996,8950400
2013-12-23,48.599998,49.450001,48.540001000000004,41.760014,49.400002,2944800
2013-12-24,49.279999,49.669998,49.049999,41.709293,49.34,972000
2013-12-26,49.259997999999996,49.900002,49.259997999999996,41.954445,49.630001,1619200
2013-12-27,49.709998999999996,49.849998,49.0,41.67548,49.299999,1655000
2013-12-30,49.34,49.540001000000004,48.02,41.193626,48.73,2246000
2013-12-31,48.880001,49.93,48.880001,42.005169,49.689999,2165600
2014-01-02,49.169998,49.889998999999996,48.779999,42.055893,49.75,2451300
2014-01-03,49.73,50.279999,49.099998,41.726203999999996,49.360001000000004,2103300
2014-01-06,49.009997999999996,49.73,48.830002,41.861453999999995,49.52,2988700
2014-01-07,49.77,49.77,48.400002,41.413425,48.990002000000004,3373000
2014-01-08,49.18,49.279999,48.470001,41.303535,48.860001000000004,2903100
2014-01-09,49.0,50.259997999999996,48.799999,42.444736,50.209998999999996,4695000
2014-01-10,50.119999,50.740002000000004,49.259997999999996,42.089703,49.790001000000004,2379600
2014-01-13,49.41,49.889998999999996,48.419998,41.193626,48.73,2955300
2014-01-14,49.009997999999996,49.27,47.919998,41.142899,48.669998,2790800
2014-01-15,48.610001000000004,48.66,47.650002,40.787865000000004,48.25,2946000
2014-01-16,48.060001,48.16,47.16,40.145409,47.490002000000004,2611500
2014-01-17,47.360001000000004,48.34,47.16,40.576523,48.0,2710300
2014-01-21,48.290001000000004,49.209998999999996,48.290001000000004,41.235896999999994,48.779999,2470600
2014-01-22,48.869999,49.290001000000004,47.75,40.720238,48.169998,2203400
2014-01-23,47.540001000000004,48.470001,47.080002,40.382103,47.77,2340300
2014-01-24,47.330002,47.68,46.439999,39.469134999999994,46.689999,2435700
2014-01-27,46.779999,47.299999,46.18,39.486042,46.709998999999996,2202400
2014-01-28,46.740002000000004,46.939999,46.029999,39.291607,46.48,1823300
2014-01-29,46.330002,48.77,46.049999,40.407467,47.799999,5181300
2014-01-30,48.02,48.419998,46.900002,39.739643,47.009997999999996,2513000
2014-01-31,46.650002,47.68,46.16,39.13945,46.299999,3042200
2014-02-03,46.450001,46.450001,44.919998,38.091225,45.060001,3131600
2014-02-04,45.119999,45.119999,43.77,37.347328000000005,44.18,3768200
2014-02-05,44.099998,44.310001,43.169998,36.924644,43.68,3587800
2014-02-06,43.619999,44.0,43.27,37.051445,43.830002,2793100
2014-02-07,44.189999,45.080002,43.889998999999996,38.015147999999996,44.970001,2511600
2014-02-10,44.93,44.990002000000004,43.290001000000004,36.975372,43.740002000000004,2650100
2014-02-11,43.919998,45.02,43.73,37.609371,44.490002000000004,2512800
2014-02-12,44.619999,44.990002000000004,44.16,37.575569,44.450001,2924100
2014-02-13,44.110001000000004,45.07,44.110001000000004,38.082767,45.049999,1920800
2014-02-14,44.830002,46.290001000000004,44.77,39.122547,46.279999,1960400
2014-02-18,46.540001000000004,46.900002,45.610001000000004,38.79285,45.889998999999996,1965700
2014-02-19,45.860001000000004,46.880001,45.57,38.767487,45.860001000000004,2219200
2014-02-20,45.889998999999996,46.490002000000004,45.349998,38.598427,45.66,2531300
2014-02-21,46.110001000000004,46.549999,45.720001,38.995743,46.130001,2508000
2014-02-24,46.349998,47.889998999999996,46.349998,40.060871,47.389998999999996,4353600
2014-02-25,47.5,48.689999,46.799999,40.754055,48.209998999999996,5194000
2014-02-26,48.209998999999996,48.450001,46.950001,39.790352,47.07,3114600
2014-02-27,46.919998,47.07,45.130001,38.547703000000006,45.599998,4684900
2014-02-28,45.57,45.77,45.200001,38.522354,45.57,2752800
2014-03-03,44.830002,45.68,44.75,38.359947,44.880001,2084000
2014-03-04,45.189999,45.259997999999996,44.299999,38.496712,45.040001000000004,2327500
2014-03-05,45.02,45.900002,44.799999,39.112103000000005,45.759997999999996,4537200
2014-03-06,46.0,47.98,45.869999,40.590782,47.490002000000004,3447400
2014-03-07,47.740002000000004,47.98,46.93,40.530941,47.419998,2425200
2014-03-10,47.549999,48.689999,47.549999,41.018135,47.990002000000004,4089400
2014-03-11,48.0,49.009997999999996,47.419998,41.753197,48.849998,4213500
2014-03-12,48.509997999999996,50.119999,48.43,42.785202000000005,49.75,5888400
2014-03-13,49.880001,50.009997999999996,48.549999,42.088592999999996,48.939999,2911000
2014-03-14,48.950001,49.939999,48.880001,42.776592,49.740002000000004,2672900
2014-03-17,49.860001000000004,50.23,49.369999,42.561607,49.490002000000004,1892100
2014-03-18,49.41,50.139998999999996,49.040001000000004,42.733601,49.689999,2092600
2014-03-19,49.66,49.75,48.330002,42.054199,48.900002,2402500
2014-03-20,48.939999,49.619999,48.360001000000004,42.5014,49.419998,1396500
2014-03-21,49.599998,49.650002,48.419998,42.183201000000004,49.049999,3834800
2014-03-24,49.130001,49.34,48.0,41.443591999999995,48.189999,1823200
2014-03-25,48.470001,48.959998999999996,47.959998999999996,41.460793,48.209998999999996,2128500
2014-03-26,48.32,48.689999,47.59,40.987792999999996,47.66,2292500
2014-03-27,47.77,47.84,46.75,40.411590999999994,46.990002000000004,2464300
2014-03-28,47.34,47.740002000000004,46.93,40.807194,47.450001,2024300
2014-03-31,47.720001,47.82,47.009997999999996,40.918999,47.580002,1387700
2014-04-01,47.630001,48.290001000000004,47.380001,41.520996000000004,48.279999,2505300
2014-04-02,48.049999,48.080002,47.330002,41.323196,48.049999,2094900
2014-04-03,48.200001,48.630001,48.150002,41.658596,48.439999,1837300
2014-04-04,48.970001,49.150002,47.700001,41.219997,47.93,2831900
2014-04-07,47.779999,48.43,47.32,41.108196,47.799999,2447900
2014-04-08,47.869999,48.66,47.200001,40.953396000000005,47.619999,2284700
2014-04-09,47.689999,48.59,47.32,41.512402,48.27,3159100
2014-04-10,48.18,48.779999,47.130001,40.755592,47.389998999999996,1667400
2014-04-11,47.27,47.860001000000004,45.93,39.714989,46.18,2569800
2014-04-14,46.560001,47.57,46.099998,40.86739,47.52,2549700
2014-04-15,47.639998999999996,48.900002,47.59,41.8564,48.669998,2450400
2014-04-16,49.099998,50.369999,48.610001000000004,43.266796,50.310001,3092300
2014-04-17,50.259997999999996,50.98,50.02,43.68821,50.799999,1950400
2014-04-21,50.34,51.549999,50.0,43.774204,50.900002,1618800
2014-04-22,50.650002,51.77,49.810001,44.109615000000005,51.290001000000004,2686300
2014-04-23,51.330002,51.849998,51.009997999999996,44.427811,51.66,1995800
2014-04-24,51.900002,52.110001000000004,51.209998999999996,44.255814,51.459998999999996,1677200
2014-04-25,51.540001000000004,52.380001,51.360001000000004,44.599808,51.860001000000004,1919100
2014-04-28,52.290001000000004,52.75,51.689999,45.262009,52.630001,2851200
2014-04-29,52.919998,53.419998,52.25,45.115809999999996,52.459998999999996,2997700
2014-04-30,52.419998,53.200001,52.209998999999996,45.227615,52.59,3037900
2014-05-01,52.5,52.720001,51.849998,44.978207,52.299999,3232100
2014-05-02,52.299999,52.889998999999996,51.900002,44.677219,51.950001,2710200
2014-05-05,51.630001,52.290001000000004,51.080002,44.376217,51.599998,2921600
2014-05-06,50.560001,51.959998999999996,50.560001,44.367619,51.59,3667300
2014-05-07,52.540001000000004,52.540001000000004,51.169998,44.642811,51.91,3079900
2014-05-08,50.869999,51.75,49.380001,43.051796,50.060001,4178700
2014-05-09,49.990002000000004,50.099998,48.900002,42.4842,49.400002,2081200
2014-05-12,49.799999,50.860001000000004,49.700001,43.034603000000004,50.040001000000004,1919000
2014-05-13,50.220001,50.68,49.91,43.456001,50.529999,1841300
2014-05-14,50.470001,51.240002000000004,50.189999,43.507607,50.59,1909300
2014-05-15,50.43,50.43,49.07,42.613201000000004,49.549999,2570300
2014-05-16,49.419998,49.73,48.950001,42.690601,49.639998999999996,1326500
2014-05-19,49.57,50.299999,49.43,42.544403,49.470001,2476000
2014-05-20,49.27,49.91,49.060001,42.398193,49.299999,1935300
2014-05-21,49.650002,49.830002,48.509997999999996,41.8134,48.619999,2619600
2014-05-22,48.630001,49.23,48.630001,42.191803,49.060001,1792000
2014-05-23,49.07,49.490002000000004,48.599998,41.968196999999996,48.799999,1602500
2014-05-27,48.830002,49.07,48.27,41.632805,48.41,2163000
2014-05-28,48.209998999999996,49.310001,47.900002,42.501785,48.91,2105700
2014-05-29,49.189999,49.580002,48.5,42.979721000000005,49.459998999999996,1651400
2014-05-30,49.419998,49.740002000000004,49.110001000000004,42.797234,49.25,1264100
2014-06-02,49.509997999999996,49.880001,48.919998,42.901508,49.369999,1539300
2014-06-03,49.330002,49.450001,48.43,42.12812,48.48,1426000
2014-06-04,48.119999,48.380001,47.68,41.909431,47.91,1576100
2014-06-05,48.41,48.459998999999996,47.529999,42.049385,48.07,1359600
2014-06-06,48.150002,48.25,47.57,41.734474,47.709998999999996,1771100
2014-06-09,47.689999,48.299999,47.240002000000004,41.550781,47.5,1870100
2014-06-10,47.48,47.52,46.360001000000004,40.719765,46.549999,2049800
2014-06-11,46.27,47.040001000000004,46.049999,41.113403000000005,47.0,2140000
2014-06-12,47.169998,47.779999,46.43,41.65575,47.619999,2691700
2014-06-13,47.619999,47.68,47.029999,41.305847,47.220001,1821700
2014-06-16,47.32,47.98,47.150002,41.970661,47.98,1599300
2014-06-17,47.970001,48.490002000000004,47.43,42.381797999999996,48.450001,1998400
2014-06-18,48.34,49.16,47.799999,42.819168,48.950001,1724500
2014-06-19,49.200001,49.849998,49.060001,43.457745,49.68,1543900
2014-06-20,49.790001000000004,49.919998,49.209998999999996,43.414009,49.630001,2036100
2014-06-23,49.849998,50.490002000000004,49.610001000000004,43.746407,50.009997999999996,1533800
2014-06-24,50.049999,50.41,48.880001,42.83667,48.970001,1701800
2014-06-25,46.75,47.0,44.75,39.967476,45.689999,11660500
2014-06-26,45.799999,46.07,45.220001,39.783778999999996,45.48,4133400
2014-06-27,44.900002,45.43,44.25,38.821548,44.380001,4383500
2014-06-30,44.369999,44.630001,43.610001000000004,38.217971999999996,43.689999,3076500
2014-07-01,43.700001,44.43,43.66,38.375423,43.869999,2702200
2014-07-02,43.91,44.73,43.709998999999996,39.066479,44.66,2777200
2014-07-03,44.700001,44.990002000000004,44.18,38.664093,44.200001,1649700
2014-07-07,44.310001,44.66,43.720001,38.287956,43.77,1785400
2014-07-08,43.790001000000004,43.790001000000004,43.009997999999996,37.745598,43.150002,2324700
2014-07-09,43.73,43.759997999999996,42.759997999999996,37.990528000000005,43.43,2051100
2014-07-10,43.220001,43.68,42.91,37.701859000000006,43.099998,1718500
2014-07-11,43.419998,44.009997999999996,42.830002,38.419167,43.919998,2544900
2014-07-14,44.0,44.23,43.48,38.20047,43.669998,1768300
2014-07-15,43.490002000000004,45.18,43.439999,39.311413,44.939999,3830200
2014-07-16,44.959998999999996,45.18,43.869999,38.646603000000006,44.18,2617800
2014-07-17,44.18,44.299999,43.540001000000004,38.104256,43.560001,1647200
2014-07-18,43.830002,44.220001,43.700001,38.620358,44.150002,1889400
2014-07-21,44.049999,44.060001,43.419998,38.314194,43.799999,1292800
2014-07-22,44.049999,44.639998999999996,43.919998,38.751575,44.299999,2212600
2014-07-23,44.349998,45.060001,44.23,39.311413,44.939999,2280800
2014-07-24,44.900002,45.860001000000004,44.849998,40.089939,45.830002,2244600
2014-07-25,45.66,46.060001,45.52,40.256145000000004,46.02,1654000
2014-07-28,46.080002,46.16,45.049999,39.976219,45.700001,1583700
2014-07-29,46.119999,46.549999,45.52,40.317375,46.09,2029500
2014-07-30,46.110001000000004,46.439999,45.509997999999996,40.194916,45.950001,1827600
2014-07-31,45.830002,47.450001,45.57,41.122143,47.009997999999996,3460100
2014-08-01,46.740002000000004,46.830002,45.459998999999996,40.291142,46.060001,2604000
2014-08-04,46.049999,46.389998999999996,45.43,40.431095,46.220001,1773900
2014-08-05,45.900002,46.029999,45.189999,40.072445,45.810001,2568600
2014-08-06,45.34,47.25,45.299999,40.842228000000006,46.689999,3195100
2014-08-07,46.990002000000004,47.549999,46.880001,41.437069,47.369999,2968100
2014-08-08,47.48,48.16,47.07,42.093121000000004,48.119999,1456700
2014-08-11,48.200001,48.66,47.810001,41.848198,47.84,1477300
2014-08-12,47.84,48.310001,47.529999,41.883186,47.880001,1216800
2014-08-13,48.0,48.799999,47.709998999999996,42.136864,48.169998,2902100
2014-08-14,48.23,48.950001,48.139998999999996,42.582993,48.68,1597400
2014-08-15,48.720001,49.099998,48.439999,42.617981,48.720001,1524800
2014-08-18,48.869999,49.220001,48.68,43.002869,49.16,1632300
2014-08-19,49.119999,49.720001,48.849998,43.405258,49.619999,1964300
2014-08-20,49.599998,50.529999,49.450001,44.148804,50.470001,2345200
2014-08-21,50.459998999999996,50.490002000000004,50.0,43.825142,50.099998,2157000
2014-08-22,50.189999,51.310001,50.009997999999996,44.839855,51.259997999999996,5197300
2014-08-25,50.869999,51.09,50.48,44.769184,50.68,1592100
2014-08-26,50.639998999999996,51.049999,50.07,44.56601,50.450001,1489200
2014-08-27,50.580002,50.610001000000004,50.209998999999996,44.654346000000004,50.549999,1257000
2014-08-28,50.040001000000004,50.279999,49.599998,44.698799,50.279999,1320000
2014-08-29,50.169998,50.619999,49.98,44.476543,50.029999,1731400
2014-09-02,50.02,50.459998999999996,49.27,44.192062,49.709998999999996,2398100
2014-09-03,49.889998999999996,49.889998999999996,49.299999,43.96093,49.450001,1465700
2014-09-04,49.52,49.939999,49.049999,43.809795,49.279999,1486100
2014-09-05,49.330002,50.139998999999996,48.82,44.423199,49.970001,1466300
2014-09-08,49.919998,50.400002,49.5,44.29874,49.830002,1229600
2014-09-09,49.709998999999996,49.799999,48.299999,43.14304,48.529999,2345200
2014-09-10,48.529999,48.580002,46.849998,42.174038,47.439999,3034600
2014-09-11,47.369999,48.07,46.349998,41.542846999999995,46.73,3305400
2014-09-12,46.599998,46.849998,45.490002000000004,40.760529,45.849998,2267700
2014-09-15,45.799999,46.52,45.43,41.338378999999996,46.5,2332800
2014-09-16,46.330002,47.82,46.169998,41.365055,46.529999,2400000
2014-09-17,46.560001,46.619999,45.580002,40.920555,46.029999,2944500
2014-09-18,46.049999,46.529999,45.779999,40.965004,46.080002,1749700
2014-09-19,46.139998999999996,46.799999,45.970001,41.116131,46.25,2370200
2014-09-22,46.23,46.580002,45.630001,40.644962,45.720001,2231600
2014-09-23,45.619999,46.560001,45.049999,40.147133000000004,45.16,1921800
2014-09-24,45.049999,45.18,44.220001,39.675961,44.630001,2824200
2014-09-25,44.540001000000004,44.68,43.720001,39.533722,44.470001,2679800
2014-09-26,44.439999,44.939999,44.16,39.578167,44.52,2296700
2014-09-29,44.130001,44.650002,43.759997999999996,39.258137,44.16,2840000
2014-09-30,44.139998999999996,44.400002,43.459998999999996,38.831413,43.68,2286000
2014-10-01,43.779999,44.490002000000004,43.139998999999996,38.413578,43.209998999999996,2260400
2014-10-02,43.060001,43.189999,41.93,38.155772999999996,42.919998,2509700
2014-10-03,42.779999,42.779999,41.5,37.106761999999996,41.740002000000004,3707200
2014-10-06,41.75,42.290001000000004,41.450001,37.19566,41.84,1467900
2014-10-07,42.27,43.150002,41.740002000000004,37.355671,42.02,2705500
2014-10-08,42.23,43.41,41.860001000000004,38.538036,43.349998,1952900
2014-10-09,43.27,43.950001,41.82,37.266777000000005,41.919998,3259800
2014-10-10,41.970001,42.84,41.099998,37.151207,41.790001000000004,2568300
2014-10-13,41.740002000000004,43.610001000000004,41.740002000000004,37.355671,42.02,3580200
2014-10-14,42.0,42.599998,40.98,37.382346999999996,42.049999,3069400
2014-10-15,41.540001000000004,41.610001000000004,39.810001,36.493347,41.049999,3216300
2014-10-16,40.380001,42.709998999999996,40.310001,37.142319,41.779999,3077300
2014-10-17,42.349998,42.970001,41.830002,37.995754,42.740002000000004,2950000
2014-10-20,42.560001,43.389998999999996,42.560001,38.342464,43.130001,1362300
2014-10-21,43.32,44.91,43.290001000000004,39.87154,44.849998,2149200
2014-10-22,44.869999,45.400002,43.779999,38.982544,43.849998,1441100
2014-10-23,44.450001,45.09,44.099998,39.542609999999996,44.48,1703400
2014-10-24,44.41,44.68,43.700001,39.720413,44.68,1315600
2014-10-27,44.360001000000004,44.880001,43.73,39.711514,44.669998,3815100
2014-10-28,44.77,45.900002,44.380001,40.787212,45.880001,1972400
2014-10-29,46.139998999999996,46.470001,44.360001000000004,39.773742999999996,44.740002000000004,2107300
2014-10-30,44.830002,45.509997999999996,44.32,39.818195,44.790001000000004,2182400
2014-10-31,45.02,45.439999,44.349998,40.342705,45.380001,1991100
2014-11-03,45.43,45.880001,44.98,40.129345,45.139998999999996,2070500
2014-11-04,45.130001,45.450001,44.09,40.191578,45.209998999999996,3358000
2014-11-05,44.349998,44.349998,42.709998999999996,38.760284000000006,43.599998,3208400
2014-11-06,43.68,44.049999,43.330002,38.938095000000004,43.799999,1885500
2014-11-07,43.900002,44.880001,43.73,39.675961,44.630001,1324500
2014-11-10,44.919998,45.23,43.959998999999996,39.267014,44.169998,1641200
2014-11-11,43.919998,44.119999,43.419998,38.911415000000005,43.77,2326000
2014-11-12,43.77,44.34,43.709998999999996,38.982544,43.849998,2065700
2014-11-13,43.82,43.919998,42.459998999999996,38.040203000000005,42.790001000000004,2153300
2014-11-14,42.82,43.34,42.75,38.075759999999995,42.830002,1659400
2014-11-17,42.799999,43.290001000000004,42.68,38.333569,43.119999,1675500
2014-11-18,43.299999,43.639998999999996,42.860001000000004,38.449135,43.25,2377300
2014-11-19,43.23,43.68,42.900002,38.689171,43.52,1897000
2014-11-20,43.310001,44.16,43.310001,38.911415000000005,43.77,1697500
2014-11-21,44.360001000000004,45.049999,44.119999,39.569278999999995,44.509997999999996,3396900
2014-11-24,44.610001000000004,44.830002,44.32,39.489262,44.419998,1582700
2014-11-25,43.869999,44.189999,43.240002000000004,38.976772,43.349998,2153100
2014-11-26,43.25,43.709998999999996,43.02,38.976772,43.349998,1398600
2014-11-28,41.91,42.18,40.630001,36.702,40.82,2276300
2014-12-01,40.599998,41.07,40.23,36.558144,40.66,3433100
2014-12-02,40.34,42.060001,40.330002,37.926582,41.849998,2437800
2014-12-03,41.869999,42.810001,41.82,38.107826,42.049999,1621500
2014-12-04,42.049999,42.259997999999996,40.470001,37.382832,41.25,3061500
2014-12-05,41.18,41.43,39.810001,36.159397,39.900002,2713300
2014-12-08,39.52,40.169998,38.150002,34.790955,38.389998999999996,3449600
2014-12-09,37.900002,38.540001000000004,37.369999,34.609707,38.189999,4076800
2014-12-10,37.919998,38.48,37.299999,33.97533,37.490002000000004,3277200
2014-12-11,37.630001,38.450001,37.599998,34.247208,37.790001000000004,2270300
2014-12-12,37.23,37.810001,36.700001,33.83033,37.330002,2383800
2014-12-15,37.200001,37.799999,35.869999,32.724709000000004,36.110001000000004,3103300
2014-12-16,35.669998,37.360001000000004,35.310001,33.105328,36.529999,2413000
2014-12-17,36.32,37.810001,36.299999,33.440647,36.900002,2386300
2014-12-18,37.799999,37.799999,36.0,33.259396,36.700001,3304700
2014-12-19,36.779999,37.419998,36.669998,33.839394,37.34,3485100
2014-12-22,37.419998,37.560001,36.790001000000004,33.386269,36.84,2248000
2014-12-23,37.299999,37.790001000000004,37.150002,34.102207,37.630001,1775700
2014-12-24,37.48,38.119999,37.299999,34.346889000000004,37.900002,809300
2014-12-26,37.91,38.990002000000004,37.91,34.763767,38.360001000000004,2331600
2014-12-29,38.389998999999996,38.73,37.669998,34.346889000000004,37.900002,2232500
2014-12-30,37.759997999999996,38.380001,37.709998999999996,34.500957,38.07,1545500
2014-12-31,37.98,38.200001,37.450001,33.966266999999995,37.48,1816400
2015-01-02,37.5,38.490002000000004,37.400002,34.836265999999995,38.439999,1668200
2015-01-05,37.5,37.73,36.380001,33.331897999999995,36.779999,2645800
2015-01-06,36.84,37.380001,36.0,32.942204,36.349998,2149300
2015-01-07,36.799999,36.880001,35.5,32.244392,35.580002,2063900
2015-01-08,35.93,37.23,35.779999,33.250332,36.689999,3056700
2015-01-09,36.5,36.689999,35.360001000000004,32.362209,35.709998999999996,2470900
2015-01-12,35.380001,35.380001,33.98,31.002827000000003,34.209998999999996,2922700
2015-01-13,34.41,34.740002000000004,32.189999,29.48033,32.529999,4203100
2015-01-14,32.200001,32.279999,30.52,28.474390000000003,31.42,5973500
2015-01-15,31.719998999999998,31.780001000000002,30.15,27.359701,30.190001000000002,5610100
2015-01-16,30.5,31.280001000000002,30.360001,27.948765,30.84,5206500
2015-01-20,30.9,32.290001000000004,30.6,29.018140999999996,32.02,5777800
2015-01-21,32.130001,32.41,31.74,29.000017,32.0,4890700
2015-01-22,32.32,33.060001,31.83,29.851889,32.939999,4592900
2015-01-23,33.130001,34.150002,32.700001,30.740013,33.919998,3514600
2015-01-26,33.900002,34.619999,33.849998,31.093459999999997,34.310001,2324700
2015-01-27,34.150002,34.630001,34.060001,31.202208000000002,34.43,1774700
2015-01-28,34.509997999999996,35.009997999999996,33.98,31.374390000000002,34.619999,2981000
2015-01-29,35.139998999999996,35.41,34.169998,31.745953000000004,35.029999,3148000
2015-01-30,34.68,36.139998999999996,34.439999,32.552517,35.919998,4634400
2015-02-02,36.209998999999996,37.150002,36.139998999999996,33.594707,37.07,4264200
2015-02-03,37.400002,37.849998,36.889998999999996,34.201896999999995,37.740002000000004,3249200
2015-02-04,37.34,38.220001,37.0,34.446579,38.009997999999996,3245000
2015-02-05,38.419998,38.700001,37.759997999999996,34.87252,38.48,1824400
2015-02-06,38.709998999999996,38.93,38.080002,34.917828,38.529999,2848700
2015-02-09,38.610001000000004,38.959998999999996,38.07,34.99033,38.610001000000004,2356800
2015-02-10,38.610001000000004,39.650002,38.34,35.805958000000004,39.509997999999996,2264500
2015-02-11,39.07,39.360001000000004,38.73,35.425327,39.09,2019100
2015-02-12,39.450001,40.560001,39.119999,36.685024,40.48,2595400
2015-02-13,40.540001000000004,41.799999,40.540001000000004,37.872211,41.790001000000004,3138500
2015-02-17,41.790001000000004,42.139998999999996,41.150002,37.763453999999996,41.669998,2857400
2015-02-18,41.57,42.0,41.290001000000004,37.93565,41.860001000000004,2235700
2015-02-19,41.400002,41.52,40.41,37.310328999999996,41.169998,4588300
2015-02-20,41.259997999999996,41.759997999999996,40.549999,37.255962,41.110001000000004,3548000
2015-02-23,40.880001,42.07,40.869999,37.953765999999995,41.880001,3580400
2015-02-24,41.75,41.75,40.75,36.993145,40.82,5627100
2015-02-25,40.990002000000004,42.389998999999996,40.25,38.289085,42.25,4896900
2015-02-26,42.669998,44.580002,42.549999,40.246586,44.41,6037000
2015-02-27,44.52,45.049999,43.689999,39.865963,43.990002000000004,3945000
2015-03-02,43.66,43.759997999999996,40.919998,37.283142,41.139998999999996,6046200
2015-03-03,41.509997999999996,42.060001,41.349998,37.926582,41.849998,3374000
2015-03-04,41.509997999999996,41.549999,40.299999,36.648769,40.439999,3098100
2015-03-05,41.040001000000004,41.68,40.790001000000004,37.400954999999996,41.27,3095400
2015-03-06,40.689999,41.75,39.630001,36.304955,39.75,2973100
2015-03-09,39.93,41.060001,39.07,35.711288,39.099998,4188500
2015-03-10,38.779999,38.98,37.580002,34.761429,38.060001,4142700
2015-03-11,38.060001,38.939999,37.740002000000004,35.501225,38.869999,3634000
2015-03-12,39.25,39.650002,38.299999,35.026286999999996,38.349998,2564700
2015-03-13,38.259997999999996,39.200001,38.07,35.729549,39.119999,4050100
2015-03-16,38.639998999999996,40.130001,38.150002,36.569824,40.040001000000004,2927200
2015-03-17,39.77,40.009997999999996,38.889998999999996,36.496758,39.959998999999996,2064400
2015-03-18,40.0,41.880001,39.82,38.022026000000004,41.630001,3067100
2015-03-19,41.169998,41.279999,40.630001,37.382694,40.93,2307900
2015-03-20,41.029999,41.419998,40.560001,37.254822,40.790001000000004,7842600
2015-03-23,41.130001,41.650002,41.119999,37.592754,41.16,2257300
2015-03-24,41.040001000000004,41.450001,40.599998,37.611031,41.18,1787500
2015-03-25,41.57,42.080002,41.290001000000004,37.766284999999996,41.349998,3570900
2015-03-26,41.720001,41.830002,40.34,37.017357000000004,40.529999,2773300
2015-03-27,40.689999,40.84,39.34,36.113159,39.540001000000004,2125500
2015-03-30,39.869999,40.950001,39.849998,37.236553,40.77,3177400
2015-03-31,40.130001,40.860001000000004,40.119999,36.779892,40.27,2272800
2015-04-01,40.27,40.950001,40.23,36.871223,40.369999,2412000
2015-04-02,40.209998999999996,40.419998,37.209998999999996,34.56963,37.849998,4571200
2015-04-06,38.110001000000004,38.509997999999996,36.93,34.633556,37.919998,4008500
2015-04-07,38.049999,38.279999,37.200001,34.277355,37.529999,2893800
2015-04-08,37.700001,38.360001000000004,36.849998,33.820694,37.029999,2713700
2015-04-09,36.950001,37.34,36.650002,33.674564000000004,36.869999,2189900
2015-04-10,37.119999,37.470001,37.0,34.195156,37.439999,2224300
2015-04-13,37.18,37.580002,35.889998999999996,32.934761,36.060001,3531400
2015-04-14,36.310001,37.060001,36.07,33.848091,37.060001,2569100
2015-04-15,37.279999,37.91,37.23,34.396091,37.66,4239400
2015-04-16,37.549999,38.279999,37.41,34.633556,37.919998,3004300
2015-04-17,37.720001,37.990002000000004,37.330002,34.633556,37.919998,2511600
2015-04-20,38.040001000000004,38.5,37.93,34.734024,38.029999,2072700
2015-04-21,38.07,38.740002000000004,37.959998999999996,34.880157000000004,38.189999,2195500
2015-04-22,38.34,38.810001,38.009997999999996,35.336826,38.689999,2114400
2015-04-23,38.75,38.990002000000004,38.16,35.163296,38.5,2190700
2015-04-24,38.580002,39.84,38.470001,36.314087,39.759997999999996,4495500
2015-04-27,39.73,40.41,39.349998,36.451091999999996,39.91,3052300
2015-04-28,39.82,40.439999,39.759997999999996,36.396285999999996,39.849998,2540400
2015-04-29,39.779999,40.200001,39.459998999999996,36.268421000000004,39.709998999999996,1977000
2015-04-30,39.75,40.169998,38.509997999999996,35.419022,38.779999,2807400
2015-05-01,38.779999,39.799999,38.669998,36.268421000000004,39.709998999999996,2123300
2015-05-04,39.779999,39.779999,38.77,35.574295,38.950001,1477500
2015-05-05,38.970001,39.310001,38.889998999999996,35.711288,39.099998,1921000
2015-05-06,40.450001,41.200001,38.900002,36.085754,39.509997999999996,4406600
2015-05-07,39.810001,41.950001,39.650002,38.040290999999996,41.650002,4647100
2015-05-08,41.700001,42.580002,40.91,38.588284,42.25,3203100
2015-05-11,42.139998999999996,42.139998999999996,40.849998,37.766284999999996,41.349998,2062800
2015-05-12,41.330002,41.34,40.470001,37.254822,40.790001000000004,1813200
2015-05-13,40.860001000000004,41.790001000000004,40.740002000000004,38.031155,41.639998999999996,2021600
2015-05-14,41.880001,43.200001,41.700001,39.41029,43.150002,2733700
2015-05-15,42.82,43.27,42.330002,39.318958,43.049999,2223800
2015-05-18,43.049999,43.709998999999996,42.48,39.611216999999996,43.369999,2435800
2015-05-19,43.099998,43.290001000000004,42.700001,39.218486999999996,42.939999,1699900
2015-05-20,42.900002,43.209998999999996,42.619999,39.063225,42.77,1591000
2015-05-21,42.75,43.07,42.470001,39.163689,42.880001,2004700
2015-05-22,42.560001,43.040001000000004,42.560001,39.163689,42.880001,1786600
2015-05-26,42.549999,42.73,41.610001000000004,38.095093,41.709998999999996,2039100
2015-05-27,42.150002,42.389998999999996,41.43,37.967220000000005,41.57,2978100
2015-05-28,41.509997999999996,42.290001000000004,41.23,38.414753000000005,42.060001,2384600
2015-05-29,42.009997999999996,42.84,41.450001,38.040290999999996,41.650002,2993700
2015-06-01,41.610001000000004,42.209998999999996,41.290001000000004,37.802822,41.389998999999996,2687000
2015-06-02,41.27,41.349998,40.240002000000004,37.400954999999996,40.950001,3150700
2015-06-03,40.48,40.639998999999996,40.0,37.198391,40.400002,2006400
2015-06-04,40.040001000000004,40.59,39.830002,37.069489000000004,40.259997999999996,2701900
2015-06-05,40.220001,41.439999,40.220001,37.981033000000004,41.25,2563800
2015-06-08,41.02,41.400002,40.630001,37.658772,40.900002,2343000
2015-06-09,41.060001,41.279999,40.599998,37.493027000000005,40.720001,1935100
2015-06-10,40.959998999999996,41.700001,40.93,37.925781,41.189999,2564700
2015-06-11,41.119999,41.990002000000004,41.02,38.211216,41.5,1617400
2015-06-12,41.240002000000004,41.369999,40.66,37.603527,40.84,1786800
2015-06-15,40.52,41.189999,40.369999,37.502235,40.73,1195700
2015-06-16,40.669998,41.099998,40.419998,37.824501,41.080002,1349700
2015-06-17,41.32,41.849998,41.080002,38.036278,41.310001,1710900
2015-06-18,41.509997999999996,42.689999,41.310001,38.690006,42.02,2855300
2015-06-19,41.880001,42.650002,41.790001000000004,38.579525,41.900002,2420500
2015-06-22,42.060001,42.27,41.360001000000004,38.183594,41.470001,2769300
2015-06-23,41.52,42.27,41.470001,38.828121,42.169998,1633300
2015-06-24,42.049999,42.34,41.630001,38.533482,41.849998,1684300
2015-06-25,41.779999,41.98,41.389998999999996,38.229637,41.52,1688500
2015-06-26,41.529999,42.240002000000004,41.369999,38.524281,41.84,2403100
2015-06-29,41.34,42.130001,41.240002000000004,38.109932,41.389998999999996,2457800
2015-06-30,41.830002,42.779999,41.830002,39.306915000000004,42.689999,3175700
2015-07-01,42.860001000000004,44.220001,42.68,40.485477,43.970001,5194400
2015-07-02,43.900002,44.939999,43.799999,41.268116,44.82,3703500
2015-07-06,44.389998999999996,45.419998,44.139998999999996,41.590378,45.169998,2999400
2015-07-07,45.029999,45.470001,43.849998,41.765324,45.360001000000004,3676700
2015-07-08,45.240002000000004,45.52,44.360001000000004,41.056343,44.59,3158000
2015-07-09,44.91,45.119999,44.23,40.780113,44.290001000000004,3230200
2015-07-10,44.650002,45.400002,44.52,41.673244,45.259997999999996,3259000
2015-07-13,45.669998,46.110001000000004,45.52,42.069171999999995,45.689999,3889200
2015-07-14,45.799999,46.560001,45.740002000000004,42.465096,46.119999,2878200
2015-07-15,45.68,46.32,45.080002,41.553554999999996,45.130001,2624100
2015-07-16,45.450001,46.5,45.41,42.686073,46.360001000000004,2768600
2015-07-17,46.380001,46.740002000000004,46.0,42.750526,46.43,2341100
2015-07-20,46.389998999999996,46.790001000000004,45.939999,42.354603000000004,46.0,2143100
2015-07-21,46.389998999999996,46.740002000000004,45.950001,42.557171000000004,46.220001,1783200
2015-07-22,46.25,47.490002000000004,45.650002,43.477921,47.220001,3981400
2015-07-23,47.099998,47.509997999999996,46.68,43.026756,46.73,3334800
2015-07-24,46.919998,47.139998999999996,46.049999,42.824184,46.509997999999996,2392000
2015-07-27,46.02,46.02,44.860001000000004,42.078381,45.700001,2140700
2015-07-28,45.529999,46.200001,44.830002,42.363808,46.009997999999996,2134300
2015-07-29,46.02,46.209998999999996,45.259997999999996,42.382221,46.029999,2323200
2015-07-30,45.669998,49.540001000000004,45.189999,44.334225,48.150002,9693300
2015-07-31,48.150002,48.68,47.740002000000004,44.435501,48.259997999999996,2871300
2015-08-03,48.080002,48.189999,47.040001000000004,43.441093,47.18,2244700
2015-08-04,47.189999,47.830002,46.580002,43.155654999999996,46.869999,2298800
2015-08-05,47.700001,49.709998999999996,47.110001000000004,45.558819,49.48,5502700
2015-08-06,49.68,51.48,49.439999,46.709763,50.73,4538600
2015-08-07,50.639998999999996,50.990002000000004,49.84,46.295418,50.279999,3162400
2015-08-10,50.549999,52.470001,50.450001,48.293449,52.450001,3446700
2015-08-11,51.580002,53.849998,51.07,49.536469,53.799999,4494700
2015-08-12,53.290001000000004,54.0,52.560001,49.518051,53.779999,3017400
2015-08-13,53.66,54.73,52.880001,49.039260999999996,53.259997999999996,3420100
2015-08-14,53.169998,53.459998999999996,52.560001,48.643345000000004,52.830002,2448600
2015-08-17,52.950001,53.549999,52.540001000000004,49.158958,53.389998999999996,2018600
2015-08-18,53.259997999999996,53.459998999999996,52.66,49.039260999999996,53.259997999999996,1696300
2015-08-19,53.119999,53.34,52.299999,48.321079,52.48,2352900
2015-08-20,51.740002000000004,53.0,51.34,47.473988,51.560001,3127000
2015-08-21,49.669998,50.759997999999996,47.869999,44.085621,47.880001,5530100
2015-08-24,43.700001,47.799999,43.560001,42.501923,46.16,4654800
2015-08-25,47.68,47.68,44.959998999999996,41.516715999999995,45.09,3550800
2015-08-26,46.049999,46.259997999999996,44.639998999999996,42.547958,46.209998999999996,3129000
2015-08-27,47.220001,47.349998,45.389998999999996,42.676860999999995,46.349998,3384900
2015-08-28,46.48,47.389998999999996,46.400002,43.128033,46.84,2376300
2015-08-31,46.549999,47.700001,46.360001000000004,43.452587,46.860001000000004,3583400
2015-09-01,45.860001000000004,46.220001,45.009997999999996,41.987473,45.279999,3509700
2015-09-02,46.040001000000004,46.759997999999996,45.380001,43.350586,46.75,3775100
2015-09-03,47.029999,47.919998,46.52,43.554592,46.970001,2993200
2015-09-04,46.299999,47.279999,46.130001,43.044579,46.419998,3650800
2015-09-08,47.279999,48.009997999999996,46.48,44.416958,47.900002,3090600
2015-09-09,48.41,48.709998999999996,46.959998999999996,43.619499,47.040001000000004,3150200
2015-09-10,47.57,48.669998,46.830002,44.648792,48.150002,2834100
2015-09-11,48.080002,48.369999,47.360001000000004,44.602416999999996,48.099998,1915300
2015-09-14,48.130001,48.130001,45.720001,42.441849,45.77,2412500
2015-09-15,46.009997999999996,46.779999,45.439999,43.23003,46.619999,2998300
2015-09-16,46.490002000000004,46.650002,44.900002,42.04311,45.34,3861100
2015-09-17,45.439999,47.939999,44.93,43.202221,46.59,5946000
2015-09-18,46.220001,47.549999,45.880001,43.322769,46.720001,5491400
2015-09-21,46.869999,47.459998999999996,46.5,43.183673999999996,46.57,2820700
2015-09-22,46.09,47.049999,45.860001000000004,43.369129,46.77,2518800
2015-09-23,47.02,48.259997999999996,46.77,43.749313,47.18,2457500
2015-09-24,47.049999,48.52,46.75,44.787872,48.299999,2498600
2015-09-25,48.560001,51.43,47.869999,46.141712,49.759997999999996,6414100
2015-09-28,49.75,50.400002,46.720001,43.786411,47.220001,2925400
2015-09-29,47.360001000000004,48.41,46.5,43.369129,46.77,2839700
2015-09-30,47.450001,48.93,47.169998,45.288609,48.84,2820600
2015-10-01,48.860001000000004,49.919998,48.450001,46.030437,49.639998999999996,2408200
2015-10-02,49.240002000000004,50.560001,48.459998999999996,46.874271,50.549999,2481200
2015-10-05,50.93,51.610001000000004,50.16,47.560463,51.290001000000004,2649100
2015-10-06,51.220001,51.419998,50.16,46.558987,50.209998999999996,3351500
2015-10-07,51.0,51.099998,49.540001000000004,46.864998,50.540001000000004,2805800
2015-10-08,50.43,51.509997999999996,50.099998,47.514095000000005,51.240002000000004,3152200
2015-10-09,51.349998,51.610001000000004,49.43,46.660995,50.32,2517600
2015-10-12,50.540001000000004,50.75,49.720001,46.60535,50.259997999999996,2149300
2015-10-13,50.029999,50.450001,48.939999,45.659523,49.240002000000004,2966600
2015-10-14,49.330002,49.669998,48.790001000000004,45.501888,49.07,2393500
2015-10-15,49.310001,50.419998,49.099998,46.568264,50.220001,2552700
2015-10-16,50.27,50.880001,50.0,46.818634,50.490002000000004,1956400
2015-10-19,50.080002,50.16,47.5,44.185143,47.650002,2872200
2015-10-20,47.59,47.59,46.0,43.026031,46.400002,3280400
2015-10-21,45.830002,46.34,44.779999,42.645851,45.990002000000004,4560200
2015-10-22,46.09,46.52,45.52,43.026031,46.400002,2072100
2015-10-23,46.549999,47.529999,46.43,43.517497999999996,46.93,2119400
2015-10-26,46.849998,47.369999,46.490002000000004,43.526768,46.939999,1890100
2015-10-27,46.759997999999996,47.130001,46.040001000000004,43.508221,46.919998,2651900
2015-10-28,46.990002000000004,48.43,46.990002000000004,44.908424,48.43,2192500
2015-10-29,47.950001,49.32,47.93,45.705890999999994,49.290001000000004,2085500
2015-10-30,49.299999,49.549999,48.68,45.409157,48.970001,2188300
2015-11-02,48.950001,50.57,48.66,46.614628,50.27,2131300
2015-11-03,49.950001,51.16,49.82,47.282272,50.990002000000004,2175800
2015-11-04,51.09,51.91,50.509997999999996,47.124629999999996,50.82,3319600
2015-11-05,52.099998,52.299999,49.450001,46.679539,50.34,3167700
2015-11-06,50.189999,50.759997999999996,49.700001,46.864998,50.540001000000004,1770700
2015-11-09,50.369999,50.580002,49.09,45.594612,49.169998,1711200
2015-11-10,49.139998999999996,50.82,49.029999,46.809353,50.48,2391000
2015-11-11,50.349998,50.849998,49.41,45.863525,49.459998999999996,1996900
2015-11-12,49.09,49.279999,47.389998999999996,44.389145,47.869999,2206200
2015-11-13,47.689999,48.389998999999996,47.360001000000004,44.463328999999995,47.950001,1754900
2015-11-16,47.860001000000004,48.610001000000004,47.16,45.056793,48.59,1903500
2015-11-17,48.639998999999996,49.18,48.310001,45.41843,48.98,1522900
2015-11-18,49.07,50.029999,48.650002,46.345715000000006,49.98,1635000
2015-11-19,49.799999,50.810001,49.709998999999996,46.60535,50.259997999999996,2079700
2015-11-20,50.310001,51.130001,50.16,46.60535,50.259997999999996,1607900
2015-11-23,50.189999,50.82,49.73,46.948452,50.630001,1908900
2015-11-24,50.650002,50.990002000000004,49.52,46.790813,50.459998999999996,1900600
2015-11-25,50.57,50.93,49.549999,46.113892,49.73,1751200
2015-11-27,49.48,50.029999,49.130001,46.113892,49.73,886900
2015-11-30,49.990002000000004,50.07,48.029999,44.583874,48.080002,3300900
2015-12-01,48.299999,50.330002,48.02,46.596081,50.25,2849700
2015-12-02,49.77,50.439999,48.27,45.270638,48.5,1799900
2015-12-03,48.849998,49.25,47.5,44.523903000000004,47.700001,2346800
2015-12-04,47.720001,48.720001,47.380001,44.710587,47.900002,2409400
2015-12-07,47.27,48.139998999999996,45.349998,43.011772,46.080002,3449300
2015-12-08,45.380001,46.099998,45.110001000000004,42.675743,45.720001,2132800
2015-12-09,45.799999,46.310001,45.060001,42.461059999999996,45.490002000000004,1695000
2015-12-10,45.400002,46.060001,45.060001,42.479717,45.509997999999996,1439800
2015-12-11,44.669998,45.200001,43.32,40.6409,43.540001000000004,2270300
2015-12-14,43.23,43.290001000000004,41.57,39.044758,41.830002,3090500
2015-12-15,42.080002,42.849998,40.84,38.335358,41.07,4496200
2015-12-16,40.75,42.369999,40.709998999999996,39.362114,42.169998,3623400
2015-12-17,42.400002,43.110001000000004,42.009997999999996,39.446121000000005,42.259997999999996,2777900
2015-12-18,42.130001,42.630001,41.689999,39.231438,42.029999,4430200
2015-12-21,42.150002,42.669998,41.860001000000004,39.558132,42.380001,1842200
2015-12-22,42.380001,42.709998999999996,41.009997999999996,38.456703000000005,41.200001,2481900
2015-12-23,41.860001000000004,41.990002000000004,40.689999,39.1661,41.959998999999996,2845300
2015-12-24,41.759997999999996,42.0,41.290001000000004,38.914074,41.689999,591600
2015-12-28,41.43,41.610001000000004,40.419998,37.905986999999996,40.610001000000004,1559100
2015-12-29,41.18,41.18,40.080002,37.859322,40.560001,2006200
2015-12-30,40.389998999999996,40.759997999999996,39.66,37.159256,39.810001,2667900
2015-12-31,39.540001000000004,40.080002,39.0,37.233925,39.889998999999996,2955100
2016-01-04,39.66,40.349998,39.189999,37.560627000000004,40.240002000000004,3328900
2016-01-05,40.240002000000004,41.290001000000004,40.150002,38.372696000000005,41.110001000000004,3342700
2016-01-06,40.330002,40.82,38.610001000000004,36.235176,38.82,4133100
2016-01-07,37.98,38.950001,37.759997999999996,36.169834,38.75,3745900
2016-01-08,38.880001,39.02,37.5,35.040401,37.540001000000004,2787400
2016-01-11,37.669998,38.330002,37.150002,35.535114,38.07,2803400
2016-01-12,38.68,39.0,36.98,35.899147,38.459998999999996,2602500
2016-01-13,38.43,38.599998,35.16,32.902885,35.25,4088900
2016-01-14,35.5,36.630001,33.98,33.873634,36.290001000000004,3980800
2016-01-15,34.740002000000004,35.330002,33.900002,31.717445,33.98,6265800
2016-01-19,34.380001,35.18,33.439999,31.605438,33.860001000000004,3541500
2016-01-20,32.970001,33.779999,32.419998,31.148062,33.369999,4111000
2016-01-21,33.23,34.169998,32.540001000000004,30.840035999999998,33.040001000000004,3047800
2016-01-22,34.119999,36.759997999999996,34.049999,33.742958,36.150002,4606100
2016-01-25,35.849998,36.029999,33.709998999999996,31.586769,33.84,2842700
2016-01-26,34.200001,34.59,33.299999,32.221493,34.52,2601600
2016-01-27,34.639998999999996,34.639998999999996,32.529999,30.700021999999997,32.889998999999996,2653400
2016-01-28,33.959998999999996,34.349998,33.07,31.306746,33.540001000000004,2512800
2016-01-29,33.560001,35.049999,33.389998999999996,32.641525,34.970001,3188300
2016-02-01,34.75,36.040001000000004,34.299999,33.360256,35.740002000000004,3095000
2016-02-02,34.669998,34.82,33.099998,31.138728999999998,33.360001000000004,2467200
2016-02-03,33.529999,33.619999,31.040001,29.710602,31.83,5050900
2016-02-04,32.02,32.98,31.49,30.205313,32.360001000000004,3411700
2016-02-05,32.0,32.080002,30.57,28.945203999999997,31.01,3656800
2016-02-08,30.280001000000002,31.120001000000002,29.549999,28.767854999999997,30.82,3633100
2016-02-09,30.41,31.67,30.0,28.973204,31.040001,3906400
2016-02-10,31.17,31.620001000000002,30.16,28.385153000000003,30.41,3313600
2016-02-11,29.799999,30.32,29.0,27.946451,29.940001000000002,3606000
2016-02-12,30.5,30.860001,30.120001000000002,28.665178000000004,30.709999,2058500
2016-02-16,31.049999,31.370001000000002,29.92,28.814526,30.870001000000002,2955800
2016-02-17,31.1,31.84,30.860001,29.001209000000003,31.07,3557000
2016-02-18,31.42,31.5,29.77,28.030457000000002,30.030001000000002,3815600
2016-02-19,29.629998999999998,30.76,29.35,28.711851,30.76,2205600
2016-02-22,31.219998999999998,32.290001000000004,30.950001,29.523918,31.629998999999998,2776600
2016-02-23,31.25,31.809998999999998,30.360001,28.366484000000003,30.389999,3078700
2016-02-24,30.67,33.860001000000004,29.77,31.5681,33.82,4858300
2016-02-25,33.27,33.919998,32.099998,31.605438,33.860001000000004,4076700
2016-02-26,34.130001,34.52,32.849998,30.700021999999997,32.889998999999996,2886100
2016-02-29,32.990002000000004,33.959998999999996,32.689999,31.5681,33.82,2948400
2016-03-01,33.82,34.919998,33.150002,32.258831,34.560001,3101300
2016-03-02,33.82,34.189999,32.549999,31.241021999999997,33.150002,3610900
2016-03-03,33.349998,35.650002,33.349998,33.531086,35.580002,3676000
2016-03-04,35.73,36.029999,34.5,32.880821000000005,34.889998999999996,3114500
2016-03-07,34.84,36.169998,34.610001000000004,33.766684999999995,35.830002,3224500
2016-03-08,35.799999,36.450001,34.889998999999996,33.078728000000005,35.099998,3804100
2016-03-09,35.540001000000004,36.849998,35.389998999999996,34.50177,36.610001000000004,2854200
2016-03-10,36.610001000000004,36.610001000000004,34.900002,33.352024,35.389998999999996,2434200
2016-03-11,35.93,36.290001000000004,35.049999,34.162502,36.25,2011600
2016-03-14,35.849998,36.150002,35.029999,33.342597999999995,35.380001,2595600
2016-03-15,34.68,35.32,34.27,33.201237,35.23,1971300
2016-03-16,34.900002,35.950001,34.84,33.568779,35.619999,2547800
2016-03-17,35.549999,35.959998999999996,34.849998,33.653599,35.709998999999996,2450000
2016-03-18,35.700001,36.48,35.509997999999996,34.030567,36.110001000000004,4327400
2016-03-21,36.18,36.57,35.810001,33.851509,35.919998,1520600
2016-03-22,35.799999,39.169998,35.610001000000004,36.150997,38.360001000000004,5256300
2016-03-23,37.189999,37.599998,34.959998999999996,33.050453000000005,35.07,3978000
2016-03-24,34.970001,35.790001000000004,34.75,33.295483000000004,35.330002,2311900
2016-03-28,35.599998,36.490002000000004,35.07,33.653599,35.709998999999996,2165500
2016-03-29,35.279999,35.810001,34.639998999999996,33.474545,35.52,1966300
2016-03-30,35.880001,36.029999,34.349998,32.409611,34.389998999999996,2193800
2016-03-31,34.43,35.709998999999996,34.049999,33.28606,35.32,2746200
2016-04-01,34.490002000000004,34.580002,33.700001,32.230553,34.200001,1902800
2016-04-04,33.880001,35.200001,33.75,32.560402,34.549999,1838800
2016-04-05,34.34,35.02,33.919998,32.004372,33.959998999999996,2411400
2016-04-06,34.049999,34.25,32.91,32.108036,34.07,2470200
2016-04-07,33.990002000000004,34.689999,33.689999,32.30595,34.279999,2685400
2016-04-08,34.68,36.0,34.25,33.276634,35.310001,2110700
2016-04-11,35.68,35.68,34.23,32.626366,34.619999,2346000
2016-04-12,34.669998,35.98,34.299999,33.28606,35.32,2067600
2016-04-13,35.580002,36.07,34.93,33.860931,35.93,1545400
2016-04-14,36.060001,36.16,35.349998,33.399143,35.439999,1311900
2016-04-15,35.119999,35.57,33.919998,32.126892,34.09,2011800
2016-04-18,33.560001,34.880001,33.23,32.758301,34.759997999999996,2084000
2016-04-19,34.830002,35.43,34.110001000000004,32.824272,34.830002,1745100
2016-04-20,34.740002000000004,35.59,33.889998999999996,33.257785999999996,35.290001000000004,2238600
2016-04-21,35.290001000000004,36.209998999999996,34.939999,33.974018,36.049999,1784300
2016-04-22,36.16,36.959998999999996,35.82,34.134235,36.220001,1792500
2016-04-25,36.200001,36.68,35.689999,34.558315,36.669998,1868900
2016-04-26,36.990002000000004,37.349998,36.650002,34.982407,37.119999,1465900
2016-04-27,37.200001,37.98,37.049999,35.227428,37.380001,1978800
2016-04-28,37.279999,37.68,36.330002,34.285015,36.380001,1673500
2016-04-29,36.25,36.48,34.860001000000004,33.549934,35.599998,2093900
2016-05-02,35.490002000000004,35.619999,34.16,33.446265999999994,35.490002000000004,2496800
2016-05-03,34.810001,34.889998999999996,33.57,32.437881,34.419998,3046400
2016-05-04,33.310001,33.509997999999996,30.809998999999998,29.365615999999996,31.16,5198500
2016-05-05,31.33,31.48,29.68,28.310114000000002,30.040001,4362300
2016-05-06,29.620001000000002,30.700001,29.6,28.159325,29.879998999999998,3501900
2016-05-09,29.68,29.74,27.84,26.434708,28.049999,4928200
2016-05-10,28.450001,29.120001000000002,28.280001000000002,27.34885,29.02,4921100
2016-05-11,29.02,29.559998999999998,28.49,27.565603000000003,29.25,4117300
2016-05-12,29.360001,29.799999,27.950001,26.387589000000002,28.0,2961400
2016-05-13,27.98,28.66,27.59,26.500677000000003,28.120001000000002,2781300
2016-05-16,28.299999,28.299999,26.82,26.142560999999997,27.74,4501300
2016-05-17,27.74,28.639999,27.459999,26.321619000000002,27.93,2754500
2016-05-18,28.379998999999998,29.25,28.18,26.868216999999998,28.51,3121600
2016-05-19,28.35,28.639999,27.209999,25.935228,27.52,2690000
2016-05-20,27.530001000000002,27.85,27.01,26.236801,27.84,2242200
2016-05-23,27.6,28.110001,27.35,25.784445,27.360001,1995700
2016-05-24,27.66,27.93,27.209999,26.255651,27.860001,2162200
2016-05-25,27.67,28.049999,26.99,26.017223,27.280001000000002,2506100
2016-05-26,27.370001000000002,27.43,26.469998999999998,25.378237,26.610001,2438200
2016-05-27,26.48,26.959999,25.799999,25.712032,26.959999,2883200
2016-05-31,26.99,27.309998999999998,26.549999,25.521292000000003,26.76,3516700
2016-06-01,26.610001,28.68,26.610001,26.846951,28.15,7481500
2016-06-02,27.83,28.49,27.389999,26.656208000000003,27.950001,5327300
2016-06-03,28.040001,28.200001,26.969998999999998,25.864632,27.120001000000002,3023400
2016-06-06,27.34,27.52,26.370001000000002,25.855091,27.110001,2989500
2016-06-07,27.280001000000002,27.67,27.059998999999998,26.255651,27.530001000000002,2673300
2016-06-08,27.76,27.790001,26.610001,25.540367,26.780001000000002,3298400
2016-06-09,26.540001,27.120001000000002,26.110001,25.597589000000003,26.84,3457900
2016-06-10,26.459999,27.280001000000002,26.190001000000002,25.778795000000002,27.030001000000002,4009600
2016-06-13,26.799999,26.83,24.950001,23.823689,24.98,4982300
2016-06-14,24.940001000000002,25.549999,24.17,23.528038000000002,24.67,4056900
2016-06-15,24.27,25.98,24.110001,23.928598,25.09,4504200
2016-06-16,24.76,25.0,24.41,23.613874,24.76,3209500
2016-06-17,24.780001000000002,25.41,23.959999,22.984423,24.1,6378600
2016-06-20,24.530001000000002,24.889999,24.09,23.098869,24.219998999999998,3515300
2016-06-21,24.290001,24.75,23.67,23.270535,24.4,4492900
2016-06-22,24.43,24.77,24.17,23.137017999999998,24.26,3134400
2016-06-23,24.610001,24.83,24.450001,23.65202,24.799999,3304100
2016-06-24,23.98,24.51,23.67,23.041647,24.16,4280300
2016-06-27,23.85,23.92,22.530001000000002,21.859043,22.92,4333400
2016-06-28,23.129998999999998,23.969998999999998,23.0,22.79368,23.9,3651000
2016-06-29,23.9,24.41,23.66,22.850903,23.959999,4257600
2016-06-30,23.959999,24.030001000000002,22.85,22.669698999999998,23.77,4835000
2016-07-01,23.73,24.280001000000002,23.559998999999998,23.108404,24.23,3562800
2016-07-05,24.0,24.25,22.75,22.078398,23.15,4495800
2016-07-06,22.959999,22.99,22.07,21.887657,22.950001,6554000
2016-07-07,23.120001000000002,23.99,22.17,21.277281,22.309998999999998,5758600
2016-07-08,22.51,23.059998999999998,22.209999,21.668303,22.719998999999998,4979900
2016-07-11,22.860001,23.26,22.129998999999998,22.059324,23.129998999999998,4374200
2016-07-12,23.32,23.530001000000002,23.01,22.240528,23.32,3214600
2016-07-13,23.32,24.65,23.200001,23.280075,24.41,7472800
2016-07-14,24.65,25.360001,24.65,23.823689,24.98,9190900
2016-07-15,25.059998999999998,25.190001000000002,24.01,22.908125,24.02,4308100
2016-07-18,24.0,24.43,23.08,23.194241,24.32,3683600
2016-07-19,24.26,24.379998999999998,24.049999,23.232388,24.360001,2187100
2016-07-20,24.389999,24.43,23.879998999999998,22.879513,23.99,3272800
2016-07-21,24.02,24.379998999999998,23.940001000000002,22.879513,23.99,2330100
2016-07-22,24.059998999999998,24.16,23.58,23.003498,24.120001000000002,2786000
2016-07-25,23.99,24.540001,23.77,23.041647,24.16,2634600
2016-07-26,24.16,25.34,24.01,24.100264000000003,25.27,2679700
2016-07-27,25.43,25.950001,24.42,23.413593,24.549999,4032600
2016-07-28,24.59,24.98,24.219998999999998,23.480352,24.620001000000002,3209500
2016-07-29,24.5,25.52,24.200001,24.24332,25.42,4866200
2016-08-01,25.32,25.389999,24.57,23.55665,24.700001,3525800
2016-08-02,25.01,26.0,24.870001000000002,24.395914,25.58,5360400
2016-08-03,24.99,26.75,24.969998999999998,25.425922,26.66,7904300
2016-08-04,26.639999,26.76,25.52,24.424526,25.610001,5907600
2016-08-05,25.91,26.629998999999998,25.690001000000002,25.225642999999998,26.450001,3899000
2016-08-08,26.870001000000002,27.51,26.75,26.150743,27.42,6742100
2016-08-09,27.459999,27.5,26.26,25.158882000000002,26.379998999999998,3271200
2016-08-10,26.440001000000002,27.299999,26.18,25.187494,26.41,4273700
2016-08-11,26.639999,27.129998999999998,26.200001,25.740648,26.99,3280000
2016-08-12,27.18,27.98,26.809998999999998,25.874163,27.129998999999998,4505300
2016-08-15,27.25,27.48,26.99,26.093521,27.360001,3290700
2016-08-16,27.379998999999998,27.59,26.889999,25.855091,27.110001,3716200
2016-08-17,27.23,27.58,26.799999,26.207962,27.48,4476400
2016-08-18,27.57,27.629998999999998,26.959999,26.02676,27.290001,3901400
2016-08-19,26.67,27.32,26.66,26.161915,27.1,2961000
2016-08-22,26.93,27.0,25.950001,25.080685,25.98,4354800
2016-08-23,26.120001000000002,26.700001,26.0,25.708183,26.629998999999998,2810400
2016-08-24,26.700001,27.049999,26.219998999999998,25.39926,26.309998999999998,2957400
2016-08-25,26.309998999999998,26.389999,25.57,24.791067,25.68,3535200
2016-08-26,25.809998999999998,26.139999,25.299999,24.800722,25.690001000000002,3714700
2016-08-29,25.709999,25.969998999999998,25.559998999999998,24.877954000000003,25.77,2342100
2016-08-30,25.77,26.040001,25.58,24.974493,25.870001000000002,2236900
2016-08-31,25.790001,26.219998999999998,25.540001,24.984146,25.879998999999998,4054300
2016-09-01,25.92,25.92,24.6,23.796722,24.65,3892500
2016-09-02,24.870001000000002,24.959999,24.389999,23.825684,24.68,3639000
2016-09-06,24.77,25.059998999999998,24.530001000000002,23.970491,24.83,3288600
2016-09-07,24.9,25.190001000000002,24.65,24.260105,25.129998999999998,3147100
2016-09-08,25.34,26.01,25.200001,24.926222,25.82,3646900
2016-09-09,25.57,25.809998999999998,25.27,24.723492,25.610001,4080700
2016-09-12,25.4,26.27,25.190001000000002,25.264104999999997,26.17,4352400
2016-09-13,25.92,26.209999,25.43,24.752453,25.639999,2989900
2016-09-14,25.639999,25.67,24.030001000000002,23.285069,24.120001000000002,4901500
2016-09-15,24.120001000000002,25.74,24.120001000000002,24.404915,25.280001000000002,7086700
2016-09-16,24.889999,25.620001000000002,24.889999,24.404915,25.280001000000002,4871200
2016-09-19,25.43,26.09,24.969998999999998,24.926222,25.82,4080200
2016-09-20,25.75,25.790001,24.780001000000002,23.931877,24.790001,3297000
2016-09-21,24.950001,25.110001,24.24,23.709837,24.559998999999998,3843500
2016-09-22,24.76,24.98,24.59,23.796722,24.65,2692200
2016-09-23,24.51,25.120001000000002,24.360001,23.931877,24.790001,3618800
2016-09-26,24.860001,24.969998999999998,23.85,23.024416,23.85,4220800
2016-09-27,23.75,24.040001,23.280001000000002,22.9858,23.809998999999998,3865000
2016-09-28,23.98,24.32,23.360001,23.217491,24.049999,4819000
2016-09-29,23.99,24.190001000000002,23.299999,22.792723000000002,23.610001,4916600
2016-09-30,23.76,24.66,23.469998999999998,23.651915,24.5,3150200
2016-10-03,24.41,24.65,24.09,23.758106,24.610001,2501000
2016-10-04,24.77,25.620001000000002,24.73,24.47249,25.35,4655900
2016-10-05,25.52,26.690001000000002,25.440001000000002,25.428221,26.34,5620900
2016-10-06,26.18,26.370001000000002,25.68,25.14826,26.049999,4404900
2016-10-07,25.91,25.969998999999998,24.65,23.931877,24.790001,5121800
2016-10-10,24.790001,25.440001000000002,24.790001,24.39526,25.27,2498600
2016-10-11,25.209999,25.32,24.57,23.864298,24.719998999999998,2906300
2016-10-12,24.700001,24.700001,24.030001000000002,23.207838,24.040001,2176300
2016-10-13,23.92,24.030001000000002,23.360001,22.831336999999998,23.65,3907300
2016-10-14,23.809998999999998,23.940001000000002,23.219998999999998,22.754108,23.57,3489000
2016-10-17,23.57,23.99,23.450001,22.812031,23.629998999999998,2687100
2016-10-18,23.809998999999998,24.26,23.700001,22.976145000000002,23.799999,2142200
2016-10-19,23.540001,23.75,22.969998999999998,22.290723999999997,23.09,3766700
2016-10-20,23.0,23.389999,22.809998999999998,22.541723,23.35,2660100
2016-10-21,23.299999,25.08,23.0,23.593989999999998,24.440001000000002,5126000
2016-10-24,24.549999,24.950001,24.33,23.680878,24.530001000000002,2801800
2016-10-25,24.51,24.99,24.26,23.960835999999997,24.82,2676800
2016-10-26,24.57,25.440001000000002,24.450001,24.318029,25.190001000000002,2873900
2016-10-27,25.17,25.23,24.190001000000002,23.381607000000002,24.219998999999998,3483400
2016-10-28,24.120001000000002,24.52,23.6,23.014763000000002,23.84,2687200
2016-10-31,24.16,25.32,24.049999,24.08634,24.950001,4583300
2016-11-01,25.66,26.5,25.120001000000002,24.569031,25.450001,5796600
2016-11-02,25.34,25.5,24.309998999999998,23.767761,24.620001000000002,3645900
2016-11-03,24.690001000000002,25.059998999999998,23.309998999999998,23.063029999999998,23.889999,5251300
2016-11-04,23.780001000000002,24.08,23.27,22.850647,23.67,4175800
2016-11-07,23.959999,23.99,23.190001000000002,22.570683,23.379998999999998,3415900
2016-11-08,23.27,23.33,22.629998999999998,21.914225,22.700001,3237800
2016-11-09,23.07,26.75,23.07,25.312374,26.219998999999998,8507400
2016-11-10,26.42,27.540001,26.02,25.157913,26.059998999999998,6554900
2016-11-11,25.93,26.110001,24.799999,25.090338,25.99,3224100
2016-11-14,26.08,26.940001000000002,26.01,25.988144000000002,26.92,3089300
2016-11-15,27.02,27.540001,26.629998999999998,26.152260000000002,27.09,4082000
2016-11-16,27.02,27.790001,26.83,26.808721999999996,27.77,3507100
2016-11-17,27.950001,28.540001,27.280001000000002,26.943876,27.91,5338800
2016-11-18,28.040001,28.040001,26.9,26.403259000000002,27.35,5519100
2016-11-21,27.74,29.059998999999998,27.639999,27.996143,29.0,4375100
2016-11-22,29.17,29.690001000000002,28.870001000000002,28.305066999999998,29.32,3787200
2016-11-23,28.700001,29.030001000000002,28.0,27.777826,28.450001,3510500
2016-11-25,28.309998999999998,28.530001000000002,28.01,27.426332000000002,28.09,1216900
2016-11-28,28.18,28.440001000000002,27.67,27.0846,27.74,3094500
2016-11-29,27.389999,27.969998999999998,27.059998999999998,26.889328000000003,27.540001,2595900
2016-11-30,27.98,28.879998999999998,27.1,28.090265000000002,28.77,4886900
2016-12-01,29.139999,29.82,28.700001,28.412468,29.1,3597200
2016-12-02,29.08,29.65,29.08,28.539396000000004,29.23,2660800
2016-12-05,29.98,31.24,29.67,30.355452000000003,31.09,4223000
2016-12-06,30.940001000000002,31.309998999999998,30.450001,30.394506,31.129998999999998,3485100
2016-12-07,31.1,33.130001,31.09,32.239853000000004,33.02,4980900
2016-12-08,33.360001000000004,34.130001,33.349998,33.294334,34.099998,5666500
2016-12-09,33.849998,34.040001000000004,32.810001,32.288672999999996,33.07,3762200
2016-12-12,33.700001,33.700001,32.169998,31.614975,32.380001,2963800
2016-12-13,32.91,33.389998999999996,32.560001,31.888359,32.66,2606700
2016-12-14,32.27,32.619999,31.43,30.863166999999997,31.610001,4122400
2016-12-15,31.59,32.490002000000004,31.48,31.009622999999998,31.76,3622200
2016-12-16,32.0,32.290001000000004,31.32,31.02915,31.780001000000002,4637600
2016-12-19,31.75,31.889999,30.99,30.453090999999997,31.190001000000002,2138900
2016-12-20,31.450001,32.200001,31.209999,30.716709,31.459999,2336500
2016-12-21,31.42,32.119999,31.27,31.117023,31.870001000000002,2108900
2016-12-22,32.5,32.900002,32.009997999999996,31.859068,32.630001,2871500
2016-12-23,32.470001,33.259997999999996,32.400002,32.347256,33.130001,2183300
2016-12-27,33.130001,33.549999,33.049999,32.728039,33.52,2210100
2016-12-28,33.5,33.720001,33.099998,32.454654999999995,33.240002000000004,2543700
2016-12-29,33.169998,33.700001,32.77,32.376545,33.16,1993900
2016-12-30,33.09,33.630001,32.68,31.985994,32.759997999999996,1955200
2017-01-03,33.209998999999996,34.299999,32.889998999999996,32.776855,33.57,3075900
2017-01-04,34.130001,34.779999,33.619999,33.489609,34.299999,4063500
2017-01-05,34.189999,34.25,33.290001000000004,32.952606,33.75,3319800
2017-01-06,33.779999,33.900002,31.98,31.253714000000002,32.009997999999996,3791800
2017-01-09,31.709999,31.75,30.860001,30.218759999999996,30.950001,3569900
2017-01-10,30.9,31.84,30.67,29.984428,30.709999,3829100
2017-01-11,30.73,31.43,30.66,30.316397,31.049999,2231700
2017-01-12,31.389999,31.530001000000002,30.299999,29.828209,30.549999,1979700
2017-01-13,30.120001000000002,30.540001,29.98,29.320496000000002,30.030001000000002,2114700
2017-01-17,30.33,30.790001,29.75,29.340023,30.049999,2223200
2017-01-18,29.93,30.41,29.879998999999998,29.496243,30.209999,1836100
2017-01-19,30.26,30.26,29.6,29.144748999999997,29.85,2450900
2017-01-20,30.280001000000002,30.4,29.709999,29.271675,29.98,2020600
2017-01-23,29.75,30.030001000000002,29.200001,28.607742,29.299999,2547900
2017-01-24,29.59,30.6,29.370001000000002,29.867265999999997,30.59,3348700
2017-01-25,30.66,30.940001000000002,29.950001,30.130888,30.860001,2521000
2017-01-26,30.84,31.0,29.639999,28.998293,29.700001,2744600
2017-01-27,29.799999,29.99,28.959999,28.402703999999996,29.09,3142500
2017-01-30,28.98,29.43,28.66,28.695618,29.389999,3152600
2017-01-31,29.540001,29.59,28.43,28.28554,28.969998999999998,4132000
2017-02-01,29.440001000000002,29.49,27.85,27.455624,28.120001000000002,3446700
2017-02-02,28.24,28.51,27.66,27.504441999999997,28.17,3668900
2017-02-03,28.25,28.66,27.879998999999998,27.982862,28.66,1804600
2017-02-06,28.67,29.0,28.440001000000002,27.914518,28.59,1955000
2017-02-07,28.75,28.879998999999998,28.290001,27.758298999999997,28.43,1646300
2017-02-08,28.25,29.59,28.1,28.851834999999998,29.549999,3802300
2017-02-09,29.870001000000002,30.4,29.75,29.466951,30.18,2547900
2017-02-10,30.49,30.620001000000002,29.889999,29.437659999999997,30.15,1648800
2017-02-13,29.83,30.120001000000002,29.51,28.959238,29.66,2745100
2017-02-14,29.530001000000002,29.940001000000002,29.209999,29.213096999999998,29.92,1598100
2017-02-15,29.84,30.200001,29.639999,29.437659999999997,30.15,1983600
2017-02-16,30.17,30.33,29.809998999999998,29.291203999999997,30.0,2566200
2017-02-17,29.75,29.98,29.5,29.213096999999998,29.92,1617000
2017-02-21,30.1,30.190001000000002,29.58,29.281440999999997,29.99,2349600
2017-02-22,29.41,29.549999,28.58,28.217194,28.9,4612800
2017-02-23,29.17,29.700001,28.959999,28.705381,29.4,3295700
2017-02-24,28.82,28.959999,28.27,28.577013,28.940001000000002,2677500
2017-02-27,28.620001000000002,29.07,28.41,28.152404999999998,28.51,2814800
2017-02-28,28.51,29.68,28.450001,28.912747999999997,29.280001000000002,7185200
2017-03-01,29.6,30.17,29.24,29.011491999999997,29.379998999999998,3905600
2017-03-02,29.26,29.290001,28.02,27.77717,28.129998999999998,4263300
2017-03-03,28.24,28.6,27.959999,27.737672999999997,28.09,2387100
2017-03-06,28.01,28.24,27.620001000000002,27.856167,28.209999,2023500
2017-03-07,28.23,28.440001000000002,27.34,27.066202,27.41,3152000
2017-03-08,27.42,27.83,27.190001000000002,26.927959,27.27,4626200
2017-03-09,27.15,27.209999,26.65,26.671219,27.01,2978500
2017-03-10,27.16,27.49,27.030001000000002,27.105701,27.450001,2061100
2017-03-13,27.530001000000002,28.49,27.530001000000002,27.530306,27.879998999999998,2876600
2017-03-14,27.57,27.620001000000002,27.209999,27.243944,27.59,2196300
2017-03-15,27.860001,28.360001,27.790001,27.954914000000002,28.309998999999998,3288700
2017-03-16,28.49,28.74,28.209999,28.142529999999997,28.5,3009800
2017-03-17,28.59,28.68,28.16,27.925290999999998,28.280001000000002,4263000
2017-03-20,28.209999,28.629998999999998,27.9,28.182029999999997,28.540001,4222800
2017-03-21,28.5,28.59,27.42,27.174823999999997,27.52,3223600
2017-03-22,27.379998999999998,27.76,27.129998999999998,27.184697999999997,27.530001000000002,2471400
2017-03-23,27.559998999999998,27.68,27.01,26.700844,27.040001,3182600
2017-03-24,27.18,27.25,26.639999,26.315734999999997,26.65,2839000
2017-03-27,26.48,27.0,26.23,26.276237,26.610001,2728900
2017-03-28,26.700001,27.0,26.33,26.463852000000003,26.799999,4433100
2017-03-29,27.040001,28.559998999999998,26.969998999999998,28.112906,28.469998999999998,5131600
2017-03-30,28.450001,28.6,28.08,27.747549,28.1,4263100
2017-03-31,28.02,28.43,28.02,27.984537,28.34,2594200
2017-04-03,28.299999,28.32,27.34,27.362438,27.709999,3140100
2017-04-04,27.709999,28.049999,27.51,27.421688,27.77,2124500
2017-04-05,27.77,28.190001000000002,26.870001000000002,26.552725,26.889999,2750000
2017-04-06,27.01,27.07,26.26,26.049120000000002,26.379998999999998,3088300
2017-04-07,26.360001,26.860001,25.98,26.266363000000002,26.6,3665700
2017-04-10,26.639999,27.469998999999998,26.629998999999998,26.937834000000002,27.280001000000002,2040800
2017-04-11,27.24,27.870001000000002,26.93,27.500684999999997,27.85,2686600
2017-04-12,27.85,28.27,27.57,27.471059999999998,27.82,3333900
2017-04-13,27.940001000000002,28.18,27.27,27.006956,27.35,2980600
2017-04-17,27.33,27.4,27.040001,26.937834000000002,27.280001000000002,1866000
2017-04-18,27.08,27.5,26.700001,26.602097999999998,26.940001000000002,2944400
2017-04-19,26.98,27.1,26.309998999999998,26.098494,26.43,3019500
2017-04-20,26.530001000000002,27.120001000000002,26.42,26.513227,26.85,1793700
2017-04-21,26.940001000000002,28.049999,26.82,27.530306,27.879998999999998,3683800
2017-04-24,28.18,29.120001000000002,28.139999,28.458516999999997,28.82,3641100
2017-04-25,28.83,29.139999,28.6,28.399269,28.76,2767200
2017-04-26,28.690001000000002,29.1,28.24,27.905540000000002,28.26,2989900
2017-04-27,28.0,28.35,27.67,27.885792,28.24,3410800
2017-04-28,28.4,28.4,27.76,27.787045000000003,28.139999,3325500
2017-05-01,28.139999,28.219998999999998,27.860001,27.757423,28.110001,1576200
2017-05-02,28.27,28.370001000000002,28.08,27.984537,28.34,2334000
2017-05-03,26.9,27.77,26.33,26.839087,27.18,3495700
2017-05-04,26.610001,27.0,25.83,25.713387,26.040001,3276300
2017-05-05,26.200001,27.030001000000002,26.07,26.602097999999998,26.940001000000002,3476500
2017-05-08,26.85,27.6,26.77,27.243944,27.59,2357300
2017-05-09,27.610001,27.98,27.379998999999998,27.441437,27.790001,2644300
2017-05-10,27.940001000000002,28.360001,27.559998999999998,27.875916999999998,28.23,2791600
2017-05-11,28.23,28.42,27.67,27.392063,27.74,2059600
2017-05-12,27.9,27.98,27.549999,27.293318,27.639999,1554700
2017-05-15,28.07,28.25,27.280001000000002,27.085951,27.43,1863900
2017-05-16,27.469998999999998,27.549999,26.879998999999998,26.730466999999997,27.07,1802400
2017-05-17,27.07,27.1,26.309998999999998,26.137991,26.469998999999998,2756900
2017-05-18,26.389999,26.610001,26.059998999999998,25.98,26.309998999999998,2144900
2017-05-19,26.09,26.59,25.99,26.389999,26.389999,2472800
2017-05-22,26.48,26.92,26.4,26.65,26.65,1814400
2017-05-23,26.610001,26.66,26.08,26.33,26.33,2227000
2017-05-24,26.26,26.65,25.82,26.15,26.15,1888400
2017-05-25,26.01,26.43,25.43,25.51,25.51,3245800
2017-05-26,25.41,25.530001000000002,24.620001000000002,24.77,24.77,2669300
2017-05-30,24.65,24.85,24.35,24.450001,24.450001,2505000
2017-05-31,24.299999,24.4,23.459999,23.9,23.9,4214200
2017-06-01,24.0,24.709999,23.620001000000002,24.65,24.65,3370700
2017-06-02,24.52,24.58,23.85,24.040001,24.040001,2537000
2017-06-05,24.0,24.43,23.889999,24.25,24.25,1800700
2017-06-06,24.110001,24.24,23.639999,24.08,24.08,2307400
2017-06-07,23.91,24.389999,23.65,24.059998999999998,24.059998999999998,2846100
2017-06-08,24.120001000000002,24.889999,24.059998999999998,24.559998999999998,24.559998999999998,3150700
2017-06-09,24.59,25.74,24.440001000000002,25.66,25.66,3285500
2017-06-12,25.83,26.48,25.82,25.84,25.84,3662200
2017-06-13,25.85,26.610001,25.629998999999998,26.469998999999998,26.469998999999998,2622400
2017-06-14,26.4,26.459999,25.1,25.23,25.23,2097900
2017-06-15,25.23,25.73,25.139999,25.440001000000002,25.440001000000002,3467600
2017-06-16,25.51,26.309998999999998,25.4,26.26,26.26,3370800
2017-06-19,26.299999,26.870001000000002,26.209999,26.74,26.74,2319300
2017-06-20,26.299999,26.42,25.75,25.85,25.85,2439200
2017-06-21,25.77,26.23,25.33,25.870001000000002,25.870001000000002,2837500
2017-06-22,26.07,26.84,25.93,26.629998999999998,26.629998999999998,3067500
2017-06-23,26.59,27.18,26.27,27.15,27.15,3545300
2017-06-26,27.17,27.66,27.02,27.32,27.32,2615100
2017-06-27,27.35,28.26,27.200001,27.65,27.65,2852200
2017-06-28,27.809998999999998,28.389999,27.700001,27.91,27.91,1869900
2017-06-29,28.01,28.34,27.57,28.0,28.0,2270700
2017-06-30,28.049999,28.25,27.450001,27.469998999999998,27.469998999999998,2950200
2017-07-03,27.610001,28.23,27.610001,28.030001000000002,28.030001000000002,895000
2017-07-05,27.9,27.9,26.75,26.879998999999998,26.879998999999998,2373300
2017-07-06,26.860001,27.030001000000002,26.18,26.190001000000002,26.190001000000002,3006500
2017-07-07,26.18,27.17,25.969998999999998,27.09,27.09,2600200
2017-07-10,26.889999,27.440001000000002,26.82,27.32,27.32,3325900
2017-07-11,27.280001000000002,27.559998999999998,27.0,27.209999,27.209999,1628400
2017-07-12,27.65,27.700001,27.02,27.110001,27.110001,2022600
2017-07-13,27.030001000000002,27.23,26.43,26.889999,26.889999,1961800
2017-07-14,26.92,27.129998999999998,26.790001,26.959999,26.959999,1822600
