Date,Open,High,Low,Close,Adj Close,Volume
2010-01-04,104.769997,104.769997,104.339996,78.812454,104.699997,2017600.0
2010-01-05,104.980003,105.449997,104.860001,79.18885,105.199997,1143800.0
2010-01-06,105.389999,105.449997,104.82,78.95549799999999,104.889999,1005500.0
2010-01-07,104.970001,105.220001,104.870003,79.053329,105.019997,1264100.0
2010-01-08,105.139999,105.25,104.970001,79.22649399999999,105.25,704600.0
2010-01-11,105.0,105.379997,105.0,79.30928,105.360001,817500.0
2010-01-12,105.41999799999999,105.650002,105.32,79.459846,105.559998,1343100.0
2010-01-13,105.540001,105.57,105.0,79.128647,105.120003,1090700.0
2010-01-14,105.459999,105.5,105.029999,79.414711,105.5,873200.0
2010-01-15,105.720001,105.800003,105.43,79.384552,105.459999,834300.0
2010-01-19,105.269997,105.57,105.019997,79.452301,105.550003,822100.0
2010-01-20,105.699997,105.839996,105.43,79.39962,105.480003,1112000.0
2010-01-21,105.75,106.269997,105.699997,79.61039,105.760002,1333400.0
2010-01-22,105.779999,105.800003,105.5,79.489944,105.599998,1003800.0
2010-01-25,105.550003,105.629997,105.43,79.482422,105.589996,765100.0
2010-01-26,105.690002,105.699997,105.239998,79.27164499999999,105.309998,887200.0
2010-01-27,105.440002,105.440002,104.68,78.985596,104.93,1496100.0
2010-01-28,104.970001,105.25,104.760002,78.872711,104.779999,1158800.0
2010-01-29,104.989998,105.459999,104.900002,79.377052,105.449997,1218600.0
2010-02-01,105.050003,105.08000200000001,104.41999799999999,79.023224,104.529999,1202800.0
2010-02-02,104.650002,105.07,104.650002,79.272713,104.860001,1950500.0
2010-02-03,104.83000200000001,104.900002,104.519997,79.189545,104.75,1478800.0
2010-02-04,104.849998,104.889999,104.540001,79.181984,104.739998,1116700.0
2010-02-05,104.629997,104.720001,104.220001,78.940063,104.41999799999999,2204600.0
2010-02-08,104.529999,104.68,104.309998,79.015671,104.519997,1736500.0
2010-02-09,104.589996,104.699997,104.279999,78.83420600000001,104.279999,969800.0
2010-02-10,104.209999,104.32,103.379997,78.22191600000001,103.470001,1178000.0
2010-02-11,103.599998,103.769997,103.339996,78.403328,103.709999,1045500.0
2010-02-12,103.83000200000001,103.980003,103.68,78.494026,103.83000200000001,707100.0
2010-02-16,103.610001,104.239998,103.5,78.804024,104.239998,1029500.0
2010-02-17,104.190002,104.209999,103.629997,78.53939799999999,103.889999,717200.0
2010-02-18,103.910004,104.07,103.5,78.486473,103.82,1717100.0
2010-02-19,103.699997,104.190002,103.660004,78.766205,104.190002,1827800.0
2010-02-22,104.120003,104.25,104.010002,78.81156899999999,104.25,585900.0
2010-02-23,104.33000200000001,104.540001,104.190002,79.000557,104.5,1095300.0
2010-02-24,104.650002,105.0,104.550003,79.34072900000001,104.949997,924400.0
2010-02-25,105.120003,105.120003,104.83000200000001,79.257545,104.839996,572300.0
2010-02-26,104.989998,105.559998,104.989998,79.77918199999999,105.529999,804600.0
2010-03-01,105.190002,105.290001,104.900002,79.881691,105.220001,598700.0
2010-03-02,105.029999,105.550003,105.0,80.04870600000001,105.440002,625600.0
2010-03-03,105.190002,105.660004,105.190002,80.215767,105.660004,746300.0
2010-03-04,105.559998,105.809998,105.379997,80.25370799999999,105.709999,492300.0
2010-03-05,105.620003,105.639999,105.110001,80.155045,105.58000200000001,786000.0
2010-03-08,105.58000200000001,105.75,105.379997,80.284065,105.75,966800.0
2010-03-09,105.709999,105.82,105.589996,80.208122,105.650002,722100.0
2010-03-10,105.489998,105.75,105.370003,80.284065,105.75,688200.0
2010-03-11,105.58000200000001,105.75,105.440002,80.25370799999999,105.709999,480000.0
2010-03-12,105.620003,105.980003,105.5,80.420738,105.93,819100.0
2010-03-15,105.970001,105.980003,105.66999799999999,80.405571,105.910004,497200.0
2010-03-16,106.0,106.400002,105.860001,80.777565,106.400002,635600.0
2010-03-17,106.58000200000001,106.860001,106.400002,81.073608,106.790001,983900.0
2010-03-18,106.75,106.809998,106.58000200000001,80.91415400000001,106.58000200000001,497200.0
2010-03-19,106.5,106.760002,106.400002,80.85345500000001,106.5,621500.0
2010-03-22,106.379997,106.75,106.379997,80.982513,106.66999799999999,406000.0
2010-03-23,106.739998,106.849998,106.599998,80.929405,106.599998,463300.0
2010-03-24,106.160004,106.269997,105.589996,80.329628,105.809998,801600.0
2010-03-25,105.660004,105.790001,105.239998,80.04113000000001,105.43,985400.0
2010-03-26,105.349998,105.75,105.309998,80.284065,105.75,614000.0
2010-03-29,105.739998,105.790001,105.370003,80.215767,105.660004,597600.0
2010-03-30,105.629997,105.790001,105.449997,80.261284,105.720001,616100.0
2010-03-31,105.82,106.010002,105.730003,80.29924799999999,105.769997,997800.0
2010-04-01,105.449997,105.620003,105.290001,80.473869,105.529999,1565600.0
2010-04-05,105.010002,105.120003,104.440002,79.73419200000001,104.559998,1417800.0
2010-04-06,104.900002,105.139999,104.739998,79.924835,104.809998,1175000.0
2010-04-07,104.93,105.489998,104.93,80.328979,105.339996,1041200.0
2010-04-08,105.589996,105.650002,105.139999,80.176491,105.139999,938600.0
2010-04-09,105.25,105.400002,105.029999,80.229858,105.209999,657800.0
2010-04-12,105.349998,105.599998,105.300003,80.458618,105.510002,502800.0
2010-04-13,105.760002,105.91999799999999,105.58000200000001,80.748405,105.889999,728100.0
2010-04-14,105.949997,106.0,105.650002,80.679787,105.800003,697200.0
2010-04-15,105.790001,106.139999,105.660004,80.817047,105.980003,766300.0
2010-04-16,106.160004,106.459999,105.980003,81.007683,106.230003,1091800.0
2010-04-19,106.360001,106.360001,105.959999,80.801811,105.959999,643900.0
2010-04-20,106.16999799999999,106.209999,106.019997,80.97718,106.190002,923200.0
2010-04-21,106.480003,106.720001,106.269997,81.259338,106.559998,646600.0
2010-04-22,106.559998,106.75,106.300003,81.076309,106.32,248000.0
2010-04-23,106.269997,106.379997,106.160004,81.061058,106.300003,327400.0
2010-04-26,106.480003,106.559998,106.209999,81.099197,106.349998,839900.0
2010-04-27,106.58000200000001,106.93,106.25,81.15258,106.41999799999999,590500.0
2010-04-28,106.339996,106.849998,106.25,81.28981800000001,106.599998,1670600.0
2010-04-29,106.860001,106.949997,106.629997,81.495758,106.870003,1102600.0
2010-04-30,107.0,107.540001,106.870003,81.831238,107.309998,1031700.0
2010-05-03,106.910004,106.949997,106.68,81.855751,106.889999,495800.0
2010-05-04,107.059998,107.349998,106.949997,81.955322,107.019997,844700.0
2010-05-05,107.010002,107.190002,106.129997,81.60305799999999,106.559998,1288500.0
2010-05-06,106.349998,106.610001,102.470001,80.25522600000001,104.800003,1687800.0
2010-05-07,105.589996,106.120003,104.83000200000001,80.515625,105.139999,1758600.0
2010-05-10,105.400002,105.970001,105.400002,81.021049,105.800003,1275900.0
2010-05-11,105.699997,105.959999,105.370003,81.105278,105.910004,997500.0
2010-05-12,105.779999,106.040001,105.599998,81.07466099999999,105.870003,1034900.0
2010-05-13,106.190002,106.230003,105.709999,81.312027,106.18,585100.0
2010-05-14,106.339996,106.68,105.970001,81.289047,106.150002,575700.0
2010-05-17,106.519997,106.790001,106.0,81.426918,106.33000200000001,877200.0
2010-05-18,106.660004,106.900002,106.290001,81.687309,106.66999799999999,582100.0
2010-05-19,106.410004,107.0,106.410004,81.7332,106.730003,503300.0
2010-05-20,106.800003,106.93,106.260002,81.54941600000001,106.489998,1009400.0
2010-05-21,106.559998,106.660004,105.93,81.411621,106.309998,1775500.0
2010-05-24,106.360001,106.68,106.349998,81.62603,106.589996,717800.0
2010-05-25,106.41999799999999,106.480003,105.959999,81.235458,106.08000200000001,901500.0
2010-05-26,106.139999,106.199997,105.760002,81.289047,106.150002,562000.0
2010-05-27,105.730003,105.739998,105.379997,80.867882,105.599998,767600.0
2010-05-28,105.790001,106.029999,105.400002,80.760643,105.459999,1042200.0
2010-06-01,105.029999,105.33000200000001,104.870003,80.693764,104.93,782400.0
2010-06-02,104.93,105.300003,104.93,80.978317,105.300003,521000.0
2010-06-03,105.269997,105.550003,104.959999,80.71685,104.959999,1017000.0
2010-06-04,105.220001,105.660004,105.099998,81.209,105.599998,745200.0
2010-06-07,105.5,106.129997,105.5,81.547386,106.040001,551500.0
2010-06-08,105.980003,106.269997,105.760002,81.547386,106.040001,953500.0
2010-06-09,105.889999,106.230003,105.660004,81.578163,106.08000200000001,526900.0
2010-06-10,105.739998,105.949997,105.459999,81.23979200000001,105.639999,1037200.0
2010-06-11,105.889999,106.08000200000001,105.620003,81.539673,106.029999,483100.0
2010-06-14,105.66999799999999,105.83000200000001,105.440002,81.38588,105.83000200000001,712900.0
2010-06-15,105.870003,105.91999799999999,105.519997,81.285896,105.699997,663100.0
2010-06-16,105.839996,105.900002,105.550003,81.370522,105.809998,568000.0
2010-06-17,106.150002,106.589996,106.0,81.90885899999999,106.510002,1487500.0
2010-06-18,106.529999,106.66999799999999,106.360001,81.901184,106.5,726300.0
2010-06-21,106.33000200000001,106.790001,106.260002,82.108765,106.769997,686300.0
2010-06-22,106.639999,107.33000200000001,106.610001,82.508675,107.290001,657000.0
2010-06-23,107.139999,107.790001,107.129997,82.854721,107.739998,1105800.0
2010-06-24,107.779999,107.83000200000001,107.25,82.524063,107.309998,743000.0
2010-06-25,107.32,107.739998,107.209999,82.662453,107.489998,485000.0
2010-06-28,107.900002,108.120003,107.730003,83.116219,108.08000200000001,772700.0
2010-06-29,108.260002,108.260002,107.940002,83.077759,108.029999,1007200.0
2010-06-30,108.230003,108.459999,108.18,83.408463,108.459999,850800.0
2010-07-01,108.160004,108.459999,108.010002,83.501083,108.139999,1478700.0
2010-07-02,108.150002,108.220001,107.769997,83.261742,107.83000200000001,600400.0
2010-07-06,108.199997,108.599998,108.0,83.609207,108.279999,993400.0
2010-07-07,108.220001,108.540001,108.209999,83.663246,108.349998,634100.0
2010-07-08,108.120003,108.150002,107.870003,83.45475,108.08000200000001,738200.0
2010-07-09,108.08000200000001,108.120003,107.860001,83.35436999999999,107.949997,530000.0
2010-07-12,108.16999799999999,108.260002,107.940002,83.45475,108.08000200000001,585100.0
2010-07-13,108.199997,108.300003,107.959999,83.501083,108.139999,709000.0
2010-07-14,108.230003,108.720001,108.199997,83.87170400000001,108.620003,1880300.0
2010-07-15,108.620003,108.91999799999999,108.620003,84.01841,108.809998,1038800.0
2010-07-16,108.989998,109.370003,108.889999,84.165176,109.0,814100.0
2010-07-19,108.959999,109.139999,108.879997,84.149712,108.980003,580700.0
2010-07-20,108.959999,109.370003,108.959999,84.242355,109.099998,1052100.0
2010-07-21,108.989998,109.629997,108.940002,84.651604,109.629997,779400.0
2010-07-22,109.660004,109.68,109.18,84.543488,109.489998,827300.0
2010-07-23,109.660004,109.690002,109.370003,84.651604,109.629997,675800.0
2010-07-26,109.470001,109.75,109.349998,84.72882800000001,109.730003,538000.0
2010-07-27,109.510002,109.800003,109.360001,84.443123,109.360001,1108600.0
2010-07-28,109.589996,109.769997,109.239998,84.744247,109.75,777600.0
2010-07-29,109.660004,109.900002,109.540001,84.775162,109.790001,513000.0
2010-07-30,110.029999,110.41999799999999,110.029999,85.168945,110.300003,796300.0
2010-08-02,109.910004,109.949997,109.559998,84.988312,109.629997,764100.0
2010-08-03,109.900002,110.040001,109.699997,85.19765500000001,109.900002,1060700.0
2010-08-04,109.83000200000001,109.949997,109.550003,84.93403599999999,109.559998,859900.0
2010-08-05,109.690002,109.889999,109.589996,85.089096,109.760002,1093400.0
2010-08-06,110.190002,110.480003,110.059998,85.577484,110.389999,685700.0
2010-08-09,110.459999,110.779999,110.300003,85.856583,110.75,844400.0
2010-08-10,110.599998,110.730003,110.379997,85.74805500000001,110.610001,1260100.0
2010-08-11,110.629997,110.940002,110.540001,85.740318,110.599998,934600.0
2010-08-12,110.540001,110.699997,110.18,85.437935,110.209999,1427100.0
2010-08-13,110.389999,110.779999,110.339996,85.771294,110.639999,894800.0
2010-08-16,111.279999,111.970001,111.279999,86.717079,111.860001,786200.0
2010-08-17,111.900002,111.980003,111.470001,86.577538,111.68,799600.0
2010-08-18,111.790001,111.989998,111.599998,86.655037,111.779999,1889200.0
2010-08-19,111.589996,112.379997,111.58000200000001,86.74809300000001,111.900002,1439500.0
2010-08-20,111.849998,112.25,111.800003,86.903076,112.099998,1402000.0
2010-08-23,111.989998,112.360001,111.83000200000001,87.08918,112.339996,549100.0
2010-08-24,112.610001,112.800003,112.349998,87.290764,112.599998,826000.0
2010-08-25,113.0,113.0,112.400002,87.45356,112.809998,1820000.0
2010-08-26,112.75,112.959999,112.58000200000001,87.531059,112.910004,703600.0
2010-08-27,112.720001,112.910004,111.82,86.740341,111.889999,1642300.0
2010-08-30,112.459999,112.720001,111.980003,87.30624399999999,112.620003,1574500.0
2010-08-31,112.660004,113.050003,112.400002,87.600838,113.0,1450700.0
2010-09-01,112.349998,112.389999,111.449997,86.94253499999999,111.730003,2395600.0
2010-09-02,111.470001,111.66999799999999,111.33000200000001,86.83359499999999,111.589996,1243900.0
2010-09-03,110.720001,111.150002,110.66999799999999,86.179924,110.75,1184800.0
2010-09-07,111.589996,111.739998,111.0,86.818039,111.57,1128300.0
2010-09-08,111.480003,111.5,111.199997,86.646828,111.349998,556200.0
2010-09-09,111.18,111.199997,110.559998,86.195518,110.769997,967700.0
2010-09-10,110.510002,110.940002,110.41999799999999,86.257767,110.849998,1105900.0
2010-09-13,110.83000200000001,111.300003,110.75,86.37447399999999,111.0,987900.0
2010-09-14,111.199997,111.599998,111.129997,86.779129,111.519997,1846500.0
2010-09-15,111.339996,111.559998,111.199997,86.639046,111.339996,983200.0
2010-09-16,111.040001,111.050003,110.709999,86.366661,110.989998,1382000.0
2010-09-17,111.339996,111.459999,111.040001,86.646828,111.349998,2647200.0
2010-09-20,111.489998,111.589996,111.309998,86.755768,111.489998,775000.0
2010-09-21,111.620003,112.480003,111.599998,87.417175,112.339996,1416600.0
2010-09-22,112.449997,112.589996,112.18,87.362732,112.269997,851200.0
2010-09-23,112.68,112.699997,112.269997,87.42495699999999,112.349998,594200.0
2010-09-24,112.339996,112.339996,112.010002,87.23043100000001,112.099998,1064700.0
2010-09-27,112.529999,112.75,112.410004,87.681747,112.68,770900.0
2010-09-28,112.68,113.190002,112.610001,87.837395,112.879997,595900.0
2010-09-29,112.91999799999999,112.989998,112.68,87.751801,112.769997,751900.0
2010-09-30,112.760002,113.150002,112.199997,88.000801,113.089996,1089800.0
2010-10-01,112.360001,112.540001,108.980003,87.57431,112.110001,3916600.0
2010-10-04,112.120003,112.360001,112.120003,87.714905,112.290001,847300.0
2010-10-05,112.589996,112.720001,112.379997,87.894592,112.519997,1236000.0
2010-10-06,113.129997,113.980003,113.07,88.464844,113.25,1457100.0
2010-10-07,113.43,113.489998,113.16999799999999,88.441383,113.220001,713800.0
2010-10-08,113.5,113.589996,113.07,88.355438,113.110001,1160400.0
2010-10-11,113.089996,113.400002,113.07,88.433563,113.209999,460300.0
2010-10-12,113.279999,113.489998,112.959999,88.300781,113.040001,748800.0
2010-10-13,112.93,113.18,112.699997,88.253883,112.980003,996600.0
2010-10-14,112.839996,112.949997,112.050003,87.54306,112.07,1236100.0
2010-10-15,111.68,111.970001,111.360001,86.988457,111.360001,1287700.0
2010-10-18,111.790001,112.150002,111.760002,87.589951,112.129997,662600.0
2010-10-19,111.790001,112.379997,111.739998,87.597717,112.139999,685300.0
2010-10-20,112.190002,112.620003,111.910004,87.75395999999999,112.339996,632700.0
2010-10-21,112.290001,112.57,112.040001,87.519623,112.040001,841200.0
2010-10-22,112.089996,112.339996,112.0,87.628975,112.18,640000.0
2010-10-25,112.82,112.910004,112.550003,87.941467,112.58000200000001,716400.0
2010-10-26,112.160004,112.440002,111.980003,87.472748,111.980003,598800.0
2010-10-27,111.66999799999999,111.91999799999999,111.660004,87.246246,111.690002,1751000.0
2010-10-28,111.989998,112.339996,111.910004,87.597717,112.139999,1264500.0
2010-10-29,112.160004,112.5,112.120003,87.76960799999999,112.360001,583800.0
2010-11-01,112.08000200000001,112.57,111.769997,87.739799,111.889999,865500.0
2010-11-02,112.08000200000001,112.459999,112.08000200000001,88.147568,112.410004,555600.0
2010-11-03,112.610001,112.900002,111.800003,87.857407,112.040001,932000.0
2010-11-04,112.58000200000001,113.190002,112.58000200000001,88.688629,113.099998,990300.0
2010-11-05,112.870003,113.029999,112.610001,88.406311,112.739998,455800.0
2010-11-08,112.849998,112.980003,112.57,88.453362,112.800003,432500.0
2010-11-09,112.910004,112.91999799999999,111.910004,87.79469300000001,111.959999,1438900.0
2010-11-10,111.629997,111.93,110.809998,87.606499,111.720001,1169900.0
2010-11-11,111.699997,111.75,111.220001,87.222252,111.230003,778500.0
2010-11-12,111.099998,111.25,110.41999799999999,86.610588,110.449997,1351700.0
2010-11-15,110.059998,110.279999,109.239998,85.661697,109.239998,1294100.0
2010-11-16,109.5,109.900002,109.019997,86.116615,109.82,2219600.0
2010-11-17,109.910004,110.370003,109.769997,86.116615,109.82,1237000.0
2010-11-18,109.93,110.08000200000001,109.480003,86.179337,109.900002,1001200.0
2010-11-19,110.07,110.360001,109.900002,86.477272,110.279999,676400.0
2010-11-22,110.5,110.910004,110.5,86.955627,110.889999,759800.0
2010-11-23,111.160004,111.190002,110.75,87.002678,110.949997,749200.0
2010-11-24,110.440002,110.459999,109.860001,86.28909300000001,110.040001,644500.0
2010-11-26,110.18,110.339996,109.959999,86.39888,110.18,233400.0
2010-11-29,110.32,110.5,110.190002,86.485107,110.290001,494600.0
2010-11-30,110.599998,110.739998,110.08000200000001,86.351807,110.120003,1324500.0
2010-12-01,109.400002,109.559998,109.07,86.159767,109.449997,1473400.0
2010-12-02,109.110001,109.489998,108.91999799999999,85.970825,109.209999,1011600.0
2010-12-03,109.43,109.66999799999999,108.860001,85.726776,108.900002,1391800.0
2010-12-06,109.410004,109.660004,109.309998,86.32504300000001,109.660004,670700.0
2010-12-07,109.150002,109.349998,108.279999,85.522118,108.639999,1302200.0
2010-12-08,108.25,108.269997,107.230003,84.971092,107.940002,3831100.0
2010-12-09,108.059998,108.400002,107.779999,85.175713,108.199997,1967300.0
2010-12-10,107.949997,108.239998,107.57,84.782158,107.699997,1335200.0
2010-12-13,107.610001,108.379997,107.57,85.096977,108.099998,1670200.0
2010-12-14,107.650002,107.93,107.010002,84.577469,107.440002,1976500.0
2010-12-15,107.620003,107.82,106.68,84.050034,106.769997,2601900.0
2010-12-16,106.690002,107.339996,106.339996,84.459366,107.290001,1892500.0
2010-12-17,107.370003,108.32,107.360001,85.230827,108.269997,1678700.0
2010-12-20,108.41999799999999,108.639999,108.059998,85.175713,108.199997,1438200.0
2010-12-21,108.339996,108.470001,107.93,85.356796,108.43,985200.0
2010-12-22,108.489998,108.559998,108.199997,85.285973,108.339996,749800.0
2010-12-23,108.220001,108.389999,108.089996,85.32531,108.389999,861300.0
2010-12-27,108.129997,108.690002,107.970001,85.490639,108.599998,781400.0
2010-12-28,108.099998,108.190002,107.220001,84.80935699999999,107.309998,584800.0
2010-12-29,107.239998,108.400002,107.16999799999999,85.449516,108.120003,1031600.0
2010-12-30,107.970001,108.209999,107.690002,85.489021,108.16999799999999,562900.0
2010-12-31,108.25,108.75,108.25,85.702446,108.440002,914800.0
2011-01-03,108.220001,108.889999,108.059998,86.034386,108.860001,2447900.0
2011-01-04,108.980003,109.190002,108.75,86.144989,109.0,962500.0
2011-01-05,108.510002,108.58000200000001,108.0,85.51275600000001,108.199997,1209200.0
2011-01-06,108.32,108.639999,108.199997,85.639191,108.360001,1089700.0
2011-01-07,108.260002,109.059998,108.199997,86.07390600000001,108.910004,1118600.0
2011-01-10,108.779999,109.199997,108.779999,86.22406,109.099998,909200.0
2011-01-11,108.900002,109.16999799999999,108.58000200000001,86.18454,109.050003,845000.0
2011-01-12,108.809998,109.019997,108.66999799999999,86.12921899999999,108.980003,1291600.0
2011-01-13,108.849998,109.459999,108.769997,86.500648,109.449997,971000.0
2011-01-14,109.389999,109.43,108.889999,86.089653,108.93,1629900.0
2011-01-18,108.800003,109.08000200000001,108.400002,86.042274,108.870003,1422700.0
2011-01-19,108.83000200000001,108.970001,108.68,85.979057,108.790001,1685300.0
2011-01-20,108.58000200000001,108.75,107.699997,85.607582,108.32,1699200.0
2011-01-21,108.18,108.550003,108.139999,85.734016,108.480003,1056600.0
2011-01-24,108.550003,108.82,108.459999,85.77352900000001,108.529999,727200.0
2011-01-25,108.82,109.18,108.41999799999999,86.200325,109.07,1302200.0
2011-01-26,108.83000200000001,108.989998,108.459999,85.718254,108.459999,1647100.0
2011-01-27,108.5,108.790001,108.339996,85.860489,108.639999,1094300.0
2011-01-28,108.370003,109.019997,108.339996,85.97114599999999,108.779999,1388100.0
2011-01-31,108.720001,109.0,108.440002,85.734016,108.480003,1849900.0
2011-02-01,107.959999,108.110001,107.720001,85.620613,107.910004,989200.0
2011-02-02,108.120003,108.150002,107.559998,85.453949,107.699997,1975700.0
2011-02-03,107.510002,107.769997,107.41999799999999,85.247704,107.440002,1645800.0
2011-02-04,107.300003,107.440002,106.879997,84.98584699999999,107.110001,1367700.0
2011-02-07,106.93,107.349998,106.879997,85.081032,107.230003,1709500.0
2011-02-08,107.260002,107.470001,106.790001,84.771606,106.839996,1263200.0
2011-02-09,106.949997,107.660004,106.82,85.31905400000001,107.529999,2124900.0
2011-02-10,107.199997,107.389999,106.940002,84.898537,107.0,690600.0
2011-02-11,107.349998,107.660004,107.230003,85.366646,107.589996,817300.0
2011-02-14,107.33000200000001,107.860001,107.33000200000001,85.422234,107.660004,785400.0
2011-02-15,107.690002,107.900002,107.529999,85.61267099999999,107.900002,621800.0
2011-02-16,107.889999,108.16999799999999,107.650002,85.509506,107.769997,1892600.0
2011-02-17,108.120003,108.199997,107.900002,85.668182,107.970001,585600.0
2011-02-18,107.709999,108.129997,107.660004,85.79512,108.129997,505900.0
2011-02-22,107.989998,108.68,107.989998,86.03315,108.43,1225300.0
2011-02-23,108.650002,108.75,108.25,85.93002299999999,108.300003,1293600.0
2011-02-24,108.589996,108.75,108.360001,86.025261,108.41999799999999,718900.0
2011-02-25,108.709999,108.959999,108.540001,86.429893,108.93,722900.0
2011-02-28,108.940002,109.220001,108.940002,86.659973,109.220001,718600.0
2011-03-01,108.43,108.800003,108.379997,86.661598,108.790001,1332300.0
2011-03-02,108.68,108.82,108.209999,86.199577,108.209999,837100.0
2011-03-03,108.08000200000001,108.150002,107.690002,85.83313000000001,107.75,1024200.0
2011-03-04,107.849998,108.269997,107.82,86.159752,108.160004,1385200.0
2011-03-07,107.739998,108.279999,107.739998,85.944664,107.889999,451800.0
2011-03-08,107.91999799999999,108.010002,107.660004,85.83313000000001,107.75,745900.0
2011-03-09,107.900002,108.389999,107.800003,86.279228,108.309998,1745300.0
2011-03-10,108.5,108.839996,108.129997,86.62973000000001,108.75,965400.0
2011-03-11,108.709999,109.0,108.529999,86.550049,108.650002,1541500.0
2011-03-14,108.940002,109.099998,108.699997,86.645676,108.769997,1095700.0
2011-03-15,109.029999,109.07,108.620003,86.637665,108.760002,1659400.0
2011-03-16,109.260002,109.989998,109.059998,87.155502,109.410004,2000100.0
2011-03-17,109.07,109.459999,108.970001,87.099724,109.339996,1117800.0
2011-03-18,108.940002,109.489998,108.93,87.155502,109.410004,693500.0
2011-03-21,109.099998,109.360001,108.940002,86.876678,109.059998,870400.0
2011-03-22,108.83000200000001,109.290001,108.83000200000001,87.03598000000001,109.260002,463300.0
2011-03-23,109.400002,109.480003,109.0,86.98024699999999,109.190002,537800.0
2011-03-24,109.089996,109.139999,108.779999,86.69341999999999,108.83000200000001,516800.0
2011-03-25,108.870003,109.08000200000001,108.550003,86.56600999999999,108.66999799999999,420200.0
2011-03-28,108.5,108.860001,108.360001,86.597809,108.709999,573000.0
2011-03-29,108.400002,108.739998,108.120003,86.175659,108.18,625000.0
2011-03-30,108.199997,108.550003,108.190002,86.470375,108.550003,754700.0
2011-03-31,108.610001,108.610001,108.110001,86.19158900000001,108.199997,832900.0
2011-04-01,107.760002,108.389999,107.519997,86.598686,108.279999,2873600.0
2011-04-04,108.300003,108.639999,108.300003,86.79863,108.529999,767300.0
2011-04-05,108.610001,108.610001,108.25,86.84659599999999,108.589996,1901800.0
2011-04-06,108.559998,108.57,108.18,86.566689,108.239998,1253300.0
2011-04-07,108.300003,108.339996,108.0,86.438713,108.08000200000001,641400.0
2011-04-08,108.0,108.230003,107.900002,86.390739,108.019997,572200.0
2011-04-11,107.900002,108.18,107.900002,86.39872700000001,108.029999,667500.0
2011-04-12,108.43,108.58000200000001,108.25,86.70266,108.410004,625100.0
2011-04-13,108.239998,108.66999799999999,108.239998,86.854599,108.599998,673700.0
2011-04-14,108.760002,108.760002,108.260002,86.638657,108.33000200000001,1076400.0
2011-04-15,108.730003,109.0,108.730003,87.094528,108.900002,662600.0
2011-04-18,108.809998,109.160004,108.559998,87.214485,109.050003,822800.0
2011-04-19,109.190002,109.440002,109.08000200000001,87.398453,109.279999,467300.0
2011-04-20,109.410004,109.43,109.209999,87.438446,109.33000200000001,515400.0
2011-04-21,109.379997,109.699997,109.260002,87.518387,109.43,624800.0
2011-04-25,109.410004,109.610001,109.339996,87.60638399999999,109.540001,687000.0
2011-04-26,109.620003,110.08000200000001,109.610001,88.014259,110.050003,953600.0
2011-04-27,109.849998,110.0,109.68,87.902283,109.910004,716100.0
2011-04-28,109.949997,110.290001,109.849998,88.182243,110.260002,508700.0
2011-04-29,110.190002,110.480003,110.160004,88.350121,110.470001,756000.0
2011-05-02,110.050003,110.43,109.959999,88.556519,110.300003,1771000.0
2011-05-03,110.33000200000001,110.400002,110.089996,88.516373,110.25,661300.0
2011-05-04,110.459999,110.589996,110.309998,88.64484399999999,110.410004,720600.0
2011-05-05,110.510002,110.879997,110.510002,88.949898,110.790001,771600.0
2011-05-06,110.559998,111.029999,110.41999799999999,88.949898,110.790001,857100.0
2011-05-09,110.809998,111.0,110.730003,89.038193,110.900002,485200.0
2011-05-10,110.800003,110.83000200000001,110.400002,88.676926,110.449997,974700.0
2011-05-11,110.449997,110.769997,110.309998,88.821442,110.629997,538900.0
2011-05-12,110.57,110.699997,110.18,88.612701,110.370003,595000.0
2011-05-13,110.639999,110.93,110.550003,88.877655,110.699997,1062900.0
2011-05-16,110.639999,111.08000200000001,110.599998,89.134575,111.019997,614900.0
2011-05-17,111.050003,111.349998,110.989998,89.25502,111.16999799999999,1227800.0
2011-05-18,111.239998,111.360001,110.870003,89.030182,110.889999,477800.0
2011-05-19,110.589996,111.099998,110.5,89.18274699999999,111.08000200000001,430800.0
2011-05-20,110.959999,111.089996,110.800003,89.118507,111.0,585600.0
2011-05-23,111.290001,111.349998,110.900002,89.062302,110.93,1200000.0
2011-05-24,110.860001,111.190002,110.809998,89.17472099999999,111.07,590500.0
2011-05-25,111.220001,111.220001,110.779999,88.998077,110.849998,675300.0
2011-05-26,111.099998,111.339996,110.980003,89.383453,111.33000200000001,1042600.0
2011-05-27,111.120003,111.449997,111.110001,89.47979000000001,111.449997,510300.0
2011-05-31,111.43,111.58000200000001,111.300003,89.471779,111.440002,1022400.0
2011-06-01,111.379997,111.900002,111.309998,89.91905200000001,111.57,1467600.0
2011-06-02,111.25,111.25,110.540001,89.10505699999999,110.559998,1448900.0
2011-06-03,111.029999,111.239998,110.529999,89.298485,110.800003,684700.0
2011-06-06,110.529999,110.779999,110.449997,89.145363,110.610001,445500.0
2011-06-07,110.529999,111.029999,110.470001,89.45163000000001,110.989998,405200.0
2011-06-08,111.029999,111.239998,110.910004,89.508041,111.059998,450600.0
2011-06-09,111.150002,111.25,110.559998,89.266273,110.760002,1355700.0
2011-06-10,110.82,110.989998,110.529999,89.161491,110.629997,1379300.0
2011-06-13,110.589996,110.870003,110.480003,89.25817099999999,110.75,908900.0
2011-06-14,110.41999799999999,110.550003,110.309998,88.992226,110.41999799999999,690200.0
2011-06-15,110.349998,111.050003,110.300003,89.483864,111.029999,1024100.0
2011-06-16,111.0,111.089996,110.730003,89.314636,110.82,1002000.0
2011-06-17,110.779999,111.050003,110.760002,89.346886,110.860001,556100.0
2011-06-20,110.989998,111.0,110.620003,89.362976,110.879997,619400.0
2011-06-21,110.849998,111.059998,110.650002,89.33878299999999,110.849998,692800.0
2011-06-22,111.089996,111.099998,110.699997,89.459686,111.0,703200.0
2011-06-23,111.059998,111.43,111.0,89.69339000000001,111.290001,796100.0
2011-06-24,111.309998,111.559998,111.190002,89.741776,111.349998,716900.0
2011-06-27,111.389999,111.41999799999999,110.910004,89.45163000000001,110.989998,995100.0
2011-06-28,110.739998,110.82,110.129997,88.831047,110.220001,863400.0
2011-06-29,110.190002,110.339996,109.800003,88.62957800000001,109.970001,1041200.0
2011-06-30,110.16999799999999,110.209999,109.57,88.758514,110.129997,1004100.0
2011-07-01,109.959999,109.959999,109.389999,88.763367,109.709999,1495800.0
2011-07-05,109.720001,110.379997,109.720001,89.078934,110.099998,1116100.0
2011-07-06,110.18,110.339996,110.010002,89.264992,110.33000200000001,1343800.0
2011-07-07,110.07,110.43,110.0,89.289253,110.360001,1463800.0
2011-07-08,110.800003,111.150002,110.510002,89.86369300000001,111.07,1044300.0
2011-07-11,111.360001,111.5,111.0,90.163063,111.440002,1397100.0
2011-07-12,111.75,111.75,111.339996,90.235886,111.529999,694400.0
2011-07-13,111.660004,111.849998,111.410004,90.462395,111.809998,1014400.0
2011-07-14,111.599998,111.650002,111.07,89.904152,111.120003,761200.0
2011-07-15,111.07,111.379997,110.970001,90.10643,111.370003,531400.0
2011-07-18,111.309998,111.339996,110.82,89.758553,110.940002,1163600.0
2011-07-19,110.980003,111.57,110.93,90.19540400000001,111.480003,1230200.0
2011-07-20,111.41999799999999,111.589996,111.120003,89.985039,111.220001,1019800.0
2011-07-21,111.050003,111.260002,110.849998,89.847557,111.050003,931400.0
2011-07-22,111.33000200000001,111.529999,111.18,90.211632,111.5,1121000.0
2011-07-25,111.019997,111.440002,110.82,89.782791,110.970001,1166900.0
2011-07-26,111.089996,111.68,111.089996,90.17923,111.459999,900200.0
2011-07-27,111.32,111.43,110.989998,89.912247,111.129997,762400.0
2011-07-28,111.459999,111.529999,111.290001,90.10643,111.370003,890200.0
2011-07-29,111.699997,112.440002,111.540001,90.915527,112.370003,1680200.0
2011-08-01,112.239998,112.83000200000001,112.129997,91.184288,112.279999,2151200.0
2011-08-02,112.589996,113.239998,112.349998,91.947716,113.220001,1427300.0
2011-08-03,113.370003,113.709999,113.150002,91.915222,113.18,2093400.0
2011-08-04,113.410004,114.16999799999999,113.290001,92.581154,114.0,2160900.0
2011-08-05,113.860001,113.91999799999999,112.379997,91.436066,112.589996,2470900.0
2011-08-08,112.470001,112.470001,111.510002,90.56710799999999,111.519997,2548400.0
2011-08-09,111.68,113.639999,111.550003,91.379211,112.519997,2109000.0
2011-08-10,113.18,113.739998,112.790001,92.199432,113.529999,1264900.0
2011-08-11,112.199997,113.300003,110.809998,90.307236,111.199997,1858300.0
2011-08-12,111.769997,112.629997,111.519997,91.338577,112.470001,1962400.0
2011-08-15,112.529999,112.809998,112.300003,91.509148,112.68,1884300.0
2011-08-16,112.519997,113.309998,112.410004,91.842125,113.089996,1692300.0
2011-08-17,113.379997,113.730003,112.980003,92.09389499999999,113.400002,1050200.0
2011-08-18,113.93,114.0,113.209999,92.21570600000001,113.550003,1358100.0
2011-08-19,113.449997,113.610001,113.18,92.10202,113.410004,1749300.0
2011-08-22,113.550003,113.650002,112.910004,91.76089499999999,112.989998,1464200.0
2011-08-23,112.459999,112.5,111.449997,90.71328000000001,111.699997,2340100.0
2011-08-24,111.480003,111.620003,110.199997,89.641304,110.379997,1513600.0
2011-08-25,110.910004,111.18,110.66999799999999,90.136688,110.989998,1480200.0
2011-08-26,111.139999,111.620003,110.889999,90.177299,111.040001,1134400.0
2011-08-29,110.949997,111.470001,110.849998,90.469673,111.400002,1186200.0
2011-08-30,111.769997,112.160004,111.660004,90.94882199999999,111.989998,1420000.0
2011-08-31,112.449997,112.739998,112.199997,91.224915,112.33000200000001,1332700.0
2011-09-01,112.379997,112.559998,111.529999,91.292587,112.0,2821200.0
2011-09-02,112.800003,113.0,112.25,91.855026,112.690002,1386300.0
2011-09-06,112.839996,113.959999,112.510002,92.392975,113.349998,4665100.0
2011-09-07,113.57,113.82,113.260002,92.572304,113.57,826700.0
2011-09-08,113.739998,113.739998,113.150002,92.490776,113.470001,1397100.0
2011-09-09,113.400002,113.900002,113.08000200000001,92.5886,113.589996,1029500.0
2011-09-12,113.050003,113.519997,112.82,92.026176,112.900002,1749500.0
2011-09-13,112.690002,112.980003,112.5,92.009857,112.879997,1536800.0
2011-09-14,112.68,113.110001,112.68,91.969093,112.83000200000001,954900.0
2011-09-15,112.41999799999999,112.629997,112.25,91.651207,112.440002,1326900.0
2011-09-16,112.300003,112.82,112.300003,91.651207,112.440002,1528700.0
2011-09-19,113.0,113.199997,112.91999799999999,92.156593,113.059998,903300.0
2011-09-20,113.099998,113.32,113.0,92.197334,113.110001,889200.0
2011-09-21,113.110001,113.550003,112.75,92.409302,113.370003,1006500.0
2011-09-22,113.68,113.809998,112.900002,92.5886,113.589996,1304000.0
2011-09-23,113.449997,113.519997,112.889999,92.01799799999999,112.889999,686500.0
2011-09-26,112.699997,113.019997,112.449997,91.846878,112.68,811500.0
2011-09-27,112.150002,112.550003,112.040001,91.553391,112.32,1298700.0
2011-09-28,112.18,112.18,111.660004,91.186592,111.870003,1238500.0
2011-09-29,112.099998,112.269997,111.75,91.08878299999999,111.75,864500.0
2011-09-30,112.33000200000001,112.43,111.900002,91.545265,112.309998,1483800.0
2011-10-03,112.019997,112.190002,111.690002,91.71543100000001,112.099998,3575400.0
2011-10-04,112.139999,112.150002,110.75,90.913651,111.120003,1753300.0
2011-10-05,111.260002,111.599998,110.690002,91.289986,111.58000200000001,4530500.0
2011-10-06,111.639999,111.82,111.08000200000001,90.921791,111.129997,1410900.0
2011-10-07,111.150002,111.489998,110.949997,90.840019,111.029999,2117800.0
2011-10-10,111.029999,111.360001,110.650002,91.011826,111.239998,953700.0
2011-10-11,111.540001,111.75,111.139999,91.257263,111.540001,2097300.0
2011-10-12,111.540001,111.879997,111.209999,91.396362,111.709999,1613100.0
2011-10-13,111.980003,112.010002,111.660004,91.478157,111.809998,1494400.0
2011-10-14,111.139999,111.91999799999999,111.08000200000001,91.420906,111.739998,1051900.0
2011-10-17,111.949997,111.949997,111.629997,91.35541500000001,111.660004,979000.0
2011-10-18,111.849998,112.279999,111.800003,91.674522,112.050003,835100.0
2011-10-19,112.279999,112.5,112.0,91.91179699999999,112.339996,1839700.0
2011-10-20,112.300003,112.650002,112.07,92.11631,112.589996,937600.0
2011-10-21,112.650002,113.019997,112.639999,92.41906,112.959999,850600.0
2011-10-24,113.220001,113.540001,113.199997,92.893608,113.540001,1341200.0
2011-10-25,113.480003,114.199997,113.43,93.351753,114.099998,1546300.0
2011-10-26,114.220001,114.309998,113.769997,93.286301,114.019997,1035800.0
2011-10-27,113.970001,114.639999,113.900002,93.269936,114.0,2364200.0
2011-10-28,114.25,114.720001,114.040001,93.629929,114.440002,2102500.0
2011-10-31,114.639999,114.949997,114.349998,93.842651,114.699997,1548300.0
2011-11-01,114.699997,114.989998,114.360001,94.312279,114.870003,1530900.0
2011-11-02,114.739998,115.32,114.599998,94.657112,115.290001,1871200.0
2011-11-03,115.16999799999999,115.529999,114.860001,94.706383,115.349998,1868200.0
2011-11-04,115.300003,115.68,115.019997,94.89523299999999,115.58000200000001,1489300.0
2011-11-07,115.400002,115.68,115.07,94.51753199999999,115.120003,757000.0
2011-11-08,115.110001,115.239998,114.370003,93.934593,114.410004,4358700.0
2011-11-09,114.620003,114.879997,114.059998,93.688271,114.110001,1252300.0
2011-11-10,113.779999,113.870003,113.059998,93.22030600000001,113.540001,1487800.0
2011-11-11,113.57,113.58000200000001,112.980003,93.056084,113.339996,1114200.0
2011-11-14,113.410004,113.610001,113.199997,93.047882,113.33000200000001,821400.0
2011-11-15,113.260002,113.550003,113.010002,92.957573,113.220001,1425200.0
2011-11-16,113.370003,113.370003,112.75,92.661964,112.860001,2641800.0
2011-11-17,112.730003,112.93,111.900002,91.931267,111.970001,4230700.0
2011-11-18,111.970001,112.199997,111.779999,92.079063,112.150002,1280400.0
2011-11-21,112.120003,112.120003,111.58000200000001,91.701385,111.690002,1355300.0
2011-11-22,111.510002,111.720001,111.400002,91.463318,111.400002,1391700.0
2011-11-23,111.199997,111.199997,110.650002,90.995316,110.83000200000001,1796600.0
2011-11-25,110.610001,110.83000200000001,110.33000200000001,90.634056,110.389999,660100.0
2011-11-28,110.129997,110.809998,109.809998,90.675125,110.440002,2416000.0
2011-11-29,110.389999,110.43,109.93,90.469849,110.190002,1460500.0
2011-11-30,110.800003,110.900002,110.440002,90.880341,110.690002,1759300.0
2011-12-01,110.300003,110.639999,110.110001,91.091255,110.559998,1661300.0
2011-12-02,110.849998,111.550003,110.57,91.865753,111.5,1882200.0
2011-12-05,111.5,112.33000200000001,111.449997,92.549599,112.33000200000001,1826300.0
2011-12-06,112.059998,112.370003,111.66999799999999,92.055237,111.730003,1166900.0
2011-12-07,112.160004,112.470001,111.989998,92.631973,112.43,1560000.0
2011-12-08,112.300003,112.339996,111.959999,92.31888599999999,112.050003,1110300.0
2011-12-09,112.379997,112.440002,111.5,91.964638,111.620003,1018000.0
2011-12-12,111.910004,111.959999,111.470001,91.972862,111.629997,574500.0
2011-12-13,111.68,112.290001,111.650002,92.285965,112.010002,1206100.0
2011-12-14,112.150002,112.290001,111.900002,92.442459,112.199997,1085400.0
2011-12-15,112.199997,112.5,112.190002,92.59078199999999,112.379997,912600.0
2011-12-16,112.5,113.050003,112.449997,93.10984,113.010002,1464900.0
2011-12-19,113.129997,113.489998,112.870003,93.43940699999999,113.410004,1061800.0
2011-12-20,113.32,113.58000200000001,113.199997,93.373497,113.33000200000001,1127900.0
2011-12-21,113.379997,113.440002,112.849998,92.97805,112.849998,1159500.0
2011-12-22,113.190002,113.5,113.110001,93.464119,113.440002,1762800.0
2011-12-23,113.349998,113.349998,112.949997,93.175774,113.089996,830600.0
2011-12-27,112.82,113.139999,112.43,93.52963299999999,113.129997,872900.0
2011-12-28,113.279999,113.5,113.050003,93.70321700000001,113.339996,501500.0
2011-12-29,113.489998,113.5,113.019997,93.653595,113.279999,971600.0
2011-12-30,113.449997,113.849998,113.33000200000001,94.050453,113.760002,807100.0
2012-01-03,113.800003,114.0,113.5,93.97604399999999,113.66999799999999,2509400.0
2012-01-04,113.75,113.949997,113.440002,94.050453,113.760002,1641400.0
2012-01-05,113.699997,113.760002,113.199997,93.645363,113.269997,1454800.0
2012-01-06,113.489998,113.82,113.389999,94.009109,113.709999,781000.0
2012-01-09,113.83000200000001,113.93,113.540001,93.868561,113.540001,1184400.0
2012-01-10,113.699997,113.91999799999999,113.610001,94.133087,113.860001,1946400.0
2012-01-11,113.889999,114.050003,113.809998,94.116577,113.839996,2382700.0
2012-01-12,114.18,114.379997,114.010002,94.33157299999999,114.099998,1820800.0
2012-01-13,114.440002,114.82,114.349998,94.670532,114.510002,3220100.0
2012-01-17,114.779999,114.889999,114.610001,94.959908,114.860001,1689000.0
2012-01-18,115.0,115.040001,114.589996,94.769737,114.629997,1643200.0
2012-01-19,114.769997,114.93,114.41999799999999,94.744934,114.599998,1268300.0
2012-01-20,114.529999,114.610001,114.209999,94.50515,114.309998,1140300.0
2012-01-23,114.239998,114.400002,114.139999,94.364616,114.139999,1129000.0
2012-01-24,114.239998,114.57,114.160004,94.703583,114.550003,1321300.0
2012-01-25,114.610001,115.529999,114.389999,95.02600100000001,114.940002,1697600.0
2012-01-26,115.629997,115.870003,115.510002,95.770088,115.839996,1342800.0
2012-01-27,115.910004,116.209999,115.75,95.910637,116.010002,1148400.0
2012-01-30,116.400002,116.410004,115.839996,95.786606,115.860001,1325500.0
2012-01-31,116.139999,116.379997,115.949997,96.067711,116.199997,1504000.0
2012-02-01,116.08000200000001,116.32,115.739998,96.450119,116.269997,3195600.0
2012-02-02,116.279999,116.57,116.199997,96.649185,116.510002,2860600.0
2012-02-03,116.099998,116.389999,115.900002,96.508179,116.339996,2148400.0
2012-02-06,116.239998,116.839996,116.239998,96.75702700000001,116.639999,1141700.0
2012-02-07,116.440002,116.559998,116.199997,96.574547,116.41999799999999,1061100.0
2012-02-08,116.470001,116.650002,116.32,96.674118,116.540001,1651200.0
2012-02-09,116.5,116.510002,115.980003,96.367126,116.16999799999999,2439000.0
2012-02-10,116.18,116.25,115.83000200000001,96.275925,116.059998,1776500.0
2012-02-13,116.5,116.529999,116.290001,96.607712,116.459999,1061300.0
2012-02-14,116.519997,116.739998,116.400002,96.682419,116.550003,1972900.0
2012-02-15,116.650002,116.860001,116.349998,96.549644,116.389999,1025100.0
2012-02-16,116.43,116.43,116.019997,96.383774,116.190002,1821400.0
2012-02-17,115.959999,116.139999,115.83000200000001,96.234451,116.010002,1858600.0
2012-02-21,116.16999799999999,116.300003,115.82,96.076859,115.82,1887500.0
2012-02-22,116.16999799999999,116.58000200000001,115.940002,96.674118,116.540001,2834500.0
2012-02-23,116.449997,116.720001,116.220001,96.806816,116.699997,1590800.0
2012-02-24,116.83000200000001,116.989998,116.529999,96.881485,116.790001,2175100.0
2012-02-27,117.18,117.300003,116.970001,97.238174,117.220001,1160200.0
2012-02-28,117.5,117.800003,117.410004,97.54512,117.589996,2136700.0
2012-02-29,117.599998,117.870003,117.400002,97.636368,117.699997,1769800.0
2012-03-01,116.940002,117.190002,116.790001,97.405807,117.019997,2300600.0
2012-03-02,117.029999,117.370003,117.010002,97.439064,117.059998,1880600.0
2012-03-05,117.18,117.309998,116.690002,97.264275,116.849998,1646400.0
2012-03-06,116.82,116.910004,116.5,97.114456,116.66999799999999,1682900.0
2012-03-07,116.68,116.849998,116.519997,97.07285300000001,116.620003,1410400.0
2012-03-08,116.720001,116.83000200000001,116.529999,97.08946999999999,116.639999,1202400.0
2012-03-09,116.529999,116.599998,116.269997,97.039528,116.58000200000001,1659400.0
2012-03-12,116.75,116.779999,116.339996,96.848091,116.349998,2027900.0
2012-03-13,116.269997,116.400002,115.91999799999999,96.581757,116.029999,2230100.0
2012-03-14,115.739998,115.739998,114.599998,95.433044,114.650002,3067800.0
2012-03-15,114.720001,115.120003,114.290001,95.22494499999999,114.400002,2035800.0
2012-03-16,114.199997,114.589996,114.0,95.366417,114.57,3390500.0
2012-03-19,114.540001,114.629997,114.160004,95.233284,114.410004,1961200.0
2012-03-20,114.18,114.5,114.050003,95.17495,114.339996,1825900.0
2012-03-21,114.58000200000001,114.900002,114.459999,95.60781899999999,114.860001,2112500.0
2012-03-22,114.82,114.839996,114.599998,95.449699,114.66999799999999,3073000.0
2012-03-23,114.91999799999999,115.099998,114.760002,95.524612,114.760002,2235200.0
2012-03-26,115.019997,115.279999,114.82,95.732681,115.010002,1600200.0
2012-03-27,115.019997,115.949997,115.019997,96.473526,115.900002,2904800.0
2012-03-28,115.730003,116.0,115.519997,96.290367,115.68,1666400.0
2012-03-29,115.870003,116.040001,115.620003,96.481827,115.910004,1632100.0
2012-03-30,116.099998,116.18,115.480003,96.24880999999999,115.629997,4285000.0
2012-04-02,115.43,115.599998,115.160004,96.49683399999999,115.529999,6107600.0
2012-04-03,115.5,115.800003,114.389999,95.578079,114.43,2724100.0
2012-04-04,114.809998,114.989998,114.639999,95.761848,114.650002,1620100.0
2012-04-05,114.879997,115.129997,114.599998,95.920517,114.839996,1646300.0
2012-04-09,115.650002,115.739998,115.389999,96.54692800000001,115.589996,1026600.0
2012-04-10,115.809998,115.809998,115.470001,96.488472,115.519997,2263600.0
2012-04-11,115.519997,115.58000200000001,114.989998,96.38826,115.400002,1311400.0
2012-04-12,115.599998,115.699997,115.389999,96.43,115.449997,1400700.0
2012-04-13,115.699997,116.040001,115.699997,96.889404,116.0,1012800.0
2012-04-16,115.970001,116.290001,115.900002,96.889404,116.0,2396800.0
2012-04-17,115.970001,116.16999799999999,115.809998,97.014702,116.150002,2229300.0
2012-04-18,116.230003,116.279999,116.050003,96.997978,116.129997,2663500.0
2012-04-19,116.389999,116.400002,116.129997,97.064819,116.209999,1141800.0
2012-04-20,116.08000200000001,116.269997,115.93,97.039757,116.18,663400.0
2012-04-23,116.400002,116.410004,116.150002,97.05645799999999,116.199997,976400.0
2012-04-24,116.160004,116.209999,115.940002,96.881073,115.989998,1988800.0
2012-04-25,115.849998,116.230003,115.75,97.04811099999999,116.190002,1709800.0
2012-04-26,116.25,116.540001,116.239998,97.206825,116.379997,1116300.0
2012-04-27,116.470001,116.599998,116.269997,97.348824,116.550003,1601000.0
2012-04-30,116.68,116.760002,116.41999799999999,97.29034399999999,116.480003,1733000.0
2012-05-01,116.389999,116.510002,115.83000200000001,97.105141,115.870003,2430700.0
2012-05-02,116.129997,116.290001,116.059998,97.423569,116.25,2046500.0
2012-05-03,116.25,116.449997,116.110001,97.482285,116.32,1356300.0
2012-05-04,116.480003,116.58000200000001,116.440002,97.591187,116.449997,686400.0
2012-05-07,116.5,116.699997,116.400002,97.758812,116.650002,787200.0
2012-05-08,116.75,117.0,116.620003,98.001869,116.940002,1570700.0
2012-05-09,116.650002,116.989998,116.57,97.834259,116.739998,2175700.0
2012-05-10,116.620003,116.68,116.300003,97.63310200000001,116.5,1600000.0
2012-05-11,116.779999,117.0,116.75,97.92643699999999,116.849998,2977200.0
2012-05-14,117.059998,117.18,116.760002,97.951561,116.879997,1925800.0
2012-05-15,117.059998,117.059998,116.620003,97.82584399999999,116.730003,2455300.0
2012-05-16,116.309998,116.910004,116.220001,97.876144,116.790001,2700500.0
2012-05-17,116.389999,116.449997,115.900002,97.147018,115.91999799999999,2367900.0
2012-05-18,115.75,115.769997,115.389999,96.769897,115.470001,1969000.0
2012-05-21,115.470001,115.660004,115.25,96.878883,115.599998,1387000.0
2012-05-22,115.379997,115.599998,115.220001,96.619064,115.290001,1728300.0
2012-05-23,115.389999,115.800003,115.370003,96.853737,115.57,1870700.0
2012-05-24,115.589996,115.639999,115.43,96.870491,115.589996,1212900.0
2012-05-25,115.68,115.910004,115.599998,97.11350999999999,115.879997,594000.0
2012-05-29,115.980003,116.290001,115.949997,97.255981,116.050003,2514200.0
2012-05-30,116.480003,116.57,116.129997,97.33976700000001,116.150002,1919500.0
2012-05-31,116.489998,117.0,116.25,98.026962,116.970001,4629800.0
2012-06-01,116.589996,117.300003,116.33000200000001,98.62910500000001,117.290001,3800200.0
2012-06-04,116.75,116.910004,116.360001,97.880684,116.400002,2643900.0
2012-06-05,116.269997,116.489998,116.07,97.670425,116.150002,2430900.0
2012-06-06,116.269997,116.269997,115.57,97.384529,115.809998,2499400.0
2012-06-07,115.889999,116.099998,115.730003,97.586342,116.050003,2929700.0
2012-06-08,116.559998,116.66999799999999,116.199997,97.947929,116.480003,1713000.0
2012-06-11,116.459999,116.730003,116.279999,97.931107,116.459999,1354200.0
2012-06-12,116.349998,116.43,115.93,97.64520999999999,116.120003,926300.0
2012-06-13,116.190002,116.550003,116.040001,97.99839,116.540001,1333000.0
2012-06-14,116.480003,116.559998,116.16999799999999,97.880684,116.400002,1574900.0
2012-06-15,116.75,116.959999,116.620003,98.284302,116.879997,1347100.0
2012-06-18,116.959999,117.0,116.699997,98.242264,116.83000200000001,996800.0
2012-06-19,116.970001,117.309998,116.66999799999999,98.149773,116.720001,2159200.0
2012-06-20,116.660004,116.980003,116.480003,98.191795,116.769997,2579000.0
2012-06-21,116.980003,117.269997,116.91999799999999,98.343147,116.949997,2229400.0
2012-06-22,116.940002,117.120003,116.800003,98.26747900000001,116.860001,1245600.0
2012-06-25,117.120003,117.339996,116.959999,98.51975300000001,117.160004,1702300.0
2012-06-26,117.089996,117.41999799999999,117.019997,98.620674,117.279999,1642300.0
2012-06-27,117.489998,117.610001,117.32,98.755188,117.440002,2352100.0
2012-06-28,117.68,117.860001,117.610001,98.90657,117.620003,2286500.0
2012-06-29,117.5,117.809998,117.400002,98.881332,117.589996,2348600.0
2012-07-02,117.58000200000001,118.0,117.449997,99.40612,117.82,2310500.0
2012-07-03,117.860001,117.989998,117.739998,99.490509,117.91999799999999,808800.0
2012-07-05,117.980003,118.339996,117.93,99.74363699999999,118.220001,1982300.0
2012-07-06,118.389999,118.57,118.019997,99.99675,118.519997,1533100.0
2012-07-09,118.410004,118.760002,118.379997,100.064217,118.599998,1119500.0
2012-07-10,118.769997,118.860001,118.57,100.03891800000001,118.57,1385600.0
2012-07-11,118.800003,119.110001,118.75,100.207657,118.769997,1210000.0
2012-07-12,118.949997,119.410004,118.82,100.71386700000001,119.370003,1716700.0
2012-07-13,119.32,119.519997,119.050003,100.74762700000001,119.410004,1634700.0
2012-07-16,119.83000200000001,119.860001,119.589996,101.02604699999999,119.739998,750100.0
2012-07-17,119.769997,119.900002,119.529999,101.02604699999999,119.739998,2479000.0
2012-07-18,120.120003,120.489998,120.07,101.582901,120.400002,2351900.0
2012-07-19,120.410004,120.870003,120.410004,101.760071,120.610001,3499900.0
2012-07-20,120.800003,120.91999799999999,120.660004,101.836021,120.699997,1144600.0
2012-07-23,120.720001,120.800003,120.25,101.50698100000001,120.309998,1328000.0
2012-07-24,120.220001,120.629997,120.16999799999999,101.667274,120.5,1333100.0
2012-07-25,120.690002,120.860001,120.540001,101.861313,120.730003,2551400.0
2012-07-26,120.730003,120.970001,120.730003,102.021675,120.91999799999999,1094600.0
2012-07-27,120.559998,120.650002,119.739998,101.54070300000001,120.349998,2952200.0
2012-07-30,120.220001,120.779999,120.220001,101.802269,120.660004,2581500.0
2012-07-31,121.050003,121.290001,120.839996,102.325363,121.279999,1563500.0
2012-08-01,120.660004,120.970001,120.400002,102.211136,120.760002,2583100.0
2012-08-02,121.0,121.059998,120.199997,102.278816,120.839996,1500000.0
2012-08-03,120.540001,120.68,120.190002,102.03334,120.550003,2259800.0
2012-08-06,120.720001,120.790001,120.599998,102.168808,120.709999,1596300.0
2012-08-07,120.230003,120.339996,120.0,101.635559,120.08000200000001,4136600.0
2012-08-08,120.230003,120.269997,119.699997,101.347786,119.739998,2310300.0
2012-08-09,119.58000200000001,119.769997,119.300003,101.280067,119.660004,2496100.0
2012-08-10,120.089996,120.099998,119.790001,101.567856,120.0,1482700.0
2012-08-13,119.959999,120.07,119.730003,101.35623199999999,119.75,1127000.0
2012-08-14,119.470001,119.470001,119.18,100.899185,119.209999,1593600.0
2012-08-15,119.029999,119.07,118.650002,100.425201,118.650002,3995300.0
2012-08-16,118.75,118.900002,118.129997,100.12895999999999,118.300003,1895700.0
2012-08-17,118.410004,118.790001,118.400002,100.26438900000001,118.459999,1734500.0
2012-08-20,118.269997,118.82,118.260002,100.543686,118.790001,1813900.0
2012-08-21,118.760002,118.989998,118.480003,100.713036,118.989998,2010000.0
2012-08-22,119.449997,119.699997,119.190002,101.288528,119.66999799999999,2281400.0
2012-08-23,119.839996,119.910004,119.720001,101.364746,119.760002,883300.0
2012-08-24,119.949997,119.949997,119.730003,101.474731,119.889999,1335300.0
2012-08-27,120.150002,120.260002,120.0,101.6017,120.040001,1879300.0
2012-08-28,120.190002,120.279999,120.059998,101.745575,120.209999,908300.0
2012-08-29,120.190002,120.190002,119.879997,101.533966,119.959999,1777000.0
2012-08-30,120.059998,120.129997,119.949997,101.567856,120.0,1888000.0
2012-08-31,120.040001,120.83000200000001,120.040001,102.27034,120.83000200000001,1766500.0
2012-09-04,120.559998,120.57,120.050003,102.028343,120.160004,3788800.0
2012-09-05,120.150002,120.800003,120.059998,102.07081600000001,120.209999,817600.0
2012-09-06,119.849998,119.91999799999999,119.610001,101.620789,119.68,2078500.0
2012-09-07,120.599998,120.620003,119.900002,101.833076,119.93,2192700.0
2012-09-10,119.93,120.010002,119.720001,101.82459300000001,119.91999799999999,1075900.0
2012-09-11,120.0,120.120003,119.800003,101.909485,120.019997,2641500.0
2012-09-12,119.779999,119.83000200000001,119.57,101.70571899999999,119.779999,1334800.0
2012-09-13,120.019997,120.589996,119.650002,102.249123,120.41999799999999,3618500.0
2012-09-14,120.099998,120.099998,119.360001,101.637764,119.699997,3164800.0
2012-09-17,120.029999,120.339996,119.91999799999999,101.985893,120.110001,898100.0
2012-09-18,120.489998,120.650002,120.32,102.300079,120.480003,1563000.0
2012-09-19,120.83000200000001,120.940002,120.650002,102.469879,120.68,1237400.0
2012-09-20,120.980003,121.059998,120.550003,102.384987,120.58000200000001,1165200.0
2012-09-21,120.529999,120.860001,120.449997,102.571777,120.800003,1305900.0
2012-09-24,120.970001,121.029999,120.839996,102.724632,120.980003,1191700.0
2012-09-25,121.010002,121.220001,120.83000200000001,102.92840600000001,121.220001,3287800.0
2012-09-26,121.260002,121.57,121.199997,103.21709399999999,121.559998,1162900.0
2012-09-27,121.519997,121.739998,121.43,103.166138,121.5,1720200.0
2012-09-28,121.75,121.910004,121.559998,103.395409,121.769997,2519100.0
2012-10-01,121.66999799999999,121.760002,121.400002,103.671379,121.709999,3318000.0
2012-10-02,121.589996,121.790001,121.559998,103.70548199999999,121.75,2188900.0
2012-10-03,121.650002,121.83000200000001,121.529999,103.773613,121.83000200000001,6193600.0
2012-10-04,121.730003,121.91999799999999,121.66999799999999,103.688446,121.730003,1710500.0
2012-10-05,121.57,121.690002,121.5,103.526604,121.540001,1711500.0
2012-10-08,121.860001,121.949997,121.730003,103.799171,121.860001,715300.0
2012-10-09,121.650002,122.220001,121.650002,103.90992,121.989998,3132200.0
2012-10-10,121.889999,122.360001,121.760002,104.097305,122.209999,2418400.0
2012-10-11,122.059998,122.690002,122.029999,104.437988,122.610001,2165200.0
2012-10-12,122.760002,122.959999,122.660004,104.557259,122.75,1712000.0
2012-10-15,122.790001,123.150002,122.730003,104.88089,123.129997,2144800.0
2012-10-16,123.059998,123.199997,122.93,104.812813,123.050003,2177900.0
2012-10-17,123.019997,123.150002,122.760002,104.608368,122.809998,6454900.0
2012-10-18,122.959999,123.0,122.5,104.412483,122.58000200000001,1541400.0
2012-10-19,122.699997,123.010002,122.599998,104.599869,122.800003,1716000.0
2012-10-22,122.540001,122.709999,122.459999,104.35282099999999,122.510002,2030300.0
2012-10-23,122.400002,122.75,122.370003,104.531685,122.720001,1188600.0
2012-10-24,122.610001,122.760002,122.370003,104.250633,122.389999,2842400.0
2012-10-25,122.239998,122.43,122.0,103.952469,122.040001,1511200.0
2012-10-26,122.370003,122.660004,122.220001,104.463577,122.639999,1206500.0
2012-10-31,122.940002,123.18,122.690002,104.787231,123.019997,1286500.0
2012-11-01,122.589996,122.769997,122.389999,104.327301,122.480003,1953700.0
2012-11-02,122.389999,122.489998,122.029999,104.122833,122.239998,1940300.0
2012-11-05,122.260002,122.510002,122.260002,104.173958,122.300003,2073200.0
2012-11-06,122.110001,122.230003,121.650002,103.671379,121.709999,1459400.0
2012-11-07,122.410004,122.449997,121.959999,103.884346,121.959999,1585400.0
2012-11-08,121.900002,122.0,121.599998,103.782127,121.839996,3176500.0
2012-11-09,121.690002,121.83000200000001,121.379997,103.526604,121.540001,2850300.0
2012-11-12,121.540001,121.779999,121.5,103.543663,121.559998,991500.0
2012-11-13,121.849998,121.980003,121.550003,103.586235,121.610001,1849500.0
2012-11-14,121.379997,121.93,121.379997,103.799171,121.860001,2445600.0
2012-11-15,121.529999,121.709999,121.519997,103.594749,121.620003,2218400.0
2012-11-16,121.629997,121.849998,121.599998,103.628815,121.660004,2181100.0
2012-11-19,121.57,122.07,121.550003,103.952469,122.040001,2385000.0
2012-11-20,121.980003,122.040001,121.629997,103.628815,121.660004,3229500.0
2012-11-21,121.639999,121.800003,121.550003,103.70548199999999,121.75,2263700.0
2012-11-23,121.800003,121.940002,121.75,103.74807,121.800003,929000.0
2012-11-26,122.0,122.18,121.910004,103.91842700000001,122.0,2412300.0
2012-11-27,121.970001,122.150002,121.970001,103.978027,122.07,2243300.0
2012-11-28,122.160004,122.300003,122.019997,103.960999,122.050003,1479700.0
2012-11-29,122.139999,122.209999,122.050003,104.037666,122.139999,1052700.0
2012-11-30,122.279999,122.370003,122.099998,104.02916,122.129997,2129200.0
2012-12-03,121.730003,121.989998,121.529999,104.144485,121.889999,3859100.0
2012-12-04,122.040001,122.099998,121.889999,104.238495,122.0,2387600.0
2012-12-05,122.110001,122.309998,122.019997,104.45210300000001,122.25,1943900.0
2012-12-06,122.33000200000001,122.480003,122.199997,104.435028,122.230003,2737400.0
2012-12-07,122.050003,122.089996,121.93,104.187172,121.940002,1947300.0
2012-12-10,122.099998,122.150002,121.970001,104.28119699999999,122.050003,2290200.0
2012-12-11,122.0,122.019997,121.559998,103.896713,121.599998,2365400.0
2012-12-12,121.589996,121.800003,121.150002,103.580605,121.230003,2390900.0
2012-12-13,121.029999,121.220001,120.870003,103.41825899999999,121.040001,3635100.0
2012-12-14,121.160004,121.290001,121.099998,103.49515500000001,121.129997,2844200.0
2012-12-17,121.139999,121.199997,120.739998,103.161934,120.739998,1983300.0
2012-12-18,120.870003,120.889999,120.300003,102.905624,120.440002,2278500.0
2012-12-19,120.650002,120.949997,120.650002,103.307167,120.910004,3112200.0
2012-12-20,121.120003,121.25,120.940002,103.40969799999999,121.029999,2545200.0
2012-12-21,121.190002,121.33000200000001,121.089996,103.589127,121.239998,2649700.0
2012-12-24,121.08000200000001,121.279999,121.059998,103.52079,121.160004,1902500.0
2012-12-26,121.120003,121.139999,120.949997,103.66819,120.970001,1642000.0
2012-12-27,121.0,121.41999799999999,120.970001,104.00239599999999,121.360001,1556900.0
2012-12-28,121.5,121.629997,121.410004,104.233795,121.629997,1894500.0
2012-12-31,121.410004,121.5,120.900002,103.685303,120.989998,1867700.0
2013-01-02,120.959999,121.309998,120.809998,103.925262,121.269997,4058400.0
2013-01-03,121.139999,121.18,120.559998,103.35965,120.610001,3207900.0
2013-01-04,120.57,120.650002,120.260002,103.308243,120.550003,4663300.0
2013-01-07,120.690002,120.800003,120.510002,103.479637,120.75,3832600.0
2013-01-08,120.800003,120.940002,120.760002,103.573891,120.860001,2534900.0
2013-01-09,120.980003,121.0,120.790001,103.539612,120.82,1867600.0
2013-01-10,120.639999,120.970001,120.629997,103.591049,120.879997,1439900.0
2013-01-11,120.75,121.110001,120.660004,103.779572,121.099998,758200.0
2013-01-14,121.190002,121.190002,120.83000200000001,103.573891,120.860001,1569400.0
2013-01-15,120.989998,121.139999,120.66999799999999,103.48819,120.760002,3042900.0
2013-01-16,120.839996,120.940002,120.709999,103.48819,120.760002,4199900.0
2013-01-17,120.57,120.610001,120.300003,103.308243,120.550003,2225700.0
2013-01-18,120.559998,120.790001,120.480003,103.411057,120.66999799999999,2704400.0
2013-01-22,120.519997,120.779999,120.379997,103.411057,120.66999799999999,1730300.0
2013-01-23,120.849998,120.940002,120.760002,103.539612,120.82,2446600.0
2013-01-24,120.760002,120.800003,120.58000200000001,103.393936,120.650002,1873600.0
2013-01-25,120.440002,120.440002,120.029999,102.9226,120.099998,2434600.0
2013-01-28,119.699997,120.029999,119.0,102.836906,120.0,2434200.0
2013-01-29,119.769997,120.050003,119.620003,102.605522,119.730003,1424100.0
2013-01-30,119.389999,119.599998,119.220001,102.262749,119.33000200000001,3009300.0
2013-01-31,119.43,119.480003,119.239998,102.339867,119.41999799999999,2804100.0
2013-02-01,119.440002,119.650002,118.730003,102.074249,118.739998,4589000.0
2013-02-04,118.980003,119.300003,118.970001,102.418083,119.139999,2581400.0
2013-02-05,118.91999799999999,119.08000200000001,118.870003,102.211761,118.900002,2814700.0
2013-02-06,119.08000200000001,119.279999,118.959999,102.478249,119.209999,1970200.0
2013-02-07,119.120003,119.5,119.110001,102.512672,119.25,1680000.0
2013-02-08,119.400002,119.510002,119.16999799999999,102.73616,119.510002,1496700.0
2013-02-11,119.480003,119.519997,119.410004,102.684578,119.449997,749100.0
2013-02-12,119.16999799999999,119.449997,119.160004,102.581413,119.33000200000001,1520200.0
2013-02-13,118.93,119.16999799999999,118.93,102.34070600000001,119.050003,2317800.0
2013-02-14,119.08000200000001,119.459999,119.07,102.624397,119.379997,3180500.0
2013-02-15,119.379997,119.41999799999999,119.199997,102.581413,119.33000200000001,1363600.0
2013-02-19,119.370003,119.599998,119.209999,102.555649,119.300003,1842300.0
2013-02-20,119.160004,119.519997,119.160004,102.727547,119.5,1369800.0
2013-02-21,119.68,119.82,119.610001,102.890907,119.690002,3578100.0
2013-02-22,119.760002,119.849998,119.66999799999999,102.959671,119.769997,1914300.0
2013-02-25,119.41999799999999,120.529999,119.410004,103.57000699999999,120.480003,2643500.0
2013-02-26,120.32,120.589996,120.260002,103.44109300000001,120.33000200000001,1574100.0
2013-02-27,120.519997,120.58000200000001,120.16999799999999,103.4067,120.290001,941400.0
2013-02-28,120.389999,120.389999,120.110001,103.44109300000001,120.33000200000001,2231100.0
2013-03-01,120.120003,120.290001,119.989998,103.677368,120.230003,1363700.0
2013-03-04,120.190002,120.230003,120.040001,103.599747,120.139999,1733400.0
2013-03-05,120.139999,120.150002,119.849998,103.427246,119.940002,1395400.0
2013-03-06,119.639999,119.809998,119.540001,103.125473,119.589996,1014700.0
2013-03-07,119.290001,119.400002,119.199997,102.789162,119.199997,1964000.0
2013-03-08,118.870003,119.029999,118.650002,102.426956,118.779999,2526900.0
2013-03-11,118.779999,118.959999,118.779999,102.495979,118.860001,2632500.0
2013-03-12,118.989998,119.16999799999999,118.949997,102.702904,119.099998,3172900.0
2013-03-13,118.889999,119.110001,118.889999,102.60805500000001,118.989998,1958600.0
2013-03-14,118.83000200000001,119.129997,118.82,102.651176,119.040001,1669600.0
2013-03-15,118.980003,119.290001,118.980003,102.789162,119.199997,1188500.0
2013-03-18,119.410004,119.519997,119.33000200000001,103.039238,119.489998,1665700.0
2013-03-19,119.589996,119.82,119.57,103.21169300000001,119.690002,1354600.0
2013-03-20,119.43,119.58000200000001,119.33000200000001,102.90986600000001,119.339996,1905100.0
2013-03-21,119.58000200000001,119.599998,119.32,103.013336,119.459999,1854000.0
2013-03-22,119.400002,119.620003,119.339996,103.021996,119.470001,997900.0
2013-03-25,119.370003,119.58000200000001,119.25,103.021996,119.470001,1089700.0
2013-03-26,119.279999,119.57,119.260002,103.090942,119.550003,918000.0
2013-03-27,119.650002,120.050003,119.650002,103.45314,119.970001,1847200.0
2013-03-28,119.739998,119.940002,119.730003,103.392776,119.900002,1874300.0
2013-04-01,119.41999799999999,119.769997,119.290001,103.24398000000001,119.360001,5877400.0
2013-04-02,119.43,119.470001,119.279999,103.23536700000001,119.349998,1319200.0
2013-04-03,119.519997,119.83000200000001,119.489998,103.650543,119.83000200000001,1421000.0
2013-04-04,119.959999,120.489998,119.959999,104.20411700000001,120.470001,2660900.0
2013-04-05,120.839996,121.050003,120.739998,104.52415500000001,120.839996,3268500.0
2013-04-08,121.0,121.040001,120.889999,104.61930799999999,120.949997,2276800.0
2013-04-09,121.019997,121.18,120.980003,104.723091,121.07,3157000.0
2013-04-10,120.800003,120.949997,120.660004,104.44633499999999,120.75,2181600.0
2013-04-11,120.879997,120.980003,120.760002,104.515541,120.83000200000001,1496900.0
2013-04-12,121.199997,121.5,121.050003,105.034508,121.43,1358900.0
2013-04-15,121.400002,121.529999,121.32,105.069092,121.470001,1024800.0
2013-04-16,121.25,121.370003,121.230003,104.87878400000001,121.25,1629800.0
2013-04-17,121.32,121.629997,121.32,105.025848,121.41999799999999,1373200.0
2013-04-18,121.449997,121.660004,121.449997,105.12101000000001,121.529999,1656700.0
2013-04-19,121.620003,121.769997,121.470001,105.276688,121.709999,877900.0
2013-04-22,121.75,121.809998,121.66999799999999,105.31128700000001,121.75,1271500.0
2013-04-23,121.910004,122.089996,121.809998,105.449692,121.910004,1659700.0
2013-04-24,121.860001,122.040001,121.809998,105.492989,121.959999,1366900.0
2013-04-25,121.910004,122.019997,121.83000200000001,105.43241100000002,121.889999,1067100.0
2013-04-26,122.150002,122.349998,122.150002,105.81298100000001,122.33000200000001,1294500.0
2013-04-29,122.540001,122.550003,122.300003,105.82163999999999,122.339996,875700.0
2013-04-30,122.32,122.57,122.099998,105.63999199999999,122.129997,2347500.0
2013-05-01,121.949997,122.389999,121.949997,106.11023700000001,122.309998,4063500.0
2013-05-02,122.089996,122.400002,122.089996,106.11023700000001,122.309998,1799000.0
2013-05-03,121.889999,121.889999,121.150002,105.112503,121.160004,2882200.0
2013-05-06,121.300003,121.400002,121.08000200000001,105.095161,121.139999,1839300.0
2013-05-07,121.050003,121.260002,120.989998,105.01709,121.050003,3886100.0
2013-05-08,121.019997,121.269997,120.959999,105.112503,121.160004,2379000.0
2013-05-09,121.150002,121.410004,120.900002,104.886971,120.900002,825800.0
2013-05-10,120.860001,120.860001,120.050003,104.340401,120.269997,2808200.0
2013-05-13,120.029999,120.160004,119.900002,104.071487,119.959999,2498400.0
2013-05-14,120.230003,120.309998,119.610001,103.79386099999999,119.639999,2325000.0
2013-05-15,120.129997,120.150002,119.66999799999999,104.158241,120.059998,2081600.0
2013-05-16,120.279999,120.75,120.279999,104.635384,120.610001,2916500.0
2013-05-17,120.5,120.550003,120.040001,104.184265,120.089996,909500.0
2013-05-20,120.230003,120.309998,119.870003,104.06279,119.949997,2097100.0
2013-05-21,119.910004,120.410004,119.730003,104.453186,120.400002,2007700.0
2013-05-22,120.41999799999999,120.599998,119.440002,103.629013,119.449997,2886300.0
2013-05-23,119.730003,119.809998,119.230003,103.73313900000001,119.57,2568500.0
2013-05-24,119.639999,119.809998,119.459999,103.663712,119.489998,1090900.0
2013-05-28,119.33000200000001,119.489998,118.33000200000001,102.666016,118.339996,1683700.0
2013-05-29,118.410004,118.58000200000001,118.150002,102.622665,118.290001,3574100.0
2013-05-30,118.32,118.599998,118.25,102.752747,118.440002,1759000.0
2013-05-31,118.32,118.449997,117.480003,102.24092900000001,117.849998,4297500.0
2013-06-03,117.25,117.75,116.93,101.972038,117.18,10863900.0
2013-06-04,116.949997,117.25,116.709999,101.571724,116.720001,3726500.0
2013-06-05,116.809998,117.0,116.480003,101.423813,116.550003,4575200.0
2013-06-06,116.57,117.459999,116.41999799999999,101.85891,117.050003,2500000.0
2013-06-07,116.889999,117.199997,116.389999,101.458611,116.589996,3159800.0
2013-06-10,116.220001,116.480003,116.07,101.145325,116.230003,2911100.0
2013-06-11,115.5,116.050003,115.230003,100.95388,116.010002,3983700.0
2013-06-12,115.800003,116.099998,115.5,100.605774,115.610001,3469000.0
2013-06-13,115.839996,116.910004,115.790001,101.68486,116.849998,2474400.0
2013-06-14,116.93,117.150002,116.739998,101.61524200000001,116.769997,1283900.0
2013-06-17,116.910004,117.110001,116.550003,101.467285,116.599998,1868600.0
2013-06-18,116.279999,116.559998,116.160004,101.267166,116.370003,1748400.0
2013-06-19,116.5,116.559998,114.66999799999999,99.831299,114.720001,2823000.0
2013-06-20,113.870003,113.889999,112.790001,98.456367,113.139999,6649600.0
2013-06-21,113.260002,113.480003,112.199997,97.647079,112.209999,4107600.0
2013-06-24,111.43,112.099998,110.910004,97.011772,111.480003,6063600.0
2013-06-25,112.190002,112.470001,111.660004,97.333748,111.849998,3653200.0
2013-06-26,112.75,113.0,112.510002,98.07345600000001,112.699997,2010000.0
2013-06-27,113.239998,113.790001,113.239998,98.96109,113.720001,1544800.0
2013-06-28,113.129997,113.699997,112.879997,98.900177,113.650002,2960300.0
2013-07-01,113.08000200000001,113.940002,113.08000200000001,99.155937,113.58000200000001,2849900.0
2013-07-02,113.809998,114.16999799999999,113.660004,99.470238,113.940002,2214800.0
2013-07-03,113.900002,114.08000200000001,113.57,99.182159,113.610001,2132000.0
2013-07-05,112.18,112.43,111.699997,97.925011,112.16999799999999,2500100.0
2013-07-08,112.540001,113.089996,112.540001,98.72818000000001,113.089996,3096700.0
2013-07-09,113.050003,113.510002,113.050003,98.81552099999999,113.190002,4037000.0
2013-07-10,113.260002,113.449997,112.800003,98.527397,112.860001,2908800.0
2013-07-11,113.860001,114.199997,113.599998,99.688484,114.190002,2179100.0
2013-07-12,114.32,114.5,113.739998,99.409126,113.870003,2008800.0
2013-07-15,114.089996,114.620003,113.949997,100.046425,114.599998,3308200.0
2013-07-16,114.529999,114.599998,114.290001,99.898003,114.43,1625900.0
2013-07-17,114.879997,115.150002,114.739998,100.273392,114.860001,1248400.0
2013-07-18,114.949997,114.949997,114.41999799999999,100.011513,114.559998,1119900.0
2013-07-19,114.769997,115.209999,114.730003,100.561493,115.190002,2734900.0
2013-07-22,115.32,115.470001,115.290001,100.78846,115.449997,2235900.0
2013-07-23,115.129997,115.379997,115.010002,100.631355,115.269997,827300.0
2013-07-24,114.720001,114.879997,114.290001,100.14245600000001,114.709999,1960700.0
2013-07-25,114.18,114.57,114.129997,100.020226,114.57,2109200.0
2013-07-26,114.66999799999999,114.790001,114.489998,100.125008,114.690002,1022700.0
2013-07-29,114.540001,114.68,114.440002,99.959114,114.5,2211900.0
2013-07-30,114.720001,114.779999,114.360001,99.985321,114.529999,1331900.0
2013-07-31,113.879997,114.650002,113.699997,99.994064,114.540001,2282100.0
2013-08-01,113.949997,113.949997,113.120003,99.19716600000001,113.279999,1845700.0
2013-08-02,113.650002,113.970001,113.620003,99.68755300000001,113.839996,1772000.0
2013-08-05,113.68,113.83000200000001,113.379997,99.31102,113.410004,3111500.0
2013-08-06,113.360001,113.599998,113.279999,99.37230699999999,113.480003,1047200.0
2013-08-07,113.610001,113.860001,113.589996,99.591217,113.730003,946000.0
2013-08-08,113.910004,114.16999799999999,113.889999,99.801384,113.970001,960900.0
2013-08-09,114.019997,114.08000200000001,113.75,99.801384,113.970001,539600.0
2013-08-12,114.08000200000001,114.18,113.849998,99.748856,113.910004,1042800.0
2013-08-13,113.279999,113.410004,113.0,99.039536,113.099998,1221600.0
2013-08-14,113.019997,113.150002,112.870003,98.87316899999999,112.910004,1723700.0
2013-08-15,112.089996,112.41999799999999,111.989998,98.17261500000001,112.110001,1793800.0
2013-08-16,112.07,112.209999,111.360001,97.68222800000001,111.550003,2469000.0
2013-08-19,111.32,111.440002,110.93,97.14805600000001,110.940002,4884400.0
2013-08-20,111.290001,111.739998,111.290001,97.743538,111.620003,2100500.0
2013-08-21,111.410004,111.660004,110.889999,97.156837,110.949997,2310800.0
2013-08-22,111.050003,111.5,111.050003,97.603439,111.459999,2507700.0
2013-08-23,111.43,112.220001,111.379997,98.26018499999999,112.209999,2327600.0
2013-08-26,112.32,112.470001,112.260002,98.461647,112.440002,1385700.0
2013-08-27,112.510002,112.970001,112.449997,98.881912,112.91999799999999,2398500.0
2013-08-28,112.739998,112.940002,112.550003,98.899437,112.940002,2488300.0
2013-08-29,112.650002,113.07,112.519997,98.99578100000001,113.050003,2273100.0
2013-08-30,113.0,113.290001,112.809998,98.99578100000001,113.050003,1668800.0
2013-09-03,112.0,112.269997,111.510002,98.605698,112.239998,5473600.0
2013-09-04,112.269997,112.370003,111.790001,98.245529,111.83000200000001,2335000.0
2013-09-05,111.389999,111.41999799999999,110.730003,97.437279,110.910004,2703800.0
2013-09-06,111.410004,111.650002,110.989998,97.577805,111.07,1960600.0
2013-09-09,111.459999,111.599998,111.269997,97.832603,111.360001,1615600.0
2013-09-10,111.040001,111.32,110.82,97.40211500000001,110.870003,2115900.0
2013-09-11,111.110001,111.389999,110.82,97.858971,111.389999,2301300.0
2013-09-12,111.599998,111.760002,111.230003,97.788651,111.309998,1860200.0
2013-09-13,111.339996,111.540001,111.32,97.85018199999999,111.379997,1255400.0
2013-09-16,112.41999799999999,112.440002,111.440002,97.964386,111.510002,2311100.0
2013-09-17,111.68,111.839996,111.559998,98.227928,111.809998,1020100.0
2013-09-18,111.699997,113.709999,111.41999799999999,99.668724,113.449997,5100000.0
2013-09-19,113.400002,113.559998,112.660004,99.036179,112.730003,5030300.0
2013-09-20,112.93,113.089996,112.75,99.124039,112.83000200000001,1089700.0
2013-09-23,112.889999,113.519997,112.889999,99.712639,113.5,3719000.0
2013-09-24,113.620003,113.93,113.400002,99.9674,113.790001,2576200.0
2013-09-25,113.720001,114.18,113.629997,100.274918,114.139999,1931100.0
2013-09-26,113.730003,113.949997,113.730003,100.0289,113.860001,921300.0
2013-09-27,113.75,113.849998,113.660004,99.949852,113.769997,1194100.0
2013-09-30,113.599998,113.779999,113.41999799999999,99.730202,113.519997,1800800.0
2013-10-01,113.07,113.18,112.93,99.629745,113.040001,3172400.0
2013-10-02,113.199997,113.559998,113.190002,99.92939799999999,113.379997,910300.0
2013-10-03,113.290001,113.629997,113.290001,99.982292,113.440002,1411600.0
2013-10-04,113.290001,113.43,113.190002,99.88533000000001,113.33000200000001,569300.0
2013-10-07,113.459999,113.690002,113.43,100.0616,113.529999,1374600.0
2013-10-08,113.480003,113.620003,113.279999,100.043976,113.510002,1667900.0
2013-10-09,113.43,113.529999,113.209999,99.832458,113.269997,1017300.0
2013-10-10,113.089996,113.489998,113.019997,99.973488,113.43,1978400.0
2013-10-11,113.68,113.809998,113.529999,100.105659,113.58000200000001,3275900.0
2013-10-14,113.510002,113.639999,113.110001,99.797188,113.230003,525100.0
2013-10-15,113.57,113.58000200000001,113.199997,99.814835,113.25,1430400.0
2013-10-16,113.260002,114.150002,113.209999,100.555153,114.089996,1395200.0
2013-10-17,114.410004,115.0,114.339996,101.29554,114.93,2697900.0
2013-10-18,115.099998,115.269997,114.989998,101.427711,115.08000200000001,1071200.0
2013-10-21,115.010002,115.18,114.739998,101.163338,114.779999,1031400.0
2013-10-22,115.309998,115.489998,115.260002,101.780273,115.480003,1372100.0
2013-10-23,115.470001,115.66999799999999,115.410004,101.753822,115.449997,1514800.0
2013-10-24,115.559998,115.639999,115.269997,101.648071,115.33000200000001,1500200.0
2013-10-25,115.309998,115.529999,115.300003,101.639236,115.32,708700.0
2013-10-28,115.260002,115.519997,115.25,101.736198,115.43,2958700.0
2013-10-29,115.349998,115.599998,115.260002,101.877243,115.589996,1584300.0
2013-10-30,115.589996,115.75,115.08000200000001,101.67450699999999,115.360001,1436200.0
2013-10-31,115.449997,115.5,115.089996,101.533485,115.199997,1072800.0
2013-11-01,114.809998,114.93,114.290001,101.259361,114.510002,1965300.0
2013-11-04,114.660004,114.790001,114.519997,101.285881,114.540001,772400.0
2013-11-05,114.33000200000001,114.33000200000001,113.91999799999999,100.852592,114.050003,1264700.0
2013-11-06,114.230003,114.239998,114.08000200000001,100.96755999999999,114.18,1060000.0
2013-11-07,114.370003,114.489998,114.209999,101.17094399999999,114.410004,1337000.0
2013-11-08,113.480003,113.510002,113.279999,100.180527,113.290001,1634000.0
2013-11-11,113.220001,113.279999,113.010002,100.012505,113.099998,1241500.0
2013-11-12,113.040001,113.220001,113.0,100.083267,113.18,2301900.0
2013-11-13,113.33000200000001,113.57,113.300003,100.313179,113.440002,4339700.0
2013-11-14,113.739998,114.139999,113.660004,100.86144300000001,114.059998,1355100.0
2013-11-15,114.08000200000001,114.150002,113.93,100.86144300000001,114.059998,1451200.0
2013-11-18,114.120003,114.57,114.120003,101.312424,114.57,3003900.0
2013-11-19,114.360001,114.459999,114.16999799999999,100.958694,114.16999799999999,914200.0
2013-11-20,114.139999,114.440002,113.519997,100.525398,113.68,1881300.0
2013-11-21,113.589996,113.93,113.33000200000001,100.719933,113.900002,3320600.0
2013-11-22,114.029999,114.300003,114.0,101.073685,114.300003,1190900.0
2013-11-25,114.269997,114.540001,114.269997,101.25052600000001,114.5,1189200.0
2013-11-26,114.519997,114.779999,114.519997,101.453903,114.730003,1044500.0
2013-11-27,114.599998,114.809998,114.279999,101.47159599999999,114.75,2387900.0
2013-11-29,114.370003,114.75,114.339996,101.39202900000001,114.660004,741200.0
2013-12-02,114.099998,114.199997,113.739998,100.911179,113.75,5714000.0
2013-12-03,113.889999,114.139999,113.889999,101.16845699999999,114.040001,1164500.0
2013-12-04,113.41999799999999,113.720001,113.41999799999999,100.84021,113.66999799999999,1705000.0
2013-12-05,113.389999,113.589996,113.239998,100.618416,113.41999799999999,1234400.0
2013-12-06,113.43,113.690002,113.339996,100.831352,113.660004,737400.0
2013-12-09,113.660004,113.849998,113.660004,100.982147,113.83000200000001,590100.0
2013-12-10,114.16999799999999,114.309998,113.989998,101.39022800000001,114.290001,1171600.0
2013-12-11,114.199997,114.290001,113.940002,101.10635400000001,113.970001,1087800.0
2013-12-12,113.860001,113.91999799999999,113.709999,100.93779,113.779999,877300.0
2013-12-13,113.989998,114.129997,113.82,101.212799,114.089996,904000.0
2013-12-16,114.279999,114.349998,114.059998,101.29265600000001,114.18,1593500.0
2013-12-17,114.089996,114.519997,114.089996,101.59427600000001,114.519997,1500800.0
2013-12-18,114.33000200000001,114.900002,114.040001,101.59427600000001,114.519997,1946900.0
2013-12-19,114.190002,114.5,114.16999799999999,101.443451,114.349998,2493300.0
2013-12-20,114.660004,114.879997,114.510002,101.913666,114.879997,1269700.0
2013-12-23,114.82,115.040001,114.690002,101.75394399999999,114.699997,1204900.0
2013-12-24,114.519997,115.0,114.510002,101.727356,114.66999799999999,1003500.0
2013-12-26,114.16999799999999,114.389999,114.16999799999999,101.654388,114.239998,2268000.0
2013-12-27,114.08000200000001,114.239998,114.040001,101.565376,114.139999,2463600.0
2013-12-30,114.199997,114.489998,114.199997,101.867935,114.480003,2790000.0
2013-12-31,114.300003,114.489998,114.019997,101.609879,114.190002,1658600.0
2014-01-02,114.290001,114.459999,114.110001,101.80564100000001,114.410004,1887700.0
2014-01-03,114.220001,114.739998,114.220001,101.956924,114.58000200000001,1695800.0
2014-01-06,114.739998,114.889999,114.650002,102.17938199999999,114.83000200000001,1171700.0
2014-01-07,114.91999799999999,114.940002,114.660004,102.09929699999999,114.739998,1086500.0
2014-01-08,114.5,114.529999,114.150002,101.663246,114.25,1067000.0
2014-01-09,114.400002,114.510002,114.18,101.894638,114.510002,1216000.0
2014-01-10,114.910004,115.25,114.889999,102.446327,115.129997,1736900.0
2014-01-13,115.230003,115.449997,115.16999799999999,102.64209699999999,115.349998,2109900.0
2014-01-14,115.199997,115.300003,115.0,102.339539,115.010002,1529100.0
2014-01-15,114.800003,115.089996,114.739998,102.366219,115.040001,1495000.0
2014-01-16,115.220001,115.32,115.16999799999999,102.606483,115.309998,1372300.0
2014-01-17,115.190002,115.440002,115.110001,102.72216,115.440002,1766000.0
2014-01-21,115.269997,115.400002,115.269997,102.579773,115.279999,1114100.0
2014-01-22,115.160004,115.290001,114.989998,102.330635,115.0,1687800.0
2014-01-23,115.220001,115.599998,115.199997,102.72216,115.440002,1597600.0
2014-01-24,115.489998,115.629997,115.269997,102.650986,115.360001,1681100.0
2014-01-27,115.269997,115.589996,115.139999,102.455208,115.139999,1979600.0
2014-01-28,115.400002,115.699997,115.300003,102.953506,115.699997,2420900.0
2014-01-29,115.720001,115.989998,115.58000200000001,103.158173,115.93,2105500.0
2014-01-30,115.83000200000001,116.019997,115.66999799999999,103.21157099999999,115.989998,1821900.0
2014-01-31,116.050003,116.339996,116.010002,103.52301800000001,116.339996,1427400.0
2014-02-03,115.889999,116.75,115.83000200000001,104.190613,116.739998,6064600.0
2014-02-04,116.33000200000001,116.339996,116.099998,103.69081899999999,116.18,2015000.0
2014-02-05,116.0,116.010002,115.779999,103.360588,115.809998,3226900.0
2014-02-06,115.75,115.83000200000001,115.620003,103.26239,115.699997,853500.0
2014-02-07,115.83000200000001,116.16999799999999,115.779999,103.58371,116.059998,1076900.0
2014-02-10,115.93,116.120003,115.879997,103.628326,116.110001,1048800.0
2014-02-11,115.870003,115.93,115.709999,103.414139,115.870003,2288900.0
2014-02-12,115.699997,115.720001,115.459999,103.101738,115.519997,971500.0
2014-02-13,116.040001,116.099998,115.849998,103.530151,116.0,1125500.0
2014-02-14,116.120003,116.220001,115.980003,103.726501,116.220001,1063900.0
2014-02-18,116.349998,116.650002,116.290001,103.94075,116.459999,1034400.0
2014-02-19,116.699997,116.699997,116.260002,103.82468399999999,116.33000200000001,1556900.0
2014-02-20,116.190002,116.309998,116.0,103.69081899999999,116.18,1148800.0
2014-02-21,116.059998,116.339996,116.040001,103.797913,116.300003,711000.0
2014-02-24,116.410004,116.459999,116.230003,103.851486,116.360001,703600.0
2014-02-25,116.629997,116.809998,116.449997,104.25309,116.809998,787300.0
2014-02-26,116.800003,117.199997,116.790001,104.592232,117.190002,898200.0
2014-02-27,117.290001,117.440002,117.260002,104.770729,117.389999,964900.0
2014-02-28,117.230003,117.360001,117.029999,104.708244,117.32,1791900.0
2014-03-03,117.059998,117.290001,116.959999,104.98213999999999,117.279999,1292700.0
2014-03-04,116.980003,117.040001,116.650002,104.418228,116.650002,1075900.0
2014-03-05,116.57,116.849998,116.550003,104.36454,116.589996,2869300.0
2014-03-06,116.139999,116.379997,116.120003,104.051231,116.239998,1271000.0
2014-03-07,115.949997,116.0,115.639999,103.675262,115.82,1473800.0
2014-03-10,115.699997,115.790001,115.620003,103.51413000000001,115.639999,1851400.0
2014-03-11,115.690002,115.809998,115.610001,103.549934,115.68,943800.0
2014-03-12,116.0,116.139999,115.93,103.916954,116.089996,1303800.0
2014-03-13,115.82,116.559998,115.82,104.283958,116.5,1696400.0
2014-03-14,116.699997,116.769997,116.370003,104.16757199999999,116.370003,797800.0
2014-03-17,116.360001,116.43,116.16999799999999,104.03331800000001,116.220001,635800.0
2014-03-18,116.25,116.58000200000001,116.190002,104.355576,116.58000200000001,963500.0
2014-03-19,116.529999,116.540001,115.690002,103.60365300000001,115.739998,1286700.0
2014-03-20,115.730003,115.959999,115.709999,103.74688,115.900002,2003400.0
2014-03-21,116.07,116.389999,116.010002,104.104935,116.300003,636100.0
2014-03-24,116.290001,116.660004,116.25,104.30188000000001,116.519997,1061300.0
2014-03-25,116.279999,116.599998,116.279999,104.337677,116.559998,1352800.0
2014-03-26,116.620003,117.029999,116.599998,104.740486,117.010002,955000.0
2014-03-27,116.870003,117.260002,116.809998,104.76731099999999,117.040001,665500.0
2014-03-28,117.019997,117.110001,116.83000200000001,104.68679,116.949997,816300.0
2014-03-31,116.690002,116.970001,116.57,104.677841,116.940002,1695700.0
2014-04-01,116.440002,116.529999,116.300003,104.41748,116.309998,3416600.0
2014-04-02,116.08000200000001,116.260002,116.08000200000001,104.273827,116.150002,1236800.0
2014-04-03,116.25,116.510002,116.25,104.471352,116.370003,1012200.0
2014-04-04,116.739998,117.029999,116.720001,104.8843,116.83000200000001,989900.0
2014-04-07,116.989998,117.199997,116.959999,105.135681,117.110001,1024500.0
2014-04-08,117.099998,117.41999799999999,117.029999,105.41399399999999,117.41999799999999,992600.0
2014-04-09,117.190002,117.589996,117.129997,105.50373799999998,117.519997,1675600.0
2014-04-10,117.480003,118.040001,117.389999,105.647392,117.68,1401500.0
2014-04-11,118.0,118.0,117.760002,105.71923100000001,117.760002,1258200.0
2014-04-14,117.849998,117.93,117.699997,105.79103899999998,117.839996,908600.0
2014-04-15,117.839996,118.230003,117.769997,106.01548000000001,118.089996,1152500.0
2014-04-16,117.769997,118.150002,117.75,106.06037099999999,118.139999,956300.0
2014-04-17,118.120003,118.120003,117.41999799999999,105.44989,117.459999,1510500.0
2014-04-21,117.709999,117.790001,117.510002,105.593521,117.620003,652500.0
2014-04-22,117.449997,117.739998,117.400002,105.647392,117.68,1385000.0
2014-04-23,117.769997,118.010002,117.760002,105.88081399999999,117.940002,1778900.0
2014-04-24,117.739998,118.010002,117.699997,105.89877299999999,117.959999,1161000.0
2014-04-25,118.040001,118.269997,117.940002,105.88081399999999,117.940002,1051500.0
2014-04-28,117.940002,118.08000200000001,117.699997,105.755127,117.800003,1015500.0
2014-04-29,117.610001,117.870003,117.599998,105.773071,117.82,1359500.0
2014-04-30,117.959999,118.279999,117.790001,106.069328,118.150002,2123200.0
2014-05-01,117.879997,118.32,117.82,106.51410700000001,118.300003,2193800.0
2014-05-02,118.040001,118.68,117.940002,106.73921200000001,118.550003,862700.0
2014-05-05,118.5,118.639999,118.239998,106.469086,118.25,1879800.0
2014-05-06,118.410004,118.550003,118.370003,106.649147,118.449997,2251100.0
2014-05-07,118.480003,118.58000200000001,118.290001,106.66716000000001,118.470001,1869200.0
2014-05-08,118.58000200000001,118.83000200000001,118.370003,106.69418300000001,118.5,3351200.0
2014-05-09,118.339996,118.480003,118.230003,106.577148,118.370003,1148100.0
2014-05-12,118.120003,118.199997,117.970001,106.307045,118.07,1634400.0
2014-05-13,118.349998,118.519997,118.300003,106.703224,118.510002,961600.0
2014-05-14,118.860001,119.220001,118.839996,107.23443600000002,119.099998,1359000.0
2014-05-15,119.290001,119.559998,119.099998,107.4235,119.309998,755100.0
2014-05-16,119.099998,119.360001,119.07,107.297455,119.16999799999999,821100.0
2014-05-19,119.349998,119.459999,118.970001,107.19838700000001,119.059998,726700.0
2014-05-20,118.949997,119.32,118.949997,107.19838700000001,119.059998,1200100.0
2014-05-21,118.779999,118.889999,118.66999799999999,107.000336,118.839996,1397200.0
2014-05-22,118.849998,118.870003,118.68,106.964325,118.800003,605800.0
2014-05-23,118.940002,119.040001,118.83000200000001,107.08136699999999,118.93,582500.0
2014-05-27,119.059998,119.349998,118.809998,107.459503,119.349998,1062700.0
2014-05-28,119.510002,119.91999799999999,119.510002,107.97271699999999,119.91999799999999,1430800.0
2014-05-29,119.860001,120.129997,119.57,107.6576,119.57,1325700.0
2014-05-30,119.470001,119.690002,119.339996,107.67561299999998,119.589996,1045400.0
2014-06-02,118.889999,119.08000200000001,118.550003,107.077873,118.589996,2652700.0
2014-06-03,118.459999,118.489998,118.050003,106.590294,118.050003,1431100.0
2014-06-04,118.209999,118.230003,117.970001,106.53608700000001,117.989998,1263600.0
2014-06-05,118.040001,118.349998,117.910004,106.76184099999999,118.239998,801000.0
2014-06-06,118.440002,118.760002,118.370003,106.98756399999999,118.489998,1112700.0
2014-06-09,118.290001,118.33000200000001,118.110001,106.77087399999999,118.25,1215400.0
2014-06-10,118.07,118.16999799999999,118.0,106.572243,118.029999,758800.0
2014-06-11,118.110001,118.279999,118.029999,106.653526,118.120003,507500.0
2014-06-12,118.18,118.599998,118.059998,106.99661299999998,118.5,964800.0
2014-06-13,118.129997,118.589996,118.08000200000001,106.97856100000001,118.480003,474700.0
2014-06-16,118.400002,118.620003,118.379997,106.969521,118.470001,732400.0
2014-06-17,118.370003,118.379997,118.059998,106.608345,118.07,605200.0
2014-06-18,118.339996,118.75,118.16999799999999,107.222351,118.75,791400.0
2014-06-19,118.889999,118.900002,118.209999,106.843102,118.33000200000001,610700.0
2014-06-20,118.239998,118.610001,118.18,107.050766,118.559998,1151900.0
2014-06-23,118.699997,118.779999,118.489998,107.041771,118.550003,833300.0
2014-06-24,118.879997,119.059998,118.589996,107.493202,119.050003,777600.0
2014-06-25,119.43,119.43,119.139999,107.60156299999998,119.16999799999999,827100.0
2014-06-26,119.239998,119.519997,119.239998,107.80023200000001,119.389999,698700.0
2014-06-27,119.519997,119.610001,119.370003,107.78215,119.370003,729300.0
2014-06-30,119.440002,119.459999,119.16999799999999,107.682846,119.260002,857200.0
2014-07-01,118.709999,118.849998,118.459999,107.266319,118.470001,5448400.0
2014-07-02,118.32,118.32,117.970001,106.88604,118.050003,3278000.0
2014-07-03,117.760002,118.0,117.660004,106.77741200000001,117.93,648400.0
2014-07-07,118.019997,118.220001,117.949997,106.967552,118.139999,1219200.0
2014-07-08,118.489998,118.660004,118.459999,107.365936,118.58000200000001,1296400.0
2014-07-09,118.519997,118.870003,118.370003,107.53794099999999,118.769997,836700.0
2014-07-10,118.940002,118.970001,118.650002,107.456474,118.68,524000.0
2014-07-11,118.839996,119.110001,118.839996,107.791504,119.050003,1259300.0
2014-07-14,118.860001,118.93,118.730003,107.56513999999999,118.800003,690900.0
2014-07-15,118.709999,119.040001,118.5,107.447456,118.66999799999999,791400.0
2014-07-16,118.790001,118.989998,118.690002,107.700943,118.949997,963800.0
2014-07-17,119.18,119.489998,119.059998,108.108383,119.400002,847900.0
2014-07-18,119.349998,119.389999,119.07,107.96353899999998,119.239998,539300.0
2014-07-21,119.370003,119.470001,119.209999,107.96353899999998,119.239998,852600.0
2014-07-22,119.309998,119.400002,119.18,108.045006,119.33000200000001,1017500.0
2014-07-23,119.459999,119.550003,119.410004,108.17175300000001,119.470001,1597800.0
2014-07-24,119.110001,119.16999799999999,118.980003,107.746201,119.0,813400.0
2014-07-25,119.370003,119.459999,119.220001,108.16268899999999,119.459999,655400.0
2014-07-28,119.410004,119.510002,119.230003,108.035973,119.32,1290600.0
2014-07-29,119.529999,119.550003,119.279999,108.135551,119.43,787500.0
2014-07-30,119.08000200000001,119.18,118.699997,107.637543,118.879997,1305800.0
2014-07-31,118.370003,118.730003,118.360001,107.33879099999999,118.550003,2121700.0
2014-08-01,118.129997,118.879997,118.08000200000001,107.89176200000001,118.82,2763600.0
2014-08-04,118.870003,119.010002,118.720001,107.91899099999999,118.849998,1779300.0
2014-08-05,118.66999799999999,118.989998,118.5,108.02795400000001,118.970001,2416200.0
2014-08-06,119.110001,119.120003,118.739998,107.837273,118.760002,1799500.0
2014-08-07,118.940002,119.120003,118.790001,108.11876699999999,119.07,1839200.0
2014-08-08,119.269997,119.410004,119.0,108.091553,119.040001,1048300.0
2014-08-11,119.139999,119.279999,119.019997,108.136902,119.089996,770900.0
2014-08-12,119.199997,119.209999,118.980003,108.08243600000002,119.029999,1927400.0
2014-08-13,119.040001,119.33000200000001,119.0,108.30036899999999,119.269997,2260600.0
2014-08-14,119.459999,119.5,119.190002,108.418419,119.400002,1694200.0
2014-08-15,119.57,120.18,119.510002,108.799774,119.82,1729500.0
2014-08-18,119.68,119.739998,119.459999,108.554626,119.550003,1624200.0
2014-08-19,119.739998,119.779999,119.300003,108.481995,119.470001,1559000.0
2014-08-20,119.43,119.470001,119.110001,108.236832,119.199997,746700.0
2014-08-21,119.389999,119.639999,119.379997,108.60909299999999,119.610001,1817900.0
2014-08-22,119.610001,119.879997,119.339996,108.74529299999999,119.760002,1014500.0
2014-08-25,119.879997,119.949997,119.720001,108.917831,119.949997,793300.0
2014-08-26,120.050003,120.089996,119.849998,108.99047900000001,120.029999,730100.0
2014-08-27,120.099998,120.290001,120.019997,109.172096,120.230003,1412400.0
2014-08-28,120.5,120.599998,120.32,109.408134,120.489998,1100200.0
2014-08-29,120.43,120.68,120.389999,109.489876,120.58000200000001,1257900.0
2014-09-02,119.739998,119.879997,119.58000200000001,108.96903200000001,119.66999799999999,3493400.0
2014-09-03,119.459999,119.83000200000001,119.410004,109.114731,119.83000200000001,838300.0
2014-09-04,119.529999,119.660004,118.949997,108.340736,118.980003,4901900.0
2014-09-05,119.260002,119.400002,118.889999,108.358948,119.0,1557300.0
2014-09-08,119.209999,119.300003,118.769997,108.17681100000001,118.800003,1133000.0
2014-09-09,118.690002,118.709999,118.470001,107.885429,118.480003,1853400.0
2014-09-10,118.239998,118.410004,118.199997,107.712433,118.290001,1894800.0
2014-09-11,118.389999,118.550003,118.199997,107.63049299999999,118.199997,1300200.0
2014-09-12,117.860001,118.029999,117.599998,107.11145800000001,117.629997,1296900.0
2014-09-15,117.889999,117.940002,117.610001,107.138756,117.660004,3575600.0
2014-09-16,117.66999799999999,117.91999799999999,117.58000200000001,107.120552,117.639999,1567600.0
2014-09-17,117.809998,117.910004,117.260002,106.82916999999999,117.32,1763300.0
2014-09-18,117.410004,117.58000200000001,117.33000200000001,107.020401,117.529999,1521200.0
2014-09-19,117.66999799999999,118.019997,117.5,107.43926200000001,117.989998,739000.0
2014-09-22,118.050003,118.16999799999999,117.910004,107.53943600000001,118.099998,1729400.0
2014-09-23,118.16999799999999,118.290001,118.059998,107.712433,118.290001,904400.0
2014-09-24,118.220001,118.239998,117.940002,107.457466,118.010002,786700.0
2014-09-25,118.059998,118.440002,118.050003,107.776176,118.360001,1375200.0
2014-09-26,117.879997,118.139999,117.400002,107.53943600000001,118.099998,3295000.0
2014-09-29,118.120003,118.230003,117.879997,107.493904,118.050003,3628200.0
2014-09-30,118.139999,118.41999799999999,118.050003,107.648705,118.220001,1716100.0
2014-10-01,118.309998,118.809998,118.25,108.301598,118.599998,1973500.0
2014-10-02,118.599998,118.790001,118.370003,108.29248799999999,118.589996,1891200.0
2014-10-03,118.57,118.949997,118.370003,108.60295900000001,118.93,2535800.0
2014-10-06,118.910004,119.150002,118.870003,108.65774499999999,118.989998,1858400.0
2014-10-07,119.279999,119.629997,119.160004,109.05041499999999,119.41999799999999,1887900.0
2014-10-08,119.599998,120.08000200000001,119.230003,109.607437,120.029999,2297900.0
2014-10-09,119.730003,119.940002,119.510002,109.15086399999998,119.529999,1786200.0
2014-10-10,119.599998,119.66999799999999,119.410004,109.242172,119.629997,1371400.0
2014-10-13,119.91999799999999,120.18,119.800003,109.525246,119.940002,1748200.0
2014-10-14,120.089996,120.25,119.889999,109.77181999999999,120.209999,2826400.0
2014-10-15,120.800003,122.43,120.129997,109.853996,120.300003,3497900.0
2014-10-16,120.739998,120.790001,119.839996,109.607437,120.029999,2229900.0
2014-10-17,120.059998,120.199997,119.75,109.561798,119.980003,1537800.0
2014-10-20,120.279999,120.290001,119.970001,109.76266499999998,120.199997,1735300.0
2014-10-21,120.0,120.239998,119.949997,109.698769,120.129997,1150000.0
2014-10-22,119.93,120.019997,119.779999,109.516129,119.93,957000.0
2014-10-23,119.699997,119.849998,119.449997,109.306076,119.699997,1408400.0
2014-10-24,119.68,119.949997,119.599998,109.35174599999999,119.75,1727800.0
2014-10-27,119.75,119.910004,119.660004,109.488731,119.900002,1946500.0
2014-10-28,119.709999,119.75,119.440002,109.123466,119.5,2212700.0
2014-10-29,119.440002,119.5,118.860001,108.92256200000001,119.279999,3574000.0
2014-10-30,119.449997,119.699997,119.300003,108.995644,119.360001,2542000.0
2014-10-31,119.309998,119.440002,119.029999,108.977379,119.339996,1893700.0
2014-11-03,118.779999,118.970001,118.629997,108.762169,118.769997,6621700.0
2014-11-04,118.800003,119.129997,118.769997,108.91783899999999,118.940002,2155400.0
2014-11-05,118.809998,118.849998,118.610001,108.71636200000002,118.720001,1725300.0
2014-11-06,118.589996,118.709999,118.33000200000001,108.386711,118.360001,1458700.0
2014-11-07,118.5,119.120003,118.5,109.073502,119.110001,1730000.0
2014-11-10,118.980003,119.0,118.5,108.524048,118.510002,1710500.0
2014-11-11,118.5,118.589996,118.400002,108.514923,118.5,805600.0
2014-11-12,118.83000200000001,118.980003,118.349998,108.50574499999999,118.489998,1931400.0
2014-11-13,118.529999,118.559998,118.309998,108.386711,118.360001,2128500.0
2014-11-14,118.25,118.709999,118.190002,108.524048,118.510002,1784800.0
2014-11-17,118.639999,118.68,118.16999799999999,108.26766200000002,118.230003,1770100.0
2014-11-18,118.209999,118.360001,118.160004,108.35923000000001,118.33000200000001,2002900.0
2014-11-19,117.860001,118.08000200000001,117.699997,107.782303,117.699997,1890200.0
2014-11-20,118.209999,118.300003,117.870003,108.194397,118.150002,2040100.0
2014-11-21,118.389999,118.75,118.300003,108.661423,118.660004,1820200.0
2014-11-24,118.620003,118.889999,118.599998,108.83541100000001,118.849998,1592600.0
2014-11-25,119.0,119.449997,118.949997,109.30246000000001,119.360001,2052800.0
2014-11-26,119.730003,119.849998,119.660004,109.677879,119.769997,978200.0
2014-11-28,119.910004,120.110001,119.910004,109.97091699999999,120.089996,1037800.0
2014-12-01,119.800003,119.879997,118.949997,109.589821,119.339996,6029800.0
2014-12-02,118.940002,118.959999,118.540001,108.855179,118.540001,1496000.0
2014-12-03,118.620003,118.83000200000001,118.550003,108.965401,118.660004,5153700.0
2014-12-04,118.610001,119.0,118.58000200000001,109.139885,118.849998,2413000.0
2014-12-05,118.75,118.809998,118.300003,108.68991100000001,118.360001,1118600.0
2014-12-08,118.529999,119.059998,118.41999799999999,109.20414,118.91999799999999,1842000.0
2014-12-09,119.129997,119.269997,118.900002,109.295975,119.019997,1369900.0
2014-12-10,118.980003,119.269997,118.93,109.25923200000001,118.980003,2974000.0
2014-12-11,119.050003,119.150002,118.68,109.149048,118.860001,1915600.0
2014-12-12,119.150002,119.629997,119.0,109.323502,119.050003,3457700.0
2014-12-15,119.0,119.489998,118.860001,109.58065,119.33000200000001,4318600.0
2014-12-16,119.339996,119.599998,119.139999,109.54393,119.290001,2041000.0
2014-12-17,119.519997,119.889999,119.129997,109.57145700000001,119.32,1875200.0
2014-12-18,119.25,119.510002,118.879997,109.68166399999998,119.440002,2056600.0
2014-12-19,119.190002,119.470001,119.029999,109.626549,119.379997,1088400.0
2014-12-22,119.559998,119.809998,119.33000200000001,109.97548700000002,119.760002,2011400.0
2014-12-23,119.599998,119.610001,118.769997,109.139885,118.849998,1285700.0
2014-12-24,118.510002,118.989998,118.41999799999999,109.491615,118.910004,466200.0
2014-12-26,119.099998,119.129997,118.860001,109.574478,119.0,499100.0
2014-12-29,119.269997,119.41999799999999,119.110001,109.786278,119.230003,826200.0
2014-12-30,119.550003,119.720001,119.300003,109.878326,119.33000200000001,1052000.0
2014-12-31,119.58000200000001,119.790001,119.309998,109.952003,119.410004,1231400.0
2015-01-02,119.599998,120.239998,119.550003,110.33873700000001,119.83000200000001,2523600.0
2015-01-05,120.190002,120.68,120.089996,110.789902,120.32,3218800.0
2015-01-06,120.650002,121.16999799999999,120.470001,111.24111200000002,120.809998,5313400.0
2015-01-07,120.639999,121.050003,120.510002,111.388428,120.970001,1636600.0
2015-01-08,120.650002,120.66999799999999,120.370003,111.029335,120.58000200000001,2156900.0
2015-01-09,120.41999799999999,121.019997,120.389999,111.32399699999999,120.900002,1530400.0
2015-01-12,120.940002,121.190002,120.870003,111.535774,121.129997,1947800.0
2015-01-13,121.129997,121.279999,120.910004,111.63707,121.239998,1468300.0
2015-01-14,121.709999,121.82,121.349998,111.830399,121.449997,2457000.0
2015-01-15,121.529999,122.269997,121.449997,112.41050700000001,122.08000200000001,2171300.0
2015-01-16,121.709999,121.910004,121.230003,111.78437,121.400002,1322500.0
2015-01-20,121.709999,122.059998,121.629997,112.04219099999999,121.68,1648800.0
2015-01-21,122.08000200000001,122.110001,121.32,111.99616200000001,121.629997,1878000.0
2015-01-22,121.879997,121.959999,121.25,111.940918,121.57,1938400.0
2015-01-23,122.089996,122.410004,122.040001,112.59468799999999,122.279999,1436100.0
2015-01-26,122.349998,122.470001,122.0,112.567039,122.25,2347900.0
2015-01-27,122.68,122.83000200000001,122.199997,112.649918,122.339996,1267900.0
2015-01-28,122.389999,123.339996,122.370003,113.414207,123.16999799999999,1367900.0
2015-01-29,122.860001,123.029999,122.690002,113.147148,122.879997,1674500.0
2015-01-30,123.550003,123.900002,123.43,114.077148,123.889999,3499000.0
2015-02-02,123.239998,123.720001,123.050003,114.183334,123.66999799999999,5684700.0
2015-02-03,123.059998,123.190002,122.519997,113.260025,122.66999799999999,2828500.0
2015-02-04,122.260002,122.870003,122.190002,113.41700700000001,122.839996,3209400.0
2015-02-05,122.589996,122.690002,122.360001,113.05691499999999,122.449997,1789200.0
2015-02-06,121.959999,122.089996,121.139999,111.875107,121.16999799999999,2578400.0
2015-02-09,121.559998,121.620003,121.110001,111.948975,121.25,2426900.0
2015-02-10,121.230003,121.300003,120.889999,111.644279,120.91999799999999,2580300.0
2015-02-11,121.029999,121.050003,120.639999,111.718147,121.0,2239400.0
2015-02-12,121.0,121.440002,120.900002,112.004379,121.309998,4045600.0
2015-02-13,121.290001,121.360001,120.82,111.56118799999999,120.83000200000001,2068700.0
2015-02-17,120.660004,120.779999,120.059998,111.04414399999999,120.269997,2970300.0
2015-02-18,120.339996,121.0,120.209999,111.441162,120.699997,3221900.0
2015-02-19,120.639999,121.08000200000001,120.540001,111.422676,120.68,2765500.0
2015-02-20,121.019997,121.32,120.470001,111.58890500000001,120.860001,1621100.0
2015-02-23,121.150002,121.279999,121.059998,111.967453,121.269997,2191400.0
2015-02-24,121.059998,122.099998,120.800003,112.69683799999999,122.059998,1891900.0
2015-02-25,121.91999799999999,122.199997,121.739998,112.79838600000001,122.16999799999999,2024500.0
2015-02-26,122.0,122.150002,121.440002,112.18901799999999,121.510002,1192200.0
2015-02-27,121.540001,121.860001,121.309998,112.456787,121.800003,2892800.0
2015-03-02,121.360001,121.360001,120.400002,111.48194099999999,120.41999799999999,4540700.0
2015-03-03,120.5,120.769997,120.339996,111.417099,120.349998,4737600.0
2015-03-04,120.660004,120.66999799999999,120.199997,111.343079,120.269997,2703200.0
2015-03-05,120.5,120.58000200000001,120.129997,111.491203,120.43,1307600.0
2015-03-06,119.699997,119.809998,119.110001,110.306221,119.150002,3372700.0
2015-03-09,119.589996,119.68,119.379997,110.75057199999999,119.629997,6241000.0
2015-03-10,120.019997,120.190002,119.790001,110.926468,119.82,3356900.0
2015-03-11,120.07,120.440002,119.879997,111.491203,120.43,1712200.0
2015-03-12,120.629997,120.720001,120.08000200000001,111.38008899999998,120.309998,2970700.0
2015-03-13,120.0,120.300003,119.900002,111.06533799999998,119.970001,1845300.0
2015-03-16,120.41999799999999,120.41999799999999,119.910004,111.176422,120.089996,1588300.0
2015-03-17,120.099998,120.370003,119.879997,111.36158799999998,120.290001,2528800.0
2015-03-18,120.540001,121.889999,120.360001,112.731728,121.769997,3382500.0
2015-03-19,121.480003,121.610001,121.050003,112.157753,121.150002,2503000.0
2015-03-20,121.470001,121.709999,121.360001,112.472504,121.489998,3669300.0
2015-03-23,121.57,121.83000200000001,121.550003,112.731728,121.769997,2946600.0
2015-03-24,121.889999,122.0,121.699997,112.89836899999999,121.949997,2781900.0
2015-03-25,122.0,122.300003,121.440002,112.52806899999999,121.550003,3205900.0
2015-03-26,121.269997,121.379997,120.720001,111.833725,120.800003,2681800.0
2015-03-27,121.18,121.540001,121.029999,112.278107,121.279999,1009700.0
2015-03-30,121.41999799999999,121.589996,121.279999,112.472504,121.489998,981100.0
2015-03-31,121.470001,121.760002,121.32,112.676193,121.709999,1688300.0
2015-04-01,121.699997,122.16999799999999,121.610001,113.00016000000001,121.730003,7393500.0
2015-04-02,121.940002,122.120003,121.5,112.814499,121.529999,3013700.0
2015-04-06,122.010002,122.160004,121.400002,112.96303600000002,121.690002,3496000.0
2015-04-07,121.599998,122.139999,121.480003,113.371475,122.129997,2613500.0
2015-04-08,122.129997,122.129997,121.699997,113.33434299999999,122.089996,3933500.0
2015-04-09,122.07,122.07,121.360001,112.758827,121.470001,1780600.0
2015-04-10,121.809998,121.900002,121.559998,112.916618,121.639999,1325000.0
2015-04-13,121.650002,121.849998,121.540001,112.87948600000001,121.599998,1710100.0
2015-04-14,122.050003,122.309998,121.849998,113.139389,121.879997,2245000.0
2015-04-15,122.150002,122.290001,121.959999,113.213646,121.959999,1560900.0
2015-04-16,122.139999,122.139999,121.57,113.14868899999999,121.889999,1820400.0
2015-04-17,121.82,122.349998,121.650002,113.455017,122.220001,1625600.0
2015-04-20,122.190002,122.349998,121.839996,113.185799,121.93,1527200.0
2015-04-21,122.050003,122.099998,121.779999,113.157951,121.900002,2441600.0
2015-04-22,121.93,121.940002,121.089996,112.42462900000001,121.110001,2106000.0
2015-04-23,121.139999,121.589996,121.040001,112.712395,121.41999799999999,1962900.0
2015-04-24,121.610001,121.83000200000001,121.510002,112.925903,121.650002,1690200.0
2015-04-27,121.650002,121.760002,121.32,112.84236100000001,121.559998,1564700.0
2015-04-28,121.220001,121.379997,120.760002,112.17400400000001,120.839996,1972500.0
2015-04-29,120.010002,120.150002,119.599998,111.245705,119.839996,3087100.0
2015-04-30,119.660004,120.010002,119.16999799999999,111.338516,119.940002,5715900.0
2015-05-01,119.220001,119.470001,118.800003,110.724144,118.949997,3462200.0
2015-05-04,119.010002,119.160004,118.559998,110.37046799999999,118.57,2689600.0
2015-05-05,118.639999,118.690002,118.050003,110.184273,118.370003,3307400.0
2015-05-06,118.300003,118.300003,117.68,109.70954099999999,117.860001,2105900.0
2015-05-07,118.010002,118.410004,117.860001,110.147049,118.33000200000001,3641200.0
2015-05-08,119.089996,119.230003,118.83000200000001,110.780022,119.010002,5393700.0
2015-05-11,118.610001,118.650002,117.690002,109.663002,117.809998,3882700.0
2015-05-12,117.449997,117.980003,117.199997,109.50475300000001,117.639999,3737200.0
2015-05-13,118.209999,118.279999,117.489998,109.402367,117.529999,3263600.0
2015-05-14,117.75,118.139999,117.610001,109.77471899999999,117.93,3094300.0
2015-05-15,118.209999,118.82,118.099998,110.538017,118.75,1856500.0
2015-05-18,118.309998,118.480003,117.75,109.690941,117.839996,2820500.0
2015-05-19,117.300003,117.800003,117.199997,109.104492,117.209999,3562500.0
2015-05-20,117.379997,117.68,117.110001,109.23483300000001,117.349998,2626800.0
2015-05-21,117.550003,117.949997,117.41999799999999,109.75608799999999,117.910004,1606900.0
2015-05-22,117.82,117.849998,117.510002,109.681618,117.83000200000001,2858500.0
2015-05-26,117.860001,118.410004,117.809998,110.16565700000001,118.349998,2232200.0
2015-05-27,118.360001,118.550003,118.089996,110.277374,118.470001,2282600.0
2015-05-28,118.43,118.489998,118.190002,110.04463999999999,118.220001,2901000.0
2015-05-29,118.5,118.57,118.129997,110.091187,118.269997,2845800.0
2015-06-01,117.860001,117.989998,117.220001,109.47419,117.279999,5315800.0
2015-06-02,116.870003,116.989998,116.589996,108.91413100000001,116.68,7084900.0
2015-06-03,116.440002,116.440002,115.709999,108.21404299999999,115.93,3307900.0
2015-06-04,116.120003,116.66999799999999,116.120003,108.774101,116.529999,2849100.0
2015-06-05,115.910004,116.209999,115.5,108.223366,115.940002,5548400.0
2015-06-08,116.08000200000001,116.199997,115.860001,108.14868899999999,115.860001,2131100.0
2015-06-09,115.66999799999999,115.66999799999999,115.239998,107.663307,115.339996,6152300.0
2015-06-10,115.18,115.279999,114.93,107.37393999999999,115.029999,1959600.0
2015-06-11,115.540001,116.07,115.290001,108.32608,116.050003,2562600.0
2015-06-12,115.760002,116.33000200000001,115.730003,108.139351,115.849998,2437900.0
2015-06-15,116.199997,116.25,115.68,108.120682,115.83000200000001,1827600.0
2015-06-16,115.959999,116.120003,115.660004,108.391396,116.120003,2274100.0
2015-06-17,116.040001,116.199997,115.470001,108.382042,116.110001,3824200.0
2015-06-18,115.849998,116.0,115.529999,108.186043,115.900002,1853100.0
2015-06-19,116.230003,116.620003,116.059998,108.76478600000002,116.519997,5114500.0
2015-06-22,116.089996,116.25,115.540001,107.906029,115.599998,2547700.0
2015-06-23,115.089996,115.639999,115.089996,107.663307,115.339996,1238700.0
2015-06-24,115.440002,115.720001,115.300003,107.95268200000001,115.650002,2540000.0
2015-06-25,115.480003,115.639999,115.260002,107.784645,115.470001,2567500.0
2015-06-26,115.019997,115.129997,114.730003,107.289925,114.940002,2284900.0
2015-06-29,115.220001,116.089996,115.150002,108.223366,115.940002,5945700.0
2015-06-30,115.66999799999999,116.18,115.599998,108.01803600000001,115.720001,2668600.0
2015-07-01,115.029999,115.290001,115.019997,107.671654,115.019997,4088700.0
2015-07-02,115.300003,115.660004,115.279999,108.083549,115.459999,1971000.0
2015-07-06,115.879997,116.07,115.589996,108.51415300000001,115.91999799999999,4844900.0
2015-07-07,116.650002,116.860001,116.260002,108.963493,116.400002,3627500.0
2015-07-08,116.510002,116.709999,116.230003,109.113258,116.559998,3490600.0
2015-07-09,116.160004,116.199997,115.720001,108.39245600000001,115.790001,1427800.0
2015-07-10,115.150002,115.360001,114.809998,107.699745,115.050003,2740000.0
2015-07-13,114.58000200000001,115.08000200000001,114.58000200000001,107.465698,114.800003,3146100.0
2015-07-14,114.870003,115.0,114.660004,107.559334,114.900002,4364200.0
2015-07-15,114.860001,115.370003,114.769997,107.840149,115.199997,1923800.0
2015-07-16,115.029999,115.459999,114.91999799999999,108.00863600000001,115.379997,2036600.0
2015-07-17,115.389999,115.620003,115.389999,108.083549,115.459999,2268200.0
2015-07-20,115.25,115.449997,115.150002,107.830803,115.190002,2805700.0
2015-07-21,115.010002,115.480003,115.0,108.05545,115.43,2490700.0
2015-07-22,115.410004,115.75,115.339996,108.195885,115.58000200000001,1292900.0
2015-07-23,115.529999,116.019997,115.400002,108.51415300000001,115.91999799999999,2007500.0
2015-07-24,116.110001,116.110001,115.66999799999999,108.46734599999999,115.870003,2704700.0
2015-07-27,115.93,116.18,115.809998,108.476707,115.879997,4836700.0
2015-07-28,115.629997,115.82,115.5,108.39245600000001,115.790001,2755100.0
2015-07-29,115.730003,115.809998,115.519997,108.29884299999999,115.690002,1569200.0
2015-07-30,115.769997,115.91999799999999,115.599998,108.355011,115.75,2157600.0
2015-07-31,116.110001,116.410004,116.099998,108.91668700000001,116.349998,3626900.0
2015-08-03,115.860001,116.379997,115.83000200000001,109.170151,116.290001,2942800.0
2015-08-04,115.989998,116.050003,115.639999,108.61628,115.699997,3823200.0
2015-08-05,115.510002,115.510002,115.089996,108.193832,115.25,2991500.0
2015-08-06,115.379997,115.589996,115.33000200000001,108.40036,115.470001,1750800.0
2015-08-07,115.639999,115.940002,115.550003,108.77588700000001,115.870003,2907200.0
2015-08-10,115.58000200000001,115.68,115.349998,108.34403200000001,115.410004,1317600.0
2015-08-11,115.889999,116.209999,115.82,108.79463999999999,115.889999,5011600.0
2015-08-12,115.889999,116.260002,115.650002,108.625671,115.709999,5062200.0
2015-08-13,115.410004,115.660004,115.220001,108.25016799999999,115.309998,1647500.0
2015-08-14,115.279999,115.529999,115.16999799999999,108.353424,115.41999799999999,1693600.0
2015-08-17,115.800003,116.099998,115.589996,108.700768,115.790001,3313900.0
2015-08-18,115.519997,115.639999,115.279999,108.28768899999999,115.349998,2200900.0
2015-08-19,115.099998,115.989998,115.0,108.8134,115.910004,2600100.0
2015-08-20,115.949997,116.110001,115.809998,108.87912800000001,115.980003,1760100.0
2015-08-21,116.010002,116.290001,115.82,108.907288,116.010002,2971100.0
2015-08-24,116.5,116.589996,115.629997,108.60688799999998,115.690002,3966000.0
2015-08-25,115.349998,115.559998,114.870003,108.053001,115.099998,2625300.0
2015-08-26,114.879997,115.230003,114.68,107.98728200000001,115.029999,3299400.0
2015-08-27,114.809998,115.389999,114.699997,108.09056899999999,115.139999,2957800.0
2015-08-28,115.709999,115.760002,115.269997,108.28768899999999,115.349998,1901200.0
2015-08-31,115.790001,115.82,115.059998,108.015472,115.059998,1250100.0
2015-09-01,115.059998,115.489998,114.839996,108.669823,115.41999799999999,3856800.0
2015-09-02,114.970001,115.459999,114.970001,108.509758,115.25,1824500.0
2015-09-03,115.57,115.940002,115.41999799999999,109.02758,115.800003,11303000.0
2015-09-04,115.970001,116.199997,115.779999,109.272392,116.059998,1648600.0
2015-09-08,115.760002,115.82,115.5,108.763962,115.519997,1892100.0
2015-09-09,115.230003,115.839996,115.199997,108.999344,115.769997,2078900.0
2015-09-10,115.57,115.650002,115.360001,108.782784,115.540001,2566500.0
2015-09-11,115.58000200000001,115.889999,115.57,108.858116,115.620003,2333300.0
2015-09-14,115.779999,115.82,115.480003,108.848701,115.610001,1732500.0
2015-09-15,115.339996,115.480003,114.639999,108.029587,114.739998,3090400.0
2015-09-16,114.809998,115.050003,114.760002,108.227303,114.949997,2918300.0
2015-09-17,114.93,115.940002,114.889999,109.121727,115.900002,4106700.0
2015-09-18,116.08000200000001,116.379997,116.0,109.45127099999999,116.25,4692200.0
2015-09-21,115.940002,116.099998,115.610001,108.89576699999999,115.660004,3209900.0
2015-09-22,116.050003,116.349998,115.940002,109.36655400000001,116.160004,4001000.0
2015-09-23,116.120003,116.220001,115.93,109.30061299999998,116.089996,2435200.0
2015-09-24,116.459999,116.519997,116.08000200000001,109.31945,116.110001,2378100.0
2015-09-25,115.739998,115.949997,115.650002,108.989944,115.760002,2858800.0
2015-09-28,115.839996,116.160004,115.699997,109.178238,115.959999,3099400.0
2015-09-29,115.910004,116.150002,115.82,109.31945,116.110001,2267100.0
2015-09-30,115.879997,116.129997,115.83000200000001,109.30061299999998,116.089996,4404100.0
2015-10-01,115.739998,115.91999799999999,115.57,109.276077,115.730003,6459600.0
2015-10-02,116.349998,116.489998,116.019997,109.757622,116.239998,3480100.0
2015-10-05,115.91999799999999,116.07,115.800003,109.464928,115.93,7567200.0
2015-10-06,115.93,116.220001,115.650002,109.68209099999999,116.160004,3241200.0
2015-10-07,116.239998,116.599998,115.91999799999999,110.06923700000002,116.57,5884900.0
2015-10-08,116.57,116.57,115.980003,109.634872,116.110001,2175000.0
2015-10-09,116.089996,116.279999,115.989998,109.68209099999999,116.160004,3798800.0
2015-10-12,116.32,116.699997,116.32,110.12586999999999,116.629997,860400.0
2015-10-13,116.610001,116.639999,116.239998,110.040916,116.540001,2147200.0
2015-10-14,116.839996,117.010002,116.57,110.47525,117.0,1976500.0
2015-10-15,116.849998,116.949997,116.610001,110.42806200000001,116.949997,4233500.0
2015-10-16,116.91999799999999,117.029999,116.83000200000001,110.465805,116.989998,3055300.0
2015-10-19,116.940002,116.989998,116.639999,110.456398,116.980003,2510700.0
2015-10-20,116.639999,116.849998,116.550003,110.24861899999999,116.760002,4190100.0
2015-10-21,117.050003,117.370003,117.050003,110.796295,117.339996,2497700.0
2015-10-22,117.309998,117.779999,117.220001,111.032326,117.589996,2396900.0
2015-10-23,117.349998,117.410004,117.160004,110.62634299999999,117.160004,3682800.0
2015-10-26,117.370003,117.43,117.129997,110.82460800000001,117.370003,3771900.0
2015-10-27,117.660004,117.690002,117.370003,110.85295900000001,117.400002,2809600.0
2015-10-28,117.290001,117.360001,116.82,110.41857900000001,116.940002,4693300.0
2015-10-29,116.610001,116.629997,116.0,109.644341,116.120003,2942100.0
2015-10-30,116.190002,116.440002,116.08000200000001,109.927605,116.41999799999999,2664100.0
2015-11-02,115.800003,115.879997,115.559998,109.45508600000001,115.589996,6241700.0
2015-11-03,115.599998,115.709999,115.43,109.464546,115.599998,2672700.0
2015-11-04,115.629997,115.790001,115.449997,109.341454,115.470001,4176400.0
2015-11-05,115.559998,115.720001,115.230003,109.36985,115.5,3743100.0
2015-11-06,114.83000200000001,114.879997,114.639999,108.659676,114.75,4306200.0
2015-11-09,114.540001,114.809998,114.43,108.47973600000002,114.559998,3253200.0
2015-11-10,114.699997,115.059998,114.57,108.754356,114.849998,2228800.0
2015-11-11,114.800003,114.900002,114.730003,108.74488799999999,114.839996,910900.0
2015-11-12,114.75,115.199997,114.739998,108.707031,114.800003,3102000.0
2015-11-13,115.089996,115.190002,114.980003,109.028976,115.139999,2618900.0
2015-11-16,115.209999,115.300003,115.019997,109.047913,115.160004,2558400.0
2015-11-17,114.949997,115.5,114.860001,109.16152199999999,115.279999,3857700.0
2015-11-18,115.199997,115.410004,115.07,109.189926,115.309998,1713300.0
2015-11-19,115.470001,115.769997,115.440002,109.511894,115.650002,2890500.0
2015-11-20,115.629997,115.760002,115.480003,109.492935,115.629997,2344900.0
2015-11-23,115.540001,115.75,115.470001,109.53083799999999,115.66999799999999,1948100.0
2015-11-24,115.639999,115.82,115.58000200000001,109.56869499999999,115.709999,1659500.0
2015-11-25,115.75,115.910004,115.68,109.672874,115.82,609600.0
2015-11-27,115.910004,116.0,115.860001,109.71073899999999,115.860001,409200.0
2015-11-30,115.849998,115.949997,115.800003,109.758095,115.910004,4925000.0
2015-12-01,115.639999,116.470001,115.559998,110.58330500000001,116.449997,5961700.0
2015-12-02,116.209999,116.33000200000001,116.050003,110.31743600000001,116.16999799999999,6138300.0
2015-12-03,115.58000200000001,115.690002,114.559998,108.854996,114.629997,4515400.0
2015-12-04,114.790001,115.279999,114.790001,109.443779,115.25,3120500.0
2015-12-07,115.220001,115.83000200000001,115.190002,109.63371299999999,115.449997,3094600.0
2015-12-08,115.599998,115.610001,115.220001,109.491249,115.300003,3754100.0
2015-12-09,115.16999799999999,115.41999799999999,114.93,109.46276100000001,115.269997,3394600.0
2015-12-10,115.290001,115.470001,115.0,109.206375,115.0,4722600.0
2015-12-11,115.279999,115.410004,114.809998,109.396294,115.199997,7949600.0
2015-12-14,114.849998,115.0,114.18,108.589096,114.349998,6442800.0
2015-12-15,114.07,114.629997,113.940002,108.59861799999999,114.360001,3822600.0
2015-12-16,114.309998,114.629997,113.699997,108.57961999999999,114.339996,2540900.0
2015-12-17,114.660004,114.739998,114.339996,108.703056,114.470001,2327500.0
2015-12-18,114.519997,114.760002,114.43,108.703056,114.470001,2566200.0
2015-12-21,114.760002,114.900002,114.459999,108.779068,114.550003,3026000.0
2015-12-22,114.43,114.589996,114.290001,108.636604,114.400002,2204900.0
2015-12-23,114.279999,114.519997,114.209999,108.73156000000002,114.5,1923200.0
2015-12-24,114.339996,114.550003,114.199997,109.08580800000001,114.550003,920100.0
2015-12-28,114.360001,114.559998,114.209999,108.95249199999999,114.410004,2422500.0
2015-12-29,114.279999,114.379997,113.809998,108.390625,113.82,2965700.0
2015-12-30,113.769997,114.050003,113.730003,108.390625,113.82,1890600.0
2015-12-31,114.16999799999999,114.269997,114.0,108.571579,114.010002,1228200.0
2016-01-04,114.150002,114.410004,113.889999,108.514435,113.949997,8333700.0
2016-01-05,114.089996,114.230003,113.910004,108.571579,114.010002,4474300.0
2016-01-06,114.480003,114.529999,114.300003,109.000107,114.459999,4522400.0
2016-01-07,114.57,114.68,114.25,109.08580800000001,114.550003,4820000.0
2016-01-08,114.519997,114.91999799999999,114.440002,109.171524,114.639999,4363500.0
2016-01-11,114.489998,114.610001,114.230003,108.81916000000001,114.269997,4161500.0
2016-01-12,114.300003,114.910004,114.300003,109.06675700000001,114.529999,2616600.0
2016-01-13,114.720001,115.0,114.540001,109.40007800000001,114.879997,5649800.0
2016-01-14,114.900002,114.91999799999999,114.260002,108.857262,114.309998,4735300.0
2016-01-15,114.339996,114.489998,113.980003,108.695374,114.139999,5977900.0
2016-01-19,114.040001,114.120003,113.610001,108.209686,113.629997,3374300.0
2016-01-20,113.839996,113.940002,113.510002,108.37159,113.800003,6175300.0
2016-01-21,113.809998,113.989998,113.360001,108.05734299999999,113.470001,3928300.0
2016-01-22,113.43,113.760002,113.349998,108.124001,113.540001,2932000.0
2016-01-25,113.190002,113.709999,113.190002,108.00972,113.41999799999999,2485200.0
2016-01-26,113.510002,113.779999,113.440002,108.314453,113.739998,4002200.0
2016-01-27,113.529999,113.709999,113.209999,108.01923400000001,113.43,2535900.0
2016-01-28,113.269997,113.75,113.269997,108.14303600000001,113.559998,4187100.0
2016-01-29,114.220001,114.220001,113.900002,108.70488700000001,114.150002,2022700.0
2016-02-01,113.489998,113.589996,113.110001,108.358177,113.449997,8696800.0
2016-02-02,113.639999,113.739998,113.370003,108.558769,113.660004,5881200.0
2016-02-03,113.519997,113.940002,113.239998,108.29132800000001,113.379997,3732100.0
2016-02-04,113.489998,113.68,113.33000200000001,108.33908799999999,113.43,3367500.0
2016-02-05,113.279999,113.5,113.120003,108.319984,113.410004,4334400.0
2016-02-08,113.650002,114.08000200000001,113.5,108.883522,114.0,3265200.0
2016-02-09,113.660004,114.08000200000001,113.589996,108.511002,113.610001,3346900.0
2016-02-10,113.739998,113.93,113.620003,108.644714,113.75,3738300.0
2016-02-11,114.0,114.489998,113.900002,109.00766000000002,114.129997,5333600.0
2016-02-12,113.66999799999999,113.83000200000001,113.16999799999999,108.39638500000001,113.489998,4180600.0
2016-02-16,113.529999,113.529999,112.879997,107.880623,112.949997,4972200.0
2016-02-17,112.900002,113.139999,112.66999799999999,107.851974,112.91999799999999,5008100.0
2016-02-18,113.190002,113.879997,113.08000200000001,108.730682,113.839996,3810700.0
2016-02-19,113.800003,113.970001,113.57,108.65428899999999,113.760002,3587300.0
2016-02-22,113.870003,114.040001,113.779999,108.87395500000001,113.989998,4556800.0
2016-02-23,113.75,114.300003,113.550003,109.09362800000001,114.220001,2832100.0
2016-02-24,114.5,114.82,114.269997,109.198692,114.33000200000001,3402200.0
2016-02-25,114.58000200000001,115.110001,114.58000200000001,109.809959,114.970001,4531800.0
2016-02-26,114.910004,114.959999,114.57,109.771767,114.93,5422500.0
2016-02-29,114.849998,115.07,114.779999,109.84816699999999,115.010002,5231900.0
2016-03-01,115.110001,115.110001,113.91999799999999,109.24948899999998,114.050003,8301800.0
2016-03-02,113.949997,114.300003,113.82,109.469803,114.279999,3519600.0
2016-03-03,114.290001,114.900002,114.279999,109.987068,114.82,3614600.0
2016-03-04,114.739998,114.82,114.449997,109.96791100000002,114.800003,2040600.0
2016-03-07,114.489998,114.959999,114.489998,110.092445,114.93,3616900.0
2016-03-08,115.769997,115.860001,115.449997,110.676758,115.540001,3279800.0
2016-03-09,115.199997,115.540001,115.18,110.552254,115.410004,3205800.0
2016-03-10,115.910004,116.089996,115.400002,111.012032,115.889999,4459000.0
2016-03-11,116.300003,116.379997,115.970001,111.32813300000001,116.220001,4603500.0
2016-03-14,116.43,116.599998,116.209999,111.65383899999999,116.559998,2997400.0
2016-03-15,116.83000200000001,116.83000200000001,116.389999,111.615501,116.519997,6599400.0
2016-03-16,116.349998,117.120003,116.260002,112.151955,117.08000200000001,3975400.0
2016-03-17,117.08000200000001,117.690002,117.08000200000001,112.496796,117.440002,3341900.0
2016-03-18,117.860001,117.910004,117.5,112.75543200000001,117.709999,3315200.0
2016-03-21,117.510002,117.839996,117.41999799999999,112.621323,117.57,2948600.0
2016-03-22,117.800003,117.800003,117.279999,112.410568,117.349998,3762900.0
2016-03-23,117.589996,117.940002,117.309998,112.97575400000001,117.940002,5338700.0
2016-03-24,118.260002,118.260002,117.800003,112.927849,117.889999,2601500.0
2016-03-28,117.940002,118.190002,117.860001,112.994919,117.959999,3274500.0
2016-03-29,118.279999,118.599998,118.110001,113.50259399999999,118.489998,3758500.0
2016-03-30,118.489998,118.489998,118.190002,113.36849199999999,118.349998,3877600.0
2016-03-31,118.379997,118.860001,118.290001,113.81871000000001,118.82,7853500.0
2016-04-01,118.650002,118.959999,118.190002,114.185875,118.870003,6809800.0
2016-04-04,118.900002,118.91999799999999,118.660004,114.19547299999999,118.879997,4138700.0
2016-04-05,118.690002,119.269997,118.559998,114.56050900000001,119.260002,6944700.0
2016-04-06,119.07,119.18,118.910004,114.46444699999999,119.160004,4793600.0
2016-04-07,119.440002,119.540001,119.25,114.77185800000001,119.480003,3591900.0
2016-04-08,119.379997,119.389999,119.139999,114.512474,119.209999,2060900.0
2016-04-11,119.089996,119.339996,118.980003,114.50286100000001,119.199997,1998600.0
2016-04-12,118.879997,119.040001,118.610001,114.051399,118.730003,3553400.0
2016-04-13,118.769997,119.160004,118.699997,114.44523600000001,119.139999,2502200.0
2016-04-14,119.18,119.230003,118.910004,114.368385,119.059998,1864000.0
2016-04-15,119.300003,119.620003,119.139999,114.848694,119.559998,3789500.0
2016-04-18,119.339996,119.690002,119.339996,114.97357199999999,119.690002,2827400.0
2016-04-19,119.730003,119.91999799999999,119.57,115.18490600000001,119.910004,2577100.0
2016-04-20,120.059998,120.389999,119.550003,114.867897,119.58000200000001,3040900.0
2016-04-21,119.660004,119.690002,119.33000200000001,114.81987,119.529999,3579500.0
2016-04-22,119.910004,119.910004,119.550003,114.944748,119.660004,1651800.0
2016-04-25,119.68,119.690002,119.300003,114.675774,119.379997,2923600.0
2016-04-26,119.5,119.5,119.120003,114.627762,119.33000200000001,3286600.0
2016-04-27,119.589996,120.089996,119.41999799999999,115.357796,120.089996,3091100.0
2016-04-28,119.900002,120.269997,119.82,115.46346299999999,120.199997,3503200.0
2016-04-29,120.08000200000001,120.41999799999999,119.849998,115.588356,120.33000200000001,2924600.0
2016-05-02,119.949997,120.050003,119.769997,115.438736,119.849998,6771200.0
2016-05-03,120.040001,120.239998,119.900002,115.64101399999998,120.059998,3732700.0
2016-05-04,120.0,120.010002,119.720001,115.44836399999998,119.860001,4228200.0
2016-05-05,119.959999,120.129997,119.620003,115.67952,120.099998,4466000.0
2016-05-06,120.050003,120.050003,119.690002,115.4291,119.839996,3045000.0
2016-05-09,119.949997,119.949997,119.610001,115.31352199999999,119.720001,6202800.0
2016-05-10,119.809998,119.970001,119.66999799999999,115.506157,119.91999799999999,5469900.0
2016-05-11,119.839996,120.239998,119.75,115.631386,120.050003,3416600.0
2016-05-12,120.099998,120.099998,119.66999799999999,115.39058700000001,119.800003,2681900.0
2016-05-13,119.910004,120.059998,119.779999,115.60247,120.019997,4328100.0
2016-05-16,120.019997,120.019997,119.599998,115.21720900000001,119.620003,2968400.0
2016-05-17,119.610001,119.800003,119.510002,115.17868,119.58000200000001,3386000.0
2016-05-18,119.449997,119.449997,118.440002,114.19622,118.559998,7022100.0
2016-05-19,118.620003,118.91999799999999,118.620003,114.46591200000002,118.839996,5759900.0
2016-05-20,118.93,118.989998,118.690002,114.542976,118.91999799999999,2977700.0
2016-05-23,118.91999799999999,118.980003,118.709999,114.542976,118.91999799999999,2842000.0
2016-05-24,118.989998,118.989998,118.559998,114.35032700000001,118.720001,3498100.0
2016-05-25,118.730003,118.959999,118.699997,114.55258899999998,118.93,4793800.0
2016-05-26,118.959999,119.449997,118.959999,114.880081,119.269997,4858600.0
2016-05-27,119.279999,119.410004,119.029999,114.793388,119.18,2762800.0
2016-05-31,119.0,119.5,118.910004,114.995674,119.389999,3170400.0
2016-06-01,119.279999,119.41999799999999,119.040001,115.07694199999999,119.139999,5528700.0
2016-06-02,119.279999,119.599998,119.230003,115.30875400000001,119.379997,2709400.0
2016-06-03,120.050003,120.339996,119.93,116.23600800000001,120.339996,2998800.0
2016-06-06,120.309998,120.309998,120.019997,115.955917,120.050003,6401500.0
2016-06-07,120.32,120.449997,120.18,116.12975300000001,120.230003,3663400.0
2016-06-08,120.379997,120.639999,120.33000200000001,116.516121,120.629997,2478800.0
2016-06-09,120.910004,120.970001,120.730003,116.680328,120.800003,2885400.0
2016-06-10,120.900002,121.150002,120.879997,116.815552,120.940002,4209200.0
2016-06-13,121.150002,121.150002,120.68,116.64169299999999,120.760002,3979900.0
2016-06-14,120.91999799999999,121.019997,120.449997,116.38089,120.489998,6301100.0
2016-06-15,120.900002,121.089996,120.650002,116.815552,120.940002,5589500.0
2016-06-16,120.91999799999999,121.260002,120.860001,116.98941,121.120003,4550700.0
2016-06-17,121.08000200000001,121.08000200000001,120.690002,116.64169299999999,120.760002,2673200.0
2016-06-20,120.68,120.699997,120.480003,116.496803,120.610001,4549700.0
2016-06-21,120.709999,120.769997,120.410004,116.390579,120.5,4396400.0
2016-06-22,120.529999,120.730003,120.5,116.603058,120.720001,4090400.0
2016-06-23,120.650002,120.699997,120.5,116.48716,120.599998,3942700.0
2016-06-24,120.879997,121.5,120.879997,117.03772,121.16999799999999,5294900.0
2016-06-27,121.589996,121.989998,121.589996,117.53031200000001,121.68,7323900.0
2016-06-28,121.83000200000001,122.389999,121.82,118.17746000000001,122.349998,5555700.0
2016-06-29,,,,,,
2016-06-30,122.440002,122.839996,122.300003,118.55416899999999,122.739998,5398300.0
2016-07-01,122.989998,123.16999799999999,122.760002,119.17543,123.050003,4396300.0
2016-07-05,123.459999,123.58000200000001,123.199997,119.582199,123.470001,4415000.0
2016-07-06,123.639999,123.75,123.400002,119.795273,123.690002,6770300.0
2016-07-07,123.629997,123.860001,123.459999,119.81462900000001,123.709999,2597100.0
2016-07-08,124.050003,124.41999799999999,123.860001,120.482933,124.400002,3835300.0
2016-07-11,124.279999,124.480003,124.059998,120.17298899999999,124.08000200000001,3000200.0
2016-07-12,123.83000200000001,123.839996,123.370003,119.49501799999999,123.379997,4363000.0
2016-07-13,123.889999,124.059998,123.730003,119.959915,123.860001,3738500.0
2016-07-14,123.230003,123.68,123.209999,119.669373,123.559998,7254900.0
2016-07-15,123.269997,123.5,123.0,119.214149,123.089996,4442600.0
2016-07-18,123.410004,123.449997,122.83000200000001,119.214149,123.089996,4737300.0
2016-07-19,123.410004,123.410004,123.019997,119.427231,123.309998,7196300.0
2016-07-20,123.190002,123.309998,122.940002,119.38849599999999,123.269997,3676800.0
2016-07-21,122.879997,123.449997,122.800003,119.52409399999999,123.410004,3570100.0
2016-07-22,123.16999799999999,123.610001,123.099998,119.456291,123.339996,3748200.0
2016-07-25,123.519997,123.519997,123.199997,119.38849599999999,123.269997,3295600.0
2016-07-26,123.559998,123.559998,122.970001,119.272278,123.150002,4929300.0
2016-07-27,123.389999,123.739998,123.199997,119.766228,123.660004,5976800.0
2016-07-28,123.389999,123.620003,123.25,119.64998600000001,123.540001,5276100.0
2016-07-29,123.5,124.040001,123.5,120.085831,123.989998,4226100.0
2016-08-01,123.32,123.440002,122.949997,119.40873700000002,122.970001,4827700.0
2016-08-02,122.43,122.66999799999999,122.110001,118.738701,122.279999,4526700.0
2016-08-03,122.529999,122.650002,122.18,118.89407299999999,122.440002,6037600.0
2016-08-04,122.849998,123.230003,122.730003,119.39901,122.959999,3413100.0
2016-08-05,122.870003,122.959999,122.410004,118.91348300000001,122.459999,3888300.0
2016-08-08,122.339996,122.769997,122.230003,118.991165,122.540001,4161300.0
2016-08-09,122.879997,123.32,122.75,119.69032299999999,123.260002,4259100.0
2016-08-10,123.599998,123.720001,123.279999,120.03018999999999,123.610001,6338800.0
2016-08-11,123.699997,123.760002,123.059998,119.632072,123.199997,4227600.0
2016-08-12,123.760002,124.059998,123.68,120.17585,123.760002,6585200.0
2016-08-15,123.620003,123.639999,123.379997,119.806854,123.379997,2980700.0
2016-08-16,123.519997,123.529999,123.110001,119.59323899999998,123.160004,4526300.0
2016-08-17,123.25,123.660004,123.18,119.923378,123.5,4566900.0
2016-08-18,123.739998,123.940002,123.5,120.214684,123.800003,4237900.0
2016-08-19,123.540001,123.699997,123.260002,119.8554,123.43,5272100.0
2016-08-22,123.839996,123.970001,123.639999,120.26323700000002,123.849998,5221000.0
2016-08-23,124.050003,124.230003,123.900002,120.399185,123.989998,5398800.0
2016-08-24,124.16999799999999,124.25,123.900002,120.32151,123.910004,3871200.0
2016-08-25,123.91999799999999,124.07,123.760002,120.20497900000001,123.790001,3679300.0
2016-08-26,124.050003,124.449997,123.32,119.826279,123.400002,3388100.0
2016-08-29,123.800003,124.25,123.709999,120.506004,124.099998,2668000.0
2016-08-30,124.08000200000001,124.099998,123.809998,120.35063899999999,123.940002,10626500.0
2016-08-31,124.010002,124.050003,123.769997,120.30208600000002,123.889999,5300000.0
2016-09-01,123.199997,123.629997,123.08000200000001,120.30188799999999,123.57,10146300.0
2016-09-02,123.58000200000001,123.589996,123.099998,120.087708,123.349998,4155700.0
2016-09-06,123.470001,123.900002,123.18,120.50634,123.779999,6387400.0
2016-09-07,123.949997,124.040001,123.610001,120.34083600000001,123.610001,2983400.0
2016-09-08,123.25,123.400002,122.66999799999999,119.493851,122.739998,4632300.0
2016-09-09,122.110001,122.379997,121.75,118.598183,121.82,8136000.0
2016-09-12,121.720001,122.059998,121.550003,118.60790300000001,121.83000200000001,5164100.0
2016-09-13,121.989998,121.989998,121.050003,118.21849099999999,121.43,13637100.0
2016-09-14,121.489998,121.720001,121.349998,118.296371,121.510002,4444000.0
2016-09-15,121.489998,121.699997,121.199997,118.374252,121.589996,3441100.0
2016-09-16,121.75,121.82,121.5,118.51055900000001,121.730003,6832400.0
2016-09-19,121.809998,121.910004,121.610001,118.47161100000001,121.690002,5997100.0
2016-09-20,121.980003,122.209999,121.809998,118.62737299999999,121.849998,5026100.0
2016-09-21,121.879997,122.5,121.620003,119.23098799999998,122.470001,4651400.0
2016-09-22,122.720001,123.110001,122.699997,119.717758,122.970001,8544300.0
2016-09-23,122.959999,123.040001,122.839996,119.63013500000001,122.879997,6284600.0
2016-09-26,122.949997,123.209999,122.900002,119.815125,123.07,5027000.0
2016-09-27,123.339996,123.440002,123.07,120.10717,123.370003,4571800.0
2016-09-28,123.489998,123.510002,123.25,120.185074,123.449997,8094600.0
2016-09-29,123.190002,123.440002,123.08000200000001,120.136398,123.400002,5409100.0
2016-09-30,123.449997,123.449997,122.839996,119.922211,123.18,5224600.0
2016-10-03,122.91999799999999,122.949997,122.510002,119.582268,122.510002,5555900.0
2016-10-04,122.43,122.57,121.940002,119.02588700000001,121.940002,6890100.0
2016-10-05,122.040001,122.150002,121.66999799999999,118.898987,121.809998,4168600.0
2016-10-06,121.809998,122.129997,121.650002,118.908752,121.82,5909300.0
2016-10-07,121.989998,122.199997,121.690002,119.19181100000002,122.110001,2545900.0
2016-10-10,122.110001,122.120003,121.769997,119.19181100000002,122.110001,2246100.0
2016-10-11,121.75,122.010002,121.690002,118.820908,121.730003,3416600.0
2016-10-12,121.800003,121.93,121.58000200000001,118.97705800000001,121.889999,2327800.0
2016-10-13,122.099998,122.33000200000001,122.059998,119.26990500000001,122.190002,4204300.0
2016-10-14,121.860001,122.099998,121.610001,118.713531,121.620003,2208900.0
2016-10-17,121.800003,122.07,121.800003,119.103973,122.019997,2698800.0
2016-10-18,121.91999799999999,122.32,121.910004,119.39679699999999,122.32,2944100.0
2016-10-19,122.239998,122.57,122.160004,119.552971,122.480003,5010500.0
2016-10-20,122.769997,122.769997,122.41999799999999,119.513931,122.440002,2646800.0
2016-10-21,122.519997,122.58000200000001,122.300003,119.582268,122.510002,3502500.0
2016-10-24,122.550003,122.550003,122.019997,119.24063100000001,122.160004,3816500.0
2016-10-25,122.089996,122.290001,121.980003,119.15277900000001,122.07,6611600.0
2016-10-26,121.879997,121.91999799999999,121.550003,118.65496100000001,121.559998,10256000.0
2016-10-27,121.32,121.32,120.730003,118.118103,121.010002,11643100.0
2016-10-28,120.949997,121.139999,120.839996,117.98146100000001,120.870003,5629800.0
2016-10-31,121.160004,121.199997,120.940002,118.08883700000001,120.980003,5377300.0
2016-11-01,120.43,120.66999799999999,120.18,117.940453,120.510002,9303000.0
2016-11-02,120.599998,120.809998,120.510002,118.116615,120.690002,4798100.0
2016-11-03,120.510002,120.610001,120.360001,117.881721,120.449997,6320500.0
2016-11-04,120.629997,120.900002,120.629997,118.234055,120.809998,4242900.0
2016-11-07,120.68,120.769997,120.559998,118.15576899999999,120.730003,4352400.0
2016-11-08,120.690002,120.779999,120.33000200000001,117.891525,120.459999,3632400.0
2016-11-09,119.470001,119.690002,118.510002,116.159264,118.690002,9216200.0
2016-11-10,118.510002,119.08000200000001,118.410004,116.06138600000001,118.589996,9063900.0
2016-11-11,118.540001,118.650002,118.019997,115.562256,118.08000200000001,6011900.0
2016-11-14,117.32,118.010002,117.18,114.96527900000001,117.470001,7148700.0
2016-11-15,117.660004,118.050003,117.57,115.31758899999998,117.83000200000001,4840300.0
2016-11-16,117.690002,118.059998,117.650002,115.483971,118.0,5417800.0
2016-11-17,117.709999,117.779999,117.120003,114.749954,117.25,6106200.0
2016-11-18,117.410004,117.449997,116.519997,114.10403400000001,116.589996,9801400.0
2016-11-21,116.790001,116.949997,116.589996,114.221474,116.709999,5077200.0
2016-11-22,117.099998,117.110001,116.779999,114.51507600000001,117.010002,3693100.0
2016-11-23,116.300003,116.760002,116.040001,114.094246,116.58000200000001,6098300.0
2016-11-25,116.870003,116.870003,116.459999,114.10403400000001,116.589996,876100.0
2016-11-28,116.970001,117.16999799999999,116.870003,114.62273400000001,117.120003,3125200.0
2016-11-29,117.040001,117.32,116.949997,114.77932,117.279999,3926200.0
2016-11-30,116.559998,116.93,116.480003,114.348694,116.839996,11333400.0
2016-12-01,115.980003,116.160004,115.599998,113.707687,115.870003,11597800.0
2016-12-02,116.160004,116.690002,116.160004,114.227814,116.400002,7533500.0
2016-12-05,116.279999,116.870003,116.110001,114.47313700000001,116.650002,4107500.0
2016-12-06,116.699997,116.779999,116.610001,114.46331799999999,116.639999,9040100.0
2016-12-07,116.910004,117.269997,116.860001,114.94418300000001,117.129997,8069200.0
2016-12-08,116.82,116.849998,116.57,114.47313700000001,116.650002,5941700.0
2016-12-09,116.540001,116.699997,116.050003,114.03153200000001,116.199997,8875100.0
2016-12-12,116.059998,116.220001,115.870003,113.923584,116.089996,7302800.0
2016-12-13,116.57,116.57,116.139999,114.178734,116.349998,6232700.0
2016-12-14,116.870003,116.870003,115.58000200000001,113.452545,115.610001,6133700.0
2016-12-15,115.839996,116.050003,115.559998,113.53105900000001,115.690002,9352800.0
2016-12-16,115.870003,116.0,115.550003,113.442734,115.599998,7852000.0
2016-12-19,116.199997,116.220001,115.949997,113.992287,116.160004,5777400.0
2016-12-20,115.93,116.129997,115.82,113.923584,116.089996,3750000.0
2016-12-21,116.120003,116.480003,116.120003,114.28668200000001,116.459999,4199600.0
2016-12-22,115.989998,116.209999,115.889999,114.294243,116.150002,3773400.0
2016-12-23,116.239998,116.379997,116.220001,114.471382,116.33000200000001,1291700.0
2016-12-27,116.099998,116.16999799999999,116.0,114.26473200000001,116.120003,2542800.0
2016-12-28,116.33000200000001,116.68,116.129997,114.68786599999999,116.550003,1731700.0
2016-12-29,116.790001,117.139999,116.660004,115.130661,117.0,3309500.0
2016-12-30,117.0,117.360001,116.949997,115.30779299999999,117.18,2388400.0
2017-01-03,116.949997,117.400002,116.519997,115.40618899999998,117.279999,5822600.0
2017-01-04,117.529999,117.68,117.33000200000001,115.799797,117.68,4999200.0
2017-01-05,117.800003,118.339996,117.709999,116.41973899999999,118.309998,7071100.0
2017-01-06,117.870003,117.980003,117.620003,115.80963899999999,117.690002,4496000.0
2017-01-09,118.010002,118.07,117.870003,116.035973,117.91999799999999,3545900.0
2017-01-10,117.91999799999999,117.970001,117.769997,115.96709399999999,117.849998,4259600.0
2017-01-11,117.900002,118.389999,117.690002,116.144203,118.029999,7133600.0
2017-01-12,118.41999799999999,118.43,118.010002,116.13436899999999,118.019997,3922600.0
2017-01-13,117.82,117.970001,117.389999,115.89820900000001,117.779999,4045300.0
2017-01-17,118.43,118.540001,118.099998,116.40005500000001,118.290001,8443000.0
2017-01-18,117.949997,118.010002,117.41999799999999,115.63251499999998,117.510002,6026200.0
2017-01-19,117.300003,117.349998,116.91999799999999,115.238914,117.110001,3371300.0
2017-01-20,117.129997,117.360001,116.900002,115.445549,117.32,4570600.0
2017-01-23,117.540001,118.050003,117.32,115.97692099999999,117.860001,8747800.0
2017-01-24,117.66999799999999,117.760002,117.339996,115.63251499999998,117.510002,5129700.0
2017-01-25,117.16999799999999,117.25,116.860001,115.189705,117.059998,5886400.0
2017-01-26,117.059998,117.25,116.82,115.327469,117.199997,4052200.0
2017-01-27,117.349998,117.41999799999999,117.220001,115.465225,117.339996,3816700.0
2017-01-30,117.290001,117.339996,117.099998,115.268425,117.139999,3651000.0
2017-01-31,117.18,117.559998,117.08000200000001,115.475075,117.349998,4982500.0
2017-02-01,116.779999,117.050003,116.529999,115.33280900000001,116.889999,3626900.0
2017-02-02,117.139999,117.290001,116.879997,115.36241899999999,116.91999799999999,7145600.0
2017-02-03,117.260002,117.43,116.800003,115.490692,117.050003,5243200.0
2017-02-06,117.43,117.529999,117.16999799999999,115.85574299999999,117.41999799999999,4494500.0
2017-02-07,117.41999799999999,117.83000200000001,117.290001,116.053101,117.620003,3228900.0
2017-02-08,118.010002,118.139999,117.839996,116.457619,118.029999,6287200.0
2017-02-09,118.029999,118.029999,117.480003,115.993881,117.559998,4692700.0
2017-02-10,117.349998,117.620003,117.260002,115.964302,117.529999,4881600.0
2017-02-13,117.410004,117.480003,117.260002,115.91496299999999,117.480003,3723500.0
2017-02-14,117.519997,117.519997,116.809998,115.63868000000001,117.199997,4404100.0
2017-02-15,116.949997,117.110001,116.870003,115.549889,117.110001,3632700.0
2017-02-16,117.32,117.57,117.209999,115.87548799999999,117.440002,4037700.0
2017-02-17,117.860001,117.870003,117.629997,116.171494,117.739998,3104800.0
2017-02-21,117.57,117.91999799999999,117.5,116.22083300000001,117.790001,3656200.0
2017-02-22,118.050003,118.16999799999999,117.540001,116.309624,117.879997,4259100.0
2017-02-23,118.160004,118.209999,118.050003,116.60562900000001,118.18,4247900.0
2017-02-24,118.620003,118.870003,118.440002,117.197639,118.779999,5388800.0
2017-02-27,118.760002,118.760002,118.459999,116.921371,118.5,5083400.0
2017-02-28,118.620003,118.779999,118.5,117.000298,118.58000200000001,4290600.0
2017-03-01,117.610001,117.620003,117.389999,116.30873100000001,117.559998,6524600.0
2017-03-02,117.449997,117.480003,117.25,116.130646,117.379997,4687900.0
2017-03-03,117.519997,117.529999,117.129997,116.24938200000001,117.5,4926300.0
2017-03-06,117.480003,117.5,117.209999,116.041618,117.290001,3464400.0
2017-03-07,117.010002,117.129997,116.599998,115.467789,116.709999,5999600.0
2017-03-08,116.480003,116.480003,116.160004,115.11161799999999,116.349998,7933300.0
2017-03-09,115.989998,116.019997,115.660004,114.488327,115.720001,5497200.0
2017-03-10,116.07,116.07,115.760002,114.77523000000001,116.010002,4789100.0
2017-03-13,115.900002,116.0,115.620003,114.389389,115.620003,3171600.0
2017-03-14,115.709999,115.800003,115.629997,114.488327,115.720001,3598500.0
2017-03-15,116.040001,116.809998,115.910004,115.477676,116.720001,7841600.0
2017-03-16,116.730003,116.739998,116.5,115.309494,116.550003,3116900.0
2017-03-17,116.75,116.91999799999999,116.68,115.57661399999999,116.82,4440500.0
2017-03-20,116.860001,117.129997,116.82,115.84374199999999,117.089996,2939600.0
2017-03-21,117.099998,117.470001,117.029999,116.130646,117.379997,5032300.0
2017-03-22,117.709999,117.800003,117.470001,116.42746000000001,117.68,3905800.0
2017-03-23,117.760002,117.779999,117.449997,116.348312,117.599998,4504900.0
2017-03-24,117.519997,117.82,117.519997,116.467041,117.720001,3158300.0
2017-03-27,118.089996,118.089996,117.800003,116.714378,117.970001,3492100.0
2017-03-28,117.93,118.089996,117.690002,116.467041,117.720001,4834900.0
2017-03-29,117.91999799999999,118.099998,117.82,116.84298700000001,118.099998,3457100.0
2017-03-30,117.93,118.040001,117.739998,116.536293,117.790001,2667700.0
2017-03-31,117.870003,117.940002,117.790001,116.655022,117.910004,5772300.0
2017-04-03,117.639999,118.120003,117.610001,117.17881000000001,118.120003,3713700.0
2017-04-04,117.989998,118.029999,117.809998,116.871277,117.809998,3016200.0
2017-04-05,117.879997,118.07,117.699997,117.020081,117.959999,6753900.0
2017-04-06,118.08000200000001,118.120003,117.809998,117.129204,118.07,2012600.0
2017-04-07,118.339996,118.440002,117.75,116.84151499999999,117.779999,2121700.0
2017-04-10,117.989998,118.150002,117.910004,117.05976100000001,118.0,2766200.0
2017-04-11,118.260002,118.620003,118.260002,117.60538500000001,118.550003,3534200.0
2017-04-12,118.809998,118.940002,118.510002,117.99227900000001,118.940002,2886300.0
2017-04-13,119.059998,119.209999,118.889999,118.19068899999999,119.139999,3286700.0
2017-04-17,119.190002,119.209999,118.849998,117.96251699999999,118.910004,2933700.0
2017-04-18,119.279999,119.660004,119.150002,118.65693700000001,119.610001,3616800.0
2017-04-19,119.370003,119.43,119.160004,118.299805,119.25,1839400.0
2017-04-20,119.099998,119.190002,118.900002,118.131157,119.08000200000001,3264000.0
2017-04-21,119.279999,119.290001,119.07,118.131157,119.08000200000001,3892400.0
2017-04-24,118.93,119.029999,118.739998,117.972435,118.91999799999999,3193400.0
2017-04-25,118.75,118.809998,118.410004,117.50617199999999,118.449997,3541100.0
2017-04-26,118.470001,118.779999,118.440002,117.793861,118.739998,3320400.0
2017-04-27,118.739998,118.940002,118.610001,117.90298500000002,118.849998,4391000.0
2017-04-28,118.709999,119.010002,118.599998,118.041878,118.989998,4478000.0
2017-05-01,118.57,118.709999,118.18,117.67581899999999,118.300003,3479800.0
2017-05-02,118.360001,118.68,118.290001,118.023972,118.650002,2858200.0
2017-05-03,118.870003,118.900002,118.5,117.96428700000001,118.589996,2854900.0
2017-05-04,118.25,118.360001,118.16999799999999,117.735497,118.360001,1540100.0
2017-05-05,118.379997,118.400002,118.129997,117.775299,118.400002,2887300.0
2017-05-08,118.370003,118.370003,118.099998,117.566399,118.190002,3886500.0
2017-05-09,118.120003,118.209999,118.050003,117.58628799999998,118.209999,3012400.0
2017-05-10,118.529999,118.529999,118.230003,117.745453,118.370003,4282600.0
2017-05-11,118.199997,118.470001,118.150002,117.80513,118.43,2263500.0
2017-05-12,118.800003,119.059998,118.779999,118.40196999999999,119.029999,3165000.0
2017-05-15,118.959999,119.08000200000001,118.879997,118.39201399999999,119.019997,3752700.0
2017-05-16,119.089996,119.360001,119.050003,118.56111899999999,119.190002,3996400.0
2017-05-17,119.589996,119.980003,119.589996,119.28726999999999,119.91999799999999,7304300.0
2017-05-18,119.910004,119.949997,119.699997,119.26738,119.900002,4825400.0
2017-05-19,119.83000200000001,119.970001,119.699997,119.33701299999998,119.970001,2907800.0
2017-05-22,119.879997,119.93,119.800003,119.23753400000001,119.870003,2852900.0
2017-05-23,120.010002,120.010002,119.459999,118.869492,119.5,5154200.0
2017-05-24,119.57,119.760002,119.379997,119.05848700000001,119.690002,5274800.0
2017-05-25,119.769997,119.769997,119.550003,119.10821499999999,119.739998,2806200.0
2017-05-26,119.82,119.910004,119.720001,119.197746,119.83000200000001,2054800.0
2017-05-30,120.0,120.120003,119.959999,119.47627299999999,120.110001,3898300.0
2017-05-31,120.110001,120.260002,120.019997,119.615524,120.25,4428500.0
2017-06-01,119.690002,119.970001,119.66999799999999,119.641457,119.959999,9430000.0
2017-06-02,120.459999,120.58000200000001,120.300003,120.19996599999999,120.519997,5130100.0
2017-06-05,120.260002,120.370003,120.16999799999999,119.860878,120.18,3198500.0
2017-06-06,120.660004,120.660004,120.449997,120.209946,120.529999,1806700.0
2017-06-07,120.470001,120.599998,120.32,120.060341,120.379997,5702400.0
2017-06-08,120.389999,120.389999,120.0,119.850899,120.16999799999999,3895200.0
2017-06-09,119.949997,120.139999,119.849998,119.731224,120.050003,6884700.0
2017-06-12,119.959999,120.279999,119.91999799999999,119.761147,120.08000200000001,4075100.0
2017-06-13,119.959999,120.209999,119.959999,119.89079299999999,120.209999,4822000.0
2017-06-14,120.989998,121.309998,120.790001,120.70861799999999,121.029999,6852800.0
2017-06-15,120.870003,120.870003,120.589996,120.41938799999998,120.739998,6624700.0
2017-06-16,120.839996,120.910004,120.760002,120.51911899999999,120.839996,4314800.0
2017-06-19,120.849998,120.849998,120.629997,120.369522,120.690002,7827700.0
2017-06-20,120.860001,121.08000200000001,120.739998,120.638802,120.959999,6906500.0
2017-06-21,120.949997,121.08000200000001,120.83000200000001,120.69863899999999,121.019997,5462700.0
2017-06-22,121.190002,121.230003,120.980003,120.79838600000001,121.120003,3520800.0
2017-06-23,121.110001,121.190002,121.050003,120.858223,121.18,5495700.0
2017-06-26,121.449997,121.559998,121.370003,121.07763700000001,121.400002,3808600.0
2017-06-27,121.129997,121.150002,120.82,120.529099,120.849998,4736500.0
2017-06-28,120.910004,120.980003,120.629997,120.658752,120.980003,3933900.0
2017-06-29,120.370003,120.709999,120.339996,120.28973400000001,120.610001,6941700.0
2017-06-30,120.660004,120.690002,120.470001,120.190002,120.510002,4567700.0
2017-07-03,120.339996,120.339996,119.93,119.93,119.93,5759500.0
2017-07-05,120.029999,120.150002,119.900002,120.129997,120.129997,5406900.0
2017-07-06,119.779999,119.889999,119.5,119.82,119.82,11548000.0
2017-07-07,119.699997,119.769997,119.599998,119.720001,119.720001,9803900.0
2017-07-10,119.889999,119.949997,119.739998,119.91999799999999,119.91999799999999,2234500.0
2017-07-11,119.900002,119.989998,119.730003,119.970001,119.970001,4340900.0
2017-07-12,120.5,120.620003,120.379997,120.5,120.5,6779600.0
2017-07-13,120.379997,120.43,120.120003,120.290001,120.290001,3977400.0
2017-07-14,120.720001,120.800003,120.379997,120.57,120.57,5302000.0
