Date,Open,High,Low,Close,Adj Close,Volume
2010-01-04,0.64,0.65,0.63,0.64,0.64,161000
2010-01-05,0.64,0.65,0.63,0.64,0.64,96400
2010-01-06,0.63,0.65,0.6,0.64,0.64,387500
2010-01-07,0.62,0.64,0.62,0.63,0.63,143300
2010-01-08,0.61,0.64,0.61,0.63,0.63,103800
2010-01-11,0.64,0.64,0.62,0.62,0.62,227600
2010-01-12,0.63,0.63,0.62,0.62,0.62,123800
2010-01-13,0.63,0.67,0.62,0.67,0.67,476200
2010-01-14,0.67,0.74,0.66,0.72,0.72,381700
2010-01-15,0.71,0.72,0.68,0.71,0.71,252600
2010-01-19,0.71,0.72,0.7,0.72,0.72,158500
2010-01-20,0.71,0.75,0.7,0.75,0.75,296300
2010-01-21,0.72,0.75,0.71,0.71,0.71,186100
2010-01-22,0.71,0.73,0.71,0.72,0.72,124900
2010-01-25,0.73,0.74,0.71,0.72,0.72,126100
2010-01-26,0.73,0.74,0.72,0.74,0.74,79200
2010-01-27,0.74,0.75,0.73,0.74,0.74,56900
2010-01-28,0.73,0.78,0.72,0.78,0.78,220000
2010-01-29,0.75,0.85,0.75,0.85,0.85,776800
2010-02-01,0.88,1.08,0.86,1.03,1.03,2727600
2010-02-02,1.05,1.05,0.94,0.97,0.97,747700
2010-02-03,0.97,0.97,0.89,0.89,0.89,413200
2010-02-04,0.9,0.91,0.85,0.88,0.88,261900
2010-02-05,0.86,0.93,0.86,0.88,0.88,195000
2010-02-08,0.9,0.95,0.89,0.91,0.91,209500
2010-02-09,0.91,0.97,0.91,0.94,0.94,209400
2010-02-10,0.94,0.94,0.91,0.93,0.93,118100
2010-02-11,0.93,0.94,0.92,0.93,0.93,84900
2010-02-12,0.94,0.96,0.91,0.96,0.96,231900
2010-02-16,0.97,0.98,0.91,0.95,0.95,241500
2010-02-17,0.97,1.04,0.97,1.02,1.02,423900
2010-02-18,1.01,1.04,1.01,1.03,1.03,239800
2010-02-19,1.04,1.04,0.99,1.03,1.03,184600
2010-02-22,1.05,1.24,1.03,1.19,1.19,1122800
2010-02-23,1.19,1.19,1.1,1.14,1.14,849500
2010-02-24,1.13,1.14,1.05,1.06,1.06,407300
2010-02-25,1.05,1.05,0.96,1.02,1.02,269000
2010-02-26,1.09,1.09,1.02,1.07,1.07,229800
2010-03-01,1.06,1.09,1.03,1.09,1.09,147900
2010-03-02,1.08,1.1,1.04,1.09,1.09,257300
2010-03-03,1.08,1.1,1.05,1.07,1.07,160500
2010-03-04,1.07,1.14,1.06,1.12,1.12,287300
2010-03-05,1.12,1.14,1.11,1.14,1.14,192200
2010-03-08,1.13,1.14,1.11,1.14,1.14,171800
2010-03-09,1.13,1.13,1.09,1.11,1.11,113400
2010-03-10,1.09,1.11,1.01,1.05,1.05,334100
2010-03-11,1.03,1.09,1.03,1.04,1.04,194500
2010-03-12,1.05,1.07,1.02,1.05,1.05,123300
2010-03-15,1.04,1.05,0.99,1.0,1.0,170500
2010-03-16,0.99,1.06,0.98,1.02,1.02,153000
2010-03-17,1.06,1.06,1.0,1.02,1.02,101300
2010-03-18,1.03,1.03,1.0,1.0,1.0,129500
2010-03-19,1.04,1.04,0.99,1.04,1.04,171900
2010-03-22,1.01,1.02,0.98,0.98,0.98,106700
2010-03-23,0.99,1.0,0.9,0.97,0.97,243300
2010-03-24,0.96,1.0,0.96,0.99,0.99,220900
2010-03-25,0.99,1.02,0.98,1.0,1.0,234100
2010-03-26,1.01,1.01,0.98,0.98,0.98,138700
2010-03-29,0.95,1.01,0.95,1.0,1.0,86600
2010-03-30,1.0,1.01,0.99,0.99,0.99,83000
2010-03-31,1.15,1.15,0.91,0.94,0.94,290400
2010-04-01,0.92,0.97,0.87,0.96,0.96,387000
2010-04-05,0.96,1.01,0.94,0.98,0.98,244000
2010-04-06,0.97,1.02,0.96,1.02,1.02,220100
2010-04-07,0.99,1.1,0.99,1.08,1.08,374200
2010-04-08,1.09,1.15,1.05,1.15,1.15,298000
2010-04-09,1.13,1.3,1.13,1.27,1.27,639400
2010-04-12,1.3,1.45,1.18,1.3,1.3,879300
2010-04-13,1.32,1.35,1.26,1.3,1.3,349000
2010-04-14,1.29,1.5,1.29,1.47,1.47,628600
2010-04-15,1.45,1.49,1.35,1.46,1.46,371400
2010-04-16,1.42,1.47,1.31,1.47,1.47,386700
2010-04-19,1.44,1.44,1.33,1.35,1.35,442000
2010-04-20,1.36,1.39,1.3,1.33,1.33,312900
2010-04-21,1.33,1.34,1.26,1.28,1.28,256500
2010-04-22,1.3,1.33,1.28,1.32,1.32,72900
2010-04-23,1.32,1.35,1.31,1.34,1.34,183800
2010-04-26,1.35,1.49,1.33,1.48,1.48,426200
2010-04-27,1.41,1.47,1.35,1.42,1.42,298000
2010-04-28,1.44,1.44,1.33,1.37,1.37,148900
2010-04-29,1.38,1.65,1.37,1.59,1.59,945700
2010-04-30,1.55,1.58,1.45,1.47,1.47,291100
2010-05-03,1.48,1.58,1.42,1.58,1.58,457700
2010-05-04,1.55,1.58,1.52,1.52,1.52,231700
2010-05-05,1.4,1.58,1.4,1.56,1.56,230500
2010-05-06,1.6,1.6,1.34,1.35,1.35,316200
2010-05-07,1.31,1.4,1.15,1.21,1.21,550100
2010-05-10,1.27,1.33,1.21,1.29,1.29,339400
2010-05-11,1.26,1.47,1.26,1.45,1.45,391300
2010-05-12,1.46,1.51,1.42,1.5,1.5,282400
2010-05-13,1.5,1.55,1.49,1.55,1.55,316700
2010-05-14,1.54,1.54,1.4,1.49,1.49,228600
2010-05-17,1.47,1.49,1.36,1.39,1.39,242200
2010-05-18,1.4,1.42,1.31,1.33,1.33,246800
2010-05-19,1.31,1.33,1.22,1.29,1.29,256600
2010-05-20,1.44,1.44,1.2,1.28,1.28,212200
2010-05-21,1.26,1.33,1.2,1.3,1.3,205000
2010-05-24,1.22,1.35,1.22,1.27,1.27,171300
2010-05-25,1.21,1.25,1.19,1.21,1.21,215100
2010-05-26,1.23,1.34,1.23,1.34,1.34,220300
2010-05-27,1.36,1.44,1.32,1.43,1.43,418300
2010-05-28,1.43,1.5,1.4,1.47,1.47,302700
2010-06-01,1.43,1.48,1.4,1.48,1.48,197300
2010-06-02,1.42,1.47,1.34,1.47,1.47,296600
2010-06-03,1.47,1.5,1.45,1.48,1.48,157200
2010-06-04,1.45,1.48,1.4,1.43,1.43,237100
2010-06-07,1.41,1.43,1.33,1.38,1.38,191600
2010-06-08,1.35,1.38,1.27,1.31,1.31,139600
2010-06-09,1.27,1.34,1.19,1.22,1.22,282400
2010-06-10,1.25,1.34,1.23,1.34,1.34,195100
2010-06-11,1.27,1.36,1.27,1.35,1.35,104200
2010-06-14,1.39,1.49,1.37,1.45,1.45,321600
2010-06-15,1.46,1.53,1.42,1.53,1.53,424300
2010-06-16,1.53,1.6,1.52,1.58,1.58,723600
2010-06-17,1.6,1.6,1.46,1.58,1.58,215100
2010-06-18,1.59,1.61,1.56,1.61,1.61,297400
2010-06-21,1.64,1.64,1.4,1.5,1.5,255900
2010-06-22,1.46,1.52,1.42,1.42,1.42,273800
2010-06-23,1.42,1.47,1.4,1.45,1.45,406600
2010-06-24,1.45,1.63,1.42,1.63,1.63,1048100
2010-06-25,1.63,1.74,1.46,1.63,1.63,9106400
2010-06-28,1.55,1.6,1.44,1.45,1.45,492400
2010-06-29,1.42,1.44,1.26,1.28,1.28,743200
2010-06-30,1.29,1.34,1.25,1.25,1.25,421200
2010-07-01,1.25,1.29,1.17,1.2,1.2,390100
2010-07-02,1.21,1.24,1.16,1.2,1.2,204300
2010-07-06,1.19,1.27,1.19,1.21,1.21,275400
2010-07-07,1.21,1.29,1.2,1.28,1.28,398400
2010-07-08,1.29,1.36,1.23,1.24,1.24,279000
2010-07-09,1.24,1.25,1.18,1.23,1.23,238500
2010-07-12,1.22,1.25,1.17,1.18,1.18,169700
2010-07-13,1.2,1.32,1.18,1.32,1.32,385700
2010-07-14,1.34,1.34,1.25,1.25,1.25,259200
2010-07-15,1.25,1.26,1.16,1.2,1.2,293500
2010-07-16,1.18,1.19,1.11,1.13,1.13,379000
2010-07-19,1.13,1.19,1.06,1.17,1.17,224000
2010-07-20,1.19,1.25,1.18,1.25,1.25,331000
2010-07-21,1.26,1.29,1.21,1.22,1.22,280100
2010-07-22,1.2,1.27,1.2,1.26,1.26,181600
2010-07-23,1.26,1.32,1.22,1.31,1.31,418400
2010-07-26,1.32,1.35,1.28,1.34,1.34,243300
2010-07-27,1.35,1.35,1.3,1.34,1.34,130600
2010-07-28,1.32,1.35,1.27,1.31,1.31,246600
2010-07-29,1.31,1.32,1.24,1.24,1.24,187500
2010-07-30,1.22,1.27,1.2,1.27,1.27,264700
2010-08-02,1.29,1.32,1.28,1.32,1.32,221900
2010-08-03,1.33,1.33,1.24,1.24,1.24,119200
2010-08-04,1.25,1.29,1.25,1.27,1.27,78100
2010-08-05,1.25,1.27,1.21,1.22,1.22,51100
2010-08-06,1.25,1.25,1.19,1.24,1.24,104100
2010-08-09,1.2,1.24,1.2,1.21,1.21,105700
2010-08-10,1.21,1.24,1.17,1.18,1.18,142700
2010-08-11,1.18,1.19,1.08,1.1,1.1,362100
2010-08-12,1.09,1.15,1.09,1.1,1.1,256900
2010-08-13,1.09,1.12,1.07,1.08,1.08,240200
2010-08-16,1.06,1.11,1.02,1.09,1.09,358500
2010-08-17,1.1,1.13,1.07,1.13,1.13,184700
2010-08-18,1.12,1.12,1.07,1.11,1.11,106400
2010-08-19,1.09,1.11,1.0,1.03,1.03,274500
2010-08-20,1.03,1.03,1.0,1.01,1.01,331500
2010-08-23,0.99,1.0,0.9,0.91,0.91,522800
2010-08-24,0.9,0.91,0.81,0.86,0.86,466500
2010-08-25,0.86,1.02,0.83,1.0,1.0,325100
2010-08-26,0.99,1.0,0.94,0.95,0.95,158800
2010-08-27,0.95,0.98,0.94,0.96,0.96,176700
2010-08-30,0.95,0.95,0.86,0.86,0.86,236200
2010-08-31,0.86,0.88,0.8,0.8,0.8,373700
2010-09-01,0.84,0.98,0.84,0.97,0.97,244800
2010-09-02,0.98,0.98,0.92,0.95,0.95,96600
2010-09-03,0.9,0.96,0.9,0.95,0.95,97300
2010-09-07,0.94,0.95,0.86,0.86,0.86,156000
2010-09-08,0.86,0.95,0.86,0.92,0.92,142300
2010-09-09,0.92,0.96,0.92,0.93,0.93,130800
2010-09-10,0.93,0.96,0.89,0.91,0.91,127100
2010-09-13,0.94,1.08,0.92,1.08,1.08,302900
2010-09-14,1.09,1.09,0.98,0.99,0.99,178400
2010-09-15,1.01,1.07,0.97,1.06,1.06,139500
2010-09-16,1.06,1.06,1.01,1.02,1.02,76800
2010-09-17,1.04,1.06,0.99,0.99,0.99,336800
2010-09-20,0.98,1.1,0.98,1.09,1.09,237200
2010-09-21,1.08,1.09,1.01,1.01,1.01,137300
2010-09-22,1.01,1.04,1.0,1.01,1.01,102200
2010-09-23,1.0,1.06,1.0,1.04,1.04,105700
2010-09-24,1.06,1.13,1.05,1.11,1.11,246600
2010-09-27,1.11,1.13,1.06,1.08,1.08,45600
2010-09-28,1.09,1.1,1.04,1.09,1.09,95600
2010-09-29,1.08,1.11,1.05,1.1,1.1,64700
2010-09-30,1.12,1.15,1.02,1.02,1.02,203200
2010-10-01,1.04,1.07,1.0,1.07,1.07,79200
2010-10-04,1.08,1.13,1.07,1.1,1.1,386500
2010-10-05,1.12,1.16,1.09,1.15,1.15,680400
2010-10-06,1.14,1.16,1.09,1.09,1.09,228900
2010-10-07,1.1,1.14,1.09,1.14,1.14,251400
2010-10-08,1.14,1.14,1.1,1.12,1.12,165400
2010-10-11,1.11,1.13,1.11,1.13,1.13,35000
2010-10-12,1.12,1.15,1.08,1.13,1.13,212300
2010-10-13,1.13,1.22,1.12,1.2,1.2,372200
2010-10-14,1.24,1.3,1.16,1.29,1.29,696200
2010-10-15,1.27,1.29,1.19,1.26,1.26,607500
2010-10-18,1.26,1.29,1.23,1.27,1.27,264800
2010-10-19,1.27,1.29,1.18,1.21,1.21,341400
2010-10-20,1.23,1.23,1.18,1.22,1.22,231300
2010-10-21,1.22,1.22,1.18,1.2,1.2,121600
2010-10-22,1.2,1.21,1.14,1.16,1.16,182700
2010-10-25,1.18,1.19,1.16,1.18,1.18,63800
2010-10-26,1.16,1.16,1.13,1.14,1.14,90800
2010-10-27,1.12,1.2,1.12,1.19,1.19,184900
2010-10-28,1.2,1.2,1.12,1.12,1.12,141400
2010-10-29,1.11,1.2,1.11,1.16,1.16,197000
2010-11-01,1.16,1.18,1.08,1.08,1.08,330900
2010-11-02,1.11,1.19,1.09,1.19,1.19,247600
2010-11-03,1.16,1.18,1.13,1.15,1.15,137300
2010-11-04,1.18,1.27,1.16,1.27,1.27,317600
2010-11-05,1.29,1.37,1.22,1.35,1.35,313900
2010-11-08,1.35,1.35,1.28,1.29,1.29,141500
2010-11-09,1.29,1.3,1.21,1.23,1.23,123600
2010-11-10,1.26,1.32,1.22,1.31,1.31,172800
2010-11-11,1.28,1.3,1.23,1.26,1.26,72800
2010-11-12,1.24,1.27,1.23,1.23,1.23,118800
2010-11-15,1.22,1.25,1.15,1.18,1.18,162900
2010-11-16,1.16,1.2,1.12,1.13,1.13,201100
2010-11-17,1.14,1.2,1.13,1.2,1.2,161400
2010-11-18,1.19,1.32,1.18,1.27,1.27,351400
2010-11-19,1.28,1.3,1.22,1.3,1.3,318000
2010-11-22,1.3,1.3,1.29,1.3,1.3,197200
2010-11-23,1.27,1.29,1.25,1.27,1.27,158900
2010-11-24,1.28,1.3,1.25,1.3,1.3,261000
2010-11-26,1.3,1.3,1.28,1.28,1.28,59900
2010-11-29,1.26,1.3,1.21,1.26,1.26,358900
2010-11-30,1.23,1.25,1.22,1.22,1.22,177400
2010-12-01,1.25,1.26,1.22,1.23,1.23,220600
2010-12-02,1.22,1.26,1.21,1.24,1.24,255600
2010-12-03,1.22,1.24,1.2,1.22,1.22,110300
2010-12-06,1.21,1.26,1.21,1.25,1.25,114600
2010-12-07,1.24,1.28,1.24,1.28,1.28,232300
2010-12-08,1.31,1.31,1.24,1.28,1.28,129500
2010-12-09,1.28,1.28,1.26,1.28,1.28,357400
2010-12-10,1.28,1.35,1.26,1.35,1.35,263900
2010-12-13,1.35,1.35,1.31,1.33,1.33,157400
2010-12-14,1.34,1.37,1.32,1.34,1.34,199400
2010-12-15,1.33,1.35,1.28,1.3,1.3,162200
2010-12-16,1.29,1.31,1.26,1.31,1.31,190600
2010-12-17,1.31,1.32,1.27,1.32,1.32,497500
2010-12-20,1.33,1.33,1.27,1.29,1.29,213600
2010-12-21,1.3,1.32,1.22,1.23,1.23,349700
2010-12-22,1.23,1.25,1.18,1.19,1.19,298500
2010-12-23,1.19,1.2,1.14,1.14,1.14,230700
2010-12-27,1.14,1.25,1.14,1.25,1.25,121300
2010-12-28,1.25,1.26,1.21,1.22,1.22,93900
2010-12-29,1.23,1.24,1.18,1.19,1.19,123500
2010-12-30,1.18,1.2,1.17,1.17,1.17,84200
2010-12-31,1.17,1.2,1.15,1.17,1.17,192000
2011-01-03,1.17,1.23,1.15,1.23,1.23,259400
2011-01-04,1.22,1.24,1.18,1.18,1.18,172400
2011-01-05,1.18,1.23,1.18,1.22,1.22,118500
2011-01-06,1.27,1.27,1.19,1.21,1.21,105100
2011-01-07,1.22,1.22,1.18,1.19,1.19,221000
2011-01-10,1.19,1.28,1.17,1.27,1.27,320800
2011-01-11,1.3,1.3,1.23,1.3,1.3,311200
2011-01-12,1.3,1.3,1.26,1.3,1.3,238900
2011-01-13,1.29,1.3,1.26,1.3,1.3,101600
2011-01-14,1.29,1.29,1.25,1.29,1.29,252600
2011-01-18,1.29,1.29,1.25,1.29,1.29,192300
2011-01-19,1.28,1.28,1.21,1.22,1.22,142300
2011-01-20,1.23,1.24,1.15,1.16,1.16,513100
2011-01-21,1.18,1.21,1.16,1.16,1.16,274400
2011-01-24,1.19,1.2,1.16,1.17,1.17,123300
2011-01-25,1.16,1.17,1.14,1.14,1.14,111700
2011-01-26,1.15,1.18,1.14,1.18,1.18,106700
2011-01-27,1.17,1.19,1.14,1.15,1.15,216200
2011-01-28,1.14,1.15,1.06,1.06,1.06,345400
2011-01-31,1.08,1.15,1.06,1.11,1.11,220200
2011-02-01,1.12,1.13,1.09,1.12,1.12,136400
2011-02-02,1.11,1.14,1.09,1.12,1.12,139500
2011-02-03,1.12,1.16,1.09,1.15,1.15,135100
2011-02-04,1.14,1.15,1.11,1.12,1.12,122600
2011-02-07,1.1,1.13,1.02,1.09,1.09,271800
2011-02-08,1.08,1.12,1.08,1.1,1.1,115100
2011-02-09,1.09,1.11,1.07,1.08,1.08,150600
2011-02-10,1.08,1.1,1.02,1.06,1.06,263900
2011-02-11,1.05,1.06,0.96,1.0,1.0,735800
2011-02-14,0.99,1.03,0.98,1.01,1.01,256300
2011-02-15,1.01,1.04,0.99,1.03,1.03,371300
2011-02-16,1.03,1.07,1.01,1.06,1.06,223600
2011-02-17,1.06,1.08,1.02,1.08,1.08,479000
2011-02-18,1.09,1.09,1.0,1.03,1.03,300500
2011-02-22,1.03,1.05,1.0,1.0,1.0,194100
2011-02-23,0.99,1.01,0.96,0.98,0.98,126600
2011-02-24,0.98,1.05,0.97,1.02,1.02,619000
2011-02-25,1.02,1.02,0.99,1.0,1.0,256600
2011-02-28,1.01,1.07,1.01,1.05,1.05,189800
2011-03-01,1.06,1.06,1.0,1.01,1.01,192400
2011-03-02,1.01,1.03,1.01,1.02,1.02,48800
2011-03-03,1.01,1.07,1.01,1.04,1.04,242800
2011-03-04,1.04,1.05,1.01,1.02,1.02,192700
2011-03-07,1.03,1.05,0.98,0.98,0.98,331400
2011-03-08,0.98,1.02,0.98,1.01,1.01,102200
2011-03-09,1.02,1.02,0.98,0.99,0.99,122300
2011-03-10,0.98,0.98,0.96,0.97,0.97,195400
2011-03-11,0.97,1.07,0.97,1.03,1.03,452200
2011-03-14,1.01,1.02,0.99,1.0,1.0,111900
2011-03-15,0.99,1.1,0.98,1.08,1.08,447700
2011-03-16,1.08,1.09,1.04,1.04,1.04,185100
2011-03-17,1.07,1.09,1.04,1.06,1.06,256500
2011-03-18,1.03,1.06,1.01,1.03,1.03,390800
2011-03-21,1.05,1.08,1.02,1.08,1.08,154500
2011-03-22,1.08,1.08,1.06,1.06,1.06,81300
2011-03-23,1.05,1.12,1.05,1.11,1.11,184500
2011-03-24,1.12,1.15,1.1,1.13,1.13,160700
2011-03-25,1.13,1.14,1.11,1.14,1.14,122200
2011-03-28,1.14,1.16,1.13,1.15,1.15,144100
2011-03-29,1.15,1.15,1.12,1.15,1.15,97700
2011-03-30,1.15,1.16,1.12,1.15,1.15,156300
2011-03-31,1.14,1.15,1.13,1.15,1.15,164000
2011-04-01,1.15,1.17,1.14,1.17,1.17,148600
2011-04-04,1.18,1.18,1.16,1.18,1.18,245200
2011-04-05,1.19,1.24,1.17,1.23,1.23,556300
2011-04-06,1.26,1.26,1.19,1.24,1.24,271400
2011-04-07,1.24,1.24,1.2,1.2,1.2,78400
2011-04-08,1.22,1.26,1.2,1.23,1.23,173500
2011-04-11,1.22,1.24,1.2,1.22,1.22,108400
2011-04-12,1.19,1.21,1.18,1.2,1.2,150900
2011-04-13,1.2,1.22,1.18,1.18,1.18,90100
2011-04-14,1.16,1.22,1.16,1.22,1.22,229300
2011-04-15,1.19,1.22,1.18,1.22,1.22,343500
2011-04-18,1.19,1.22,1.16,1.17,1.17,174900
2011-04-19,1.19,1.2,1.17,1.18,1.18,49900
2011-04-20,1.2,1.22,1.18,1.22,1.22,115300
2011-04-21,1.23,1.25,1.2,1.25,1.25,292300
2011-04-25,1.25,1.25,1.21,1.22,1.22,172700
2011-04-26,1.23,1.23,1.21,1.23,1.23,222800
2011-04-27,1.22,1.24,1.21,1.24,1.24,67000
2011-04-28,1.24,1.25,1.21,1.22,1.22,130900
2011-04-29,1.23,1.23,1.16,1.17,1.17,185000
2011-05-02,1.17,1.19,1.13,1.14,1.14,152000
2011-05-03,1.15,1.15,1.11,1.11,1.11,124600
2011-05-04,1.11,1.13,1.1,1.1,1.1,223000
2011-05-05,1.12,1.2,1.08,1.13,1.13,200300
2011-05-06,1.16,1.22,1.13,1.18,1.18,289900
2011-05-09,1.18,1.23,1.17,1.23,1.23,206400
2011-05-10,1.23,1.26,1.22,1.25,1.25,372300
2011-05-11,1.25,1.25,1.2,1.2,1.2,107300
2011-05-12,1.19,1.22,1.15,1.21,1.21,223200
2011-05-13,1.21,1.22,1.19,1.2,1.2,89800
2011-05-16,1.18,1.19,1.14,1.16,1.16,437100
2011-05-17,1.16,1.22,1.13,1.2,1.2,970900
2011-05-18,1.2,1.25,1.19,1.24,1.24,177500
2011-05-19,1.25,1.25,1.23,1.23,1.23,285800
2011-05-20,1.21,1.23,1.19,1.19,1.19,234000
2011-05-23,1.16,1.21,1.16,1.19,1.19,117200
2011-05-24,1.16,1.21,1.16,1.19,1.19,207000
2011-05-25,1.18,1.21,1.16,1.18,1.18,164300
2011-05-26,1.18,1.26,1.17,1.26,1.26,373700
2011-05-27,1.26,1.3,1.23,1.29,1.29,231500
2011-05-31,1.35,1.39,1.31,1.38,1.38,751900
2011-06-01,1.36,1.38,1.25,1.28,1.28,536000
2011-06-02,1.28,1.31,1.24,1.24,1.24,197700
2011-06-03,1.2,1.27,1.16,1.23,1.23,266000
2011-06-06,1.19,1.27,1.19,1.22,1.22,366700
2011-06-07,1.24,1.31,1.23,1.27,1.27,255500
2011-06-08,1.25,1.28,1.21,1.25,1.25,283600
2011-06-09,1.27,1.32,1.26,1.27,1.27,222300
2011-06-10,1.27,1.29,1.26,1.26,1.26,292800
2011-06-13,1.27,1.3,1.2,1.28,1.28,299500
2011-06-14,1.31,1.32,1.27,1.28,1.28,197900
2011-06-15,1.25,1.25,1.23,1.24,1.24,305700
2011-06-16,1.24,1.26,1.22,1.25,1.25,473800
2011-06-17,1.25,1.27,1.23,1.26,1.26,513400
2011-06-20,1.25,1.27,1.23,1.24,1.24,247800
2011-06-21,1.26,1.33,1.24,1.31,1.31,296500
2011-06-22,1.33,1.33,1.27,1.31,1.31,151800
2011-06-23,1.27,1.33,1.27,1.32,1.32,181900
2011-06-24,1.33,1.4,1.29,1.4,1.4,2485100
2011-06-27,1.4,1.46,1.35,1.46,1.46,570500
2011-06-28,1.46,1.47,1.42,1.45,1.45,361000
2011-06-29,1.45,1.46,1.38,1.39,1.39,119100
2011-06-30,1.4,1.4,1.37,1.38,1.38,178400
2011-07-01,1.39,1.4,1.38,1.39,1.39,191000
2011-07-05,1.38,1.4,1.33,1.39,1.39,119700
2011-07-06,1.43,1.43,1.39,1.42,1.42,227500
2011-07-07,1.43,1.46,1.41,1.46,1.46,213300
2011-07-08,1.43,1.58,1.43,1.57,1.57,575500
2011-07-11,1.58,1.7,1.56,1.63,1.63,944500
2011-07-12,1.59,1.7,1.59,1.64,1.64,375400
2011-07-13,1.66,1.69,1.64,1.65,1.65,341700
2011-07-14,1.65,1.73,1.51,1.52,1.52,630000
2011-07-15,1.52,1.57,1.24,1.39,1.39,870700
2011-07-18,1.37,1.38,1.3,1.35,1.35,136700
2011-07-19,1.38,1.45,1.3,1.44,1.44,251700
2011-07-20,1.43,1.45,1.38,1.4,1.4,118800
2011-07-21,1.42,1.47,1.38,1.44,1.44,155400
2011-07-22,1.43,1.45,1.4,1.42,1.42,84100
2011-07-25,1.4,1.41,1.32,1.33,1.33,283700
2011-07-26,1.35,1.43,1.33,1.38,1.38,126900
2011-07-27,1.63,1.63,1.31,1.31,1.31,341300
2011-07-28,1.31,1.39,1.31,1.37,1.37,88900
2011-07-29,1.31,1.43,1.28,1.37,1.37,469900
2011-08-01,1.48,1.48,1.35,1.38,1.38,173900
2011-08-02,1.37,1.44,1.3,1.31,1.31,175400
2011-08-03,1.36,1.38,1.32,1.36,1.36,220800
2011-08-04,1.34,1.37,1.26,1.26,1.26,334400
2011-08-05,1.26,1.3,1.18,1.2,1.2,325900
2011-08-08,1.12,1.22,1.08,1.13,1.13,519300
2011-08-09,1.13,1.3,1.05,1.29,1.29,451700
2011-08-10,1.22,1.25,1.12,1.13,1.13,449900
2011-08-11,1.14,1.32,1.14,1.27,1.27,628300
2011-08-12,1.28,1.33,1.23,1.26,1.26,638500
2011-08-15,1.28,1.32,1.23,1.28,1.28,792200
2011-08-16,1.25,1.3,1.2,1.21,1.21,695300
2011-08-17,1.23,1.33,1.22,1.25,1.25,435200
2011-08-18,1.25,1.4,1.24,1.33,1.33,832900
2011-08-19,1.29,1.5,1.29,1.4,1.4,502400
2011-08-22,1.52,1.52,1.36,1.4,1.4,415300
2011-08-23,1.4,1.47,1.36,1.47,1.47,331600
2011-08-24,1.44,1.56,1.42,1.56,1.56,315500
2011-08-25,1.55,1.64,1.47,1.51,1.51,541900
2011-08-26,1.49,1.62,1.49,1.6,1.6,274900
2011-08-29,1.63,1.65,1.57,1.59,1.59,660600
2011-08-30,1.57,1.63,1.56,1.61,1.61,262400
2011-08-31,1.62,1.62,1.5,1.55,1.55,573800
2011-09-01,1.54,1.54,1.48,1.5,1.5,620800
2011-09-02,1.5,1.6,1.49,1.53,1.53,441400
2011-09-06,1.51,1.56,1.5,1.54,1.54,295900
2011-09-07,1.52,1.72,1.52,1.72,1.72,639200
2011-09-08,1.69,1.74,1.59,1.66,1.66,278300
2011-09-09,1.63,1.7,1.56,1.58,1.58,384700
2011-09-12,1.54,1.64,1.54,1.62,1.62,244100
2011-09-13,1.64,1.7,1.6,1.7,1.7,257600
2011-09-14,1.73,1.92,1.7,1.87,1.87,662800
2011-09-15,1.9,1.9,1.75,1.77,1.77,310400
2011-09-16,1.79,1.84,1.75,1.83,1.83,658600
2011-09-19,1.8,1.8,1.73,1.73,1.73,278400
2011-09-20,1.74,1.77,1.69,1.69,1.69,176500
2011-09-21,1.7,1.73,1.52,1.52,1.52,325500
2011-09-22,1.47,1.57,1.47,1.51,1.51,510800
2011-09-23,1.51,1.56,1.5,1.54,1.54,323700
2011-09-26,1.56,1.6,1.45,1.57,1.57,404000
2011-09-27,1.6,1.6,1.54,1.57,1.57,373700
2011-09-28,1.56,1.59,1.41,1.45,1.45,280800
2011-09-29,1.51,1.52,1.46,1.52,1.52,180600
2011-09-30,1.48,1.55,1.42,1.55,1.55,433500
2011-10-03,1.59,1.59,1.39,1.41,1.41,467500
2011-10-04,1.38,1.56,1.35,1.56,1.56,675200
2011-10-05,1.52,1.6,1.43,1.49,1.49,340800
2011-10-06,1.48,1.55,1.48,1.53,1.53,589000
2011-10-07,1.52,1.63,1.46,1.5,1.5,840800
2011-10-10,1.5,1.63,1.48,1.58,1.58,351500
2011-10-11,1.57,1.6,1.54,1.6,1.6,177400
2011-10-12,1.6,1.73,1.6,1.69,1.69,356000
2011-10-13,1.74,1.77,1.65,1.76,1.76,277500
2011-10-14,1.79,1.87,1.75,1.82,1.82,676300
2011-10-17,1.8,1.8,1.7,1.7,1.7,324800
2011-10-18,1.82,1.82,1.68,1.76,1.76,441300
2011-10-19,1.76,1.83,1.75,1.76,1.76,374500
2011-10-20,1.76,1.78,1.7,1.72,1.72,124200
2011-10-21,1.77,1.79,1.7,1.72,1.72,386800
2011-10-24,1.72,1.76,1.66,1.69,1.69,303000
2011-10-25,1.67,1.71,1.57,1.6,1.6,294700
2011-10-26,1.64,1.71,1.62,1.7,1.7,206800
2011-10-27,1.75,1.83,1.7,1.81,1.81,830900
2011-10-28,1.8,1.85,1.77,1.84,1.84,351900
2011-10-31,1.82,1.82,1.7,1.7,1.7,313300
2011-11-01,1.64,1.76,1.63,1.65,1.65,288800
2011-11-02,1.7,1.79,1.67,1.77,1.77,262700
2011-11-03,1.8,1.8,1.71,1.74,1.74,260900
2011-11-04,1.71,1.71,1.67,1.68,1.68,98400
2011-11-07,1.68,1.71,1.63,1.65,1.65,144900
2011-11-08,1.68,1.75,1.67,1.72,1.72,148400
2011-11-09,1.74,1.74,1.65,1.66,1.66,337200
2011-11-10,1.7,1.8,1.68,1.79,1.79,476700
2011-11-11,1.8,1.97,1.79,1.95,1.95,875600
2011-11-14,1.99,2.06,1.93,1.96,1.96,817400
2011-11-15,1.94,1.97,1.89,1.95,1.95,507800
2011-11-16,1.92,2.28,1.91,2.14,2.14,1201200
2011-11-17,2.13,2.27,2.1,2.23,2.23,609900
2011-11-18,2.22,2.33,2.2,2.3,2.3,611000
2011-11-21,2.29,2.32,2.17,2.26,2.26,478700
2011-11-22,2.21,2.27,2.21,2.27,2.27,350900
2011-11-23,2.25,2.27,2.11,2.16,2.16,627500
2011-11-25,2.13,2.23,2.1,2.12,2.12,173500
2011-11-28,2.21,2.27,2.16,2.26,2.26,625300
2011-11-29,2.24,2.36,2.24,2.25,2.25,626500
2011-11-30,2.33,2.38,2.23,2.35,2.35,3422400
2011-12-01,2.35,2.38,2.25,2.25,2.25,433300
2011-12-02,2.3,2.33,2.26,2.29,2.29,232200
2011-12-05,2.3,2.4,2.28,2.35,2.35,452600
2011-12-06,2.35,2.54,2.3,2.52,2.52,562200
2011-12-07,2.44,2.5,2.41,2.44,2.44,498000
2011-12-08,2.43,2.45,2.35,2.35,2.35,500800
2011-12-09,2.36,2.54,2.34,2.52,2.52,400100
2011-12-12,2.58,2.58,2.2,2.51,2.51,282200
2011-12-13,2.54,2.58,2.47,2.47,2.47,217600
2011-12-14,2.45,2.51,2.4,2.51,2.51,376800
2011-12-15,2.51,2.54,2.37,2.4,2.4,412200
2011-12-16,2.43,2.52,2.42,2.51,2.51,718200
2011-12-19,2.51,2.55,2.45,2.45,2.45,209700
2011-12-20,2.5,2.64,2.47,2.64,2.64,453000
2011-12-21,2.75,2.94,2.62,2.7,2.7,281900
2011-12-22,2.73,2.73,2.63,2.67,2.67,354200
2011-12-23,2.69,2.71,2.56,2.64,2.64,317200
2011-12-27,2.63,2.68,2.58,2.62,2.62,172000
2011-12-28,2.62,2.64,2.55,2.55,2.55,279300
2011-12-29,2.52,2.57,2.46,2.55,2.55,280600
2011-12-30,2.53,2.54,2.45,2.48,2.48,272400
2012-01-03,2.45,2.55,2.4,2.46,2.46,434500
2012-01-04,2.44,2.49,2.43,2.44,2.44,207000
2012-01-05,2.42,2.55,2.42,2.54,2.54,152700
2012-01-06,2.54,2.6,2.52,2.58,2.58,291000
2012-01-09,2.61,2.62,2.57,2.59,2.59,195400
2012-01-10,2.63,2.65,2.55,2.6,2.6,394800
2012-01-11,2.57,2.6,2.45,2.53,2.53,237000
2012-01-12,2.53,2.59,2.4,2.52,2.52,130400
2012-01-13,2.47,2.52,2.46,2.49,2.49,158100
2012-01-17,2.5,2.5,2.35,2.37,2.37,310200
2012-01-18,2.37,2.41,2.3,2.37,2.37,249400
2012-01-19,2.39,2.41,2.3,2.36,2.36,183400
2012-01-20,2.35,2.44,2.3,2.44,2.44,141400
2012-01-23,2.43,2.45,2.4,2.42,2.42,104900
2012-01-24,2.41,2.49,2.38,2.47,2.47,151700
2012-01-25,2.45,2.5,2.44,2.49,2.49,178100
2012-01-26,2.49,2.5,2.43,2.49,2.49,176300
2012-01-27,2.47,2.5,2.44,2.5,2.5,161000
2012-01-30,2.48,2.48,2.4,2.41,2.41,196100
2012-01-31,2.4,2.41,2.2,2.24,2.24,317000
2012-02-01,2.25,2.32,2.13,2.28,2.28,548700
2012-02-02,2.29,2.33,2.22,2.25,2.25,253400
2012-02-03,2.33,2.33,2.06,2.25,2.25,417700
2012-02-06,2.24,2.24,2.08,2.18,2.18,250000
2012-02-07,2.16,2.21,2.13,2.17,2.17,145500
2012-02-08,2.17,2.19,2.14,2.15,2.15,192600
2012-02-09,2.17,2.17,1.96,2.0,2.0,636100
2012-02-10,2.15,2.15,1.99,2.06,2.06,226000
2012-02-13,2.1,2.1,2.03,2.05,2.05,270800
2012-02-14,2.05,2.08,2.01,2.03,2.03,334400
2012-02-15,2.03,2.05,1.97,1.99,1.99,281900
2012-02-16,1.98,2.05,1.92,1.95,1.95,409000
2012-02-17,1.96,1.96,1.86,1.89,1.89,722800
2012-02-21,1.87,1.99,1.87,1.89,1.89,185000
2012-02-22,1.9,1.95,1.89,1.91,1.91,157000
2012-02-23,1.92,2.05,1.9,2.05,2.05,234600
2012-02-24,2.05,2.12,2.02,2.02,2.02,154300
2012-02-27,2.01,2.04,1.98,2.02,2.02,161600
2012-02-28,2.03,2.09,2.02,2.08,2.08,251200
2012-02-29,2.14,2.14,1.99,2.03,2.03,263900
2012-03-01,2.05,2.08,2.0,2.0,2.0,238700
2012-03-02,2.01,2.04,1.9,1.91,1.91,444300
2012-03-05,1.9,1.97,1.9,1.96,1.96,145000
2012-03-06,1.93,1.96,1.86,1.88,1.88,326100
2012-03-07,2.14,2.14,1.89,1.94,1.94,112400
2012-03-08,1.94,1.99,1.9,1.99,1.99,118100
2012-03-09,1.99,2.12,1.96,2.09,2.09,253500
2012-03-12,2.04,2.04,2.0,2.01,2.01,199300
2012-03-13,2.05,2.07,2.0,2.06,2.06,271400
2012-03-14,2.05,2.07,2.0,2.01,2.01,90800
2012-03-15,2.05,2.07,1.92,1.97,1.97,503700
2012-03-16,2.0,2.01,1.94,2.01,2.01,507300
2012-03-19,1.99,2.01,1.91,1.96,1.96,432400
2012-03-20,1.95,1.95,1.91,1.92,1.92,270100
2012-03-21,1.94,1.95,1.9,1.94,1.94,175300
2012-03-22,1.92,1.93,1.83,1.85,1.85,320600
2012-03-23,1.88,1.9,1.82,1.9,1.9,500700
2012-03-26,1.95,1.95,1.86,1.9,1.9,421700
2012-03-27,1.91,1.91,1.87,1.87,1.87,163200
2012-03-28,1.88,1.89,1.86,1.86,1.86,170400
2012-03-29,1.84,1.86,1.79,1.79,1.79,346800
2012-03-30,1.82,1.84,1.78,1.78,1.78,198800
2012-04-02,1.77,1.8,1.75,1.77,1.77,288200
2012-04-03,1.77,1.83,1.75,1.75,1.75,151100
2012-04-04,1.74,1.8,1.71,1.74,1.74,407800
2012-04-05,1.74,1.76,1.73,1.73,1.73,234400
2012-04-09,1.72,1.75,1.65,1.67,1.67,441100
2012-04-10,1.68,1.69,1.54,1.58,1.58,503200
2012-04-11,1.6,1.64,1.59,1.64,1.64,253000
2012-04-12,1.63,1.75,1.62,1.71,1.71,182300
2012-04-13,1.69,1.7,1.59,1.6,1.6,155500
2012-04-16,1.61,1.72,1.61,1.72,1.72,138400
2012-04-17,1.72,1.75,1.68,1.7,1.7,199400
2012-04-18,1.69,1.72,1.64,1.65,1.65,106400
2012-04-19,1.64,1.67,1.57,1.59,1.59,176300
2012-04-20,1.62,1.79,1.62,1.63,1.63,256900
2012-04-23,1.61,1.65,1.59,1.59,1.59,185400
2012-04-24,1.59,1.65,1.59,1.64,1.64,133100
2012-04-25,1.66,1.72,1.63,1.7,1.7,138300
2012-04-26,1.7,1.74,1.64,1.72,1.72,82900
2012-04-27,1.72,1.73,1.68,1.7,1.7,167200
2012-04-30,1.69,1.72,1.64,1.65,1.65,180600
2012-05-01,1.64,1.71,1.6,1.6,1.6,262000
2012-05-02,1.59,1.63,1.58,1.61,1.61,200700
2012-05-03,1.6,1.6,1.47,1.5,1.5,433300
2012-05-04,1.47,1.53,1.45,1.51,1.51,277500
2012-05-07,1.51,1.58,1.49,1.53,1.53,102400
2012-05-08,1.51,1.61,1.48,1.58,1.58,187800
2012-05-09,1.55,1.58,1.53,1.54,1.54,105400
2012-05-10,1.55,1.55,1.47,1.52,1.52,157000
2012-05-11,1.5,1.53,1.47,1.48,1.48,207000
2012-05-14,1.47,1.52,1.42,1.42,1.42,231500
2012-05-15,1.41,1.52,1.4,1.49,1.49,384700
2012-05-16,1.49,1.61,1.49,1.58,1.58,158800
2012-05-17,1.58,1.6,1.47,1.49,1.49,186100
2012-05-18,1.49,1.54,1.46,1.46,1.46,252300
2012-05-21,1.46,1.54,1.43,1.5,1.5,205300
2012-05-22,1.49,1.5,1.39,1.41,1.41,294300
2012-05-23,1.39,1.46,1.39,1.43,1.43,152900
2012-05-24,1.44,1.53,1.42,1.49,1.49,189100
2012-05-25,1.5,1.54,1.46,1.49,1.49,162100
2012-05-29,1.5,1.54,1.46,1.47,1.47,241500
2012-05-30,1.46,1.47,1.41,1.45,1.45,244500
2012-05-31,1.45,1.49,1.41,1.46,1.46,293100
2012-06-01,1.41,1.46,1.36,1.41,1.41,288400
2012-06-04,1.43,1.43,1.39,1.42,1.42,203900
2012-06-05,1.4,1.46,1.39,1.39,1.39,165700
2012-06-06,1.43,1.44,1.38,1.44,1.44,170600
2012-06-07,1.47,1.51,1.43,1.47,1.47,167600
2012-06-08,1.47,1.52,1.43,1.47,1.47,95200
2012-06-11,1.5,1.51,1.41,1.42,1.42,222000
2012-06-12,1.42,1.5,1.4,1.45,1.45,147300
2012-06-13,1.44,1.46,1.41,1.43,1.43,160100
2012-06-14,1.43,1.51,1.42,1.51,1.51,153400
2012-06-15,1.49,1.5,1.33,1.47,1.47,424100
2012-06-18,1.45,1.5,1.42,1.48,1.48,177900
2012-06-19,1.48,1.57,1.43,1.5,1.5,288500
2012-06-20,1.5,1.52,1.45,1.51,1.51,188300
2012-06-21,1.5,1.51,1.43,1.45,1.45,265800
2012-06-22,1.48,1.54,1.47,1.54,1.54,554700
2012-06-25,1.5,1.52,1.46,1.5,1.5,131600
2012-06-26,1.5,1.58,1.46,1.53,1.53,166200
2012-06-27,1.53,1.57,1.47,1.52,1.52,260100
2012-06-28,1.5,1.52,1.46,1.51,1.51,163600
2012-06-29,1.52,1.55,1.5,1.54,1.54,223300
2012-07-02,1.54,1.61,1.53,1.61,1.61,551800
2012-07-03,1.59,1.65,1.58,1.65,1.65,245300
2012-07-05,1.65,1.66,1.61,1.64,1.64,186500
2012-07-06,1.61,1.65,1.59,1.63,1.63,161500
2012-07-09,1.62,1.65,1.59,1.62,1.62,243800
2012-07-10,1.64,1.65,1.54,1.55,1.55,157300
2012-07-11,1.56,1.6,1.53,1.55,1.55,128400
2012-07-12,1.54,1.57,1.52,1.55,1.55,147100
2012-07-13,1.55,1.61,1.55,1.6,1.6,162000
2012-07-16,1.6,1.61,1.57,1.61,1.61,57100
2012-07-17,1.6,1.66,1.57,1.64,1.64,163900
2012-07-18,1.62,1.62,1.53,1.58,1.58,168200
2012-07-19,1.61,1.61,1.57,1.58,1.58,70300
2012-07-20,1.55,1.6,1.54,1.56,1.56,119500
2012-07-23,1.52,1.56,1.52,1.52,1.52,120100
2012-07-24,1.53,1.53,1.44,1.45,1.45,160500
2012-07-25,1.46,1.5,1.42,1.44,1.44,96300
2012-07-26,1.48,1.52,1.42,1.46,1.46,103800
2012-07-27,1.47,1.5,1.45,1.47,1.47,144400
2012-07-30,1.47,1.47,1.37,1.39,1.39,193100
2012-07-31,1.39,1.45,1.39,1.42,1.42,166800
2012-08-01,1.42,1.44,1.3,1.3,1.3,417700
2012-08-02,1.3,1.35,1.3,1.31,1.31,168900
2012-08-03,1.34,1.42,1.3,1.41,1.41,215800
2012-08-06,1.4,1.44,1.36,1.41,1.41,104700
2012-08-07,1.43,1.44,1.34,1.4,1.4,224000
2012-08-08,1.38,1.39,1.32,1.35,1.35,124300
2012-08-09,1.34,1.36,1.32,1.34,1.34,54500
2012-08-10,1.35,1.4,1.35,1.35,1.35,117100
2012-08-13,1.35,1.35,1.32,1.34,1.34,84800
2012-08-14,1.36,1.39,1.26,1.29,1.29,228900
2012-08-15,1.29,1.35,1.25,1.35,1.35,259800
2012-08-16,1.35,1.4,1.35,1.4,1.4,213800
2012-08-17,1.39,1.4,1.37,1.4,1.4,203300
2012-08-20,1.4,1.41,1.35,1.4,1.4,79500
2012-08-21,1.4,1.44,1.39,1.41,1.41,83100
2012-08-22,1.42,1.43,1.33,1.37,1.37,96500
2012-08-23,1.38,1.42,1.37,1.37,1.37,112300
2012-08-24,1.36,1.42,1.34,1.38,1.38,99700
2012-08-27,1.38,1.39,1.36,1.39,1.39,59600
2012-08-28,1.38,1.43,1.38,1.39,1.39,198300
2012-08-29,1.38,1.41,1.34,1.4,1.4,208500
2012-08-30,1.38,1.4,1.36,1.36,1.36,43300
2012-08-31,1.39,1.41,1.35,1.39,1.39,95400
2012-09-04,1.38,1.38,1.33,1.35,1.35,114200
2012-09-05,1.33,1.38,1.33,1.36,1.36,164800
2012-09-06,1.38,1.4,1.35,1.39,1.39,215900
2012-09-07,1.4,1.42,1.34,1.42,1.42,166700
2012-09-10,1.41,1.42,1.37,1.42,1.42,147100
2012-09-11,1.42,1.44,1.34,1.35,1.35,319600
2012-09-12,1.36,1.39,1.34,1.35,1.35,257000
2012-09-13,1.36,1.4,1.35,1.4,1.4,433100
2012-09-14,1.41,1.44,1.39,1.4,1.4,933100
2012-09-17,1.41,1.41,1.35,1.4,1.4,123400
2012-09-18,1.39,1.48,1.37,1.48,1.48,198800
2012-09-19,1.47,1.48,1.37,1.38,1.38,569100
2012-09-20,1.4,1.41,1.37,1.39,1.39,312700
2012-09-21,1.43,1.43,1.39,1.4,1.4,426100
2012-09-24,1.4,1.47,1.39,1.42,1.42,270900
2012-09-25,1.41,1.43,1.36,1.36,1.36,273300
2012-09-26,1.37,1.4,1.36,1.37,1.37,66000
2012-09-27,1.38,1.38,1.34,1.35,1.35,478000
2012-09-28,1.33,1.35,1.32,1.32,1.32,290900
2012-10-01,1.35,1.35,1.29,1.3,1.3,333200
2012-10-02,1.31,1.37,1.28,1.36,1.36,256100
2012-10-03,1.35,1.36,1.3,1.31,1.31,349300
2012-10-04,1.33,1.36,1.27,1.29,1.29,357700
2012-10-05,1.29,1.32,1.27,1.27,1.27,174700
2012-10-08,1.27,1.3,1.25,1.28,1.28,182200
2012-10-09,1.29,1.31,1.25,1.25,1.25,175100
2012-10-10,1.25,1.28,1.23,1.24,1.24,526300
2012-10-11,1.26,1.27,1.23,1.25,1.25,194200
2012-10-12,1.25,1.25,1.22,1.23,1.23,222800
2012-10-15,1.23,1.25,1.23,1.25,1.25,277100
2012-10-16,1.28,1.32,1.24,1.32,1.32,674000
2012-10-17,1.35,1.4,1.32,1.39,1.39,292000
2012-10-18,1.4,1.4,1.33,1.37,1.37,108600
2012-10-19,1.35,1.38,1.3,1.3,1.3,182300
2012-10-22,1.3,1.33,1.25,1.29,1.29,158800
2012-10-23,1.28,1.32,1.25,1.26,1.26,185700
2012-10-24,1.26,1.29,1.25,1.26,1.26,71100
2012-10-25,1.26,1.26,1.24,1.26,1.26,121300
2012-10-26,1.27,1.31,1.25,1.29,1.29,51800
2012-10-31,1.29,1.32,1.25,1.3,1.3,154600
2012-11-01,1.3,1.34,1.3,1.3,1.3,144000
2012-11-02,1.31,1.32,1.26,1.26,1.26,130400
2012-11-05,1.26,1.3,1.26,1.28,1.28,79000
2012-11-06,1.29,1.31,1.27,1.31,1.31,88000
2012-11-07,1.28,1.29,1.17,1.18,1.18,425800
2012-11-08,1.17,1.27,1.16,1.21,1.21,152200
2012-11-09,1.2,1.3,1.19,1.28,1.28,191400
2012-11-12,1.28,1.28,1.25,1.27,1.27,79800
2012-11-13,1.25,1.29,1.22,1.23,1.23,148600
2012-11-14,1.23,1.25,1.14,1.17,1.17,460200
2012-11-15,1.18,1.22,1.17,1.2,1.2,82600
2012-11-16,1.18,1.21,1.17,1.19,1.19,210300
2012-11-19,1.2,1.22,1.16,1.19,1.19,269200
2012-11-20,1.18,1.24,1.17,1.23,1.23,77300
2012-11-21,1.24,1.25,1.17,1.22,1.22,89800
2012-11-23,1.21,1.23,1.21,1.22,1.22,53500
2012-11-26,1.22,1.23,1.19,1.23,1.23,172900
2012-11-27,1.23,1.23,1.18,1.2,1.2,112700
2012-11-28,1.2,1.23,1.17,1.23,1.23,67900
2012-11-29,1.25,1.25,1.22,1.23,1.23,127500
2012-11-30,1.24,1.25,1.2,1.22,1.22,287700
2012-12-03,1.22,1.25,1.2,1.2,1.2,162900
2012-12-04,1.2,1.24,1.18,1.23,1.23,64900
2012-12-05,1.23,1.25,1.18,1.18,1.18,108700
2012-12-06,1.17,1.22,1.17,1.2,1.2,71800
2012-12-07,1.21,1.21,1.18,1.2,1.2,78700
2012-12-10,1.21,1.22,1.18,1.22,1.22,215300
2012-12-11,1.22,1.25,1.18,1.25,1.25,216300
2012-12-12,1.25,1.25,1.2,1.2,1.2,131200
2012-12-13,1.21,1.25,1.21,1.23,1.23,45100
2012-12-14,1.22,1.29,1.2,1.29,1.29,208100
2012-12-17,1.29,1.33,1.24,1.33,1.33,172800
2012-12-18,1.33,1.41,1.29,1.41,1.41,308600
2012-12-19,1.41,1.42,1.37,1.4,1.4,194800
2012-12-20,1.41,1.41,1.38,1.41,1.41,182200
2012-12-21,1.42,1.44,1.35,1.41,1.41,680300
2012-12-24,1.42,1.44,1.38,1.43,1.43,54400
2012-12-26,1.42,1.42,1.36,1.39,1.39,119600
2012-12-27,1.4,1.43,1.34,1.39,1.39,101500
2012-12-28,1.38,1.39,1.28,1.38,1.38,209900
2012-12-31,1.39,1.44,1.29,1.4,1.4,412300
2013-01-02,1.43,1.5,1.36,1.46,1.46,738300
2013-01-03,1.47,1.48,1.36,1.41,1.41,289000
2013-01-04,1.44,1.46,1.39,1.46,1.46,139900
2013-01-07,1.44,1.47,1.35,1.38,1.38,238200
2013-01-08,1.38,1.45,1.35,1.45,1.45,107900
2013-01-09,1.46,1.46,1.38,1.4,1.4,149100
2013-01-10,1.4,1.43,1.36,1.4,1.4,70600
2013-01-11,1.41,1.43,1.36,1.42,1.42,74300
2013-01-14,1.41,1.42,1.37,1.39,1.39,78700
2013-01-15,1.41,1.41,1.36,1.38,1.38,149900
2013-01-16,1.37,1.38,1.31,1.34,1.34,333800
2013-01-17,1.34,1.37,1.31,1.35,1.35,183700
2013-01-18,1.35,1.39,1.29,1.3,1.3,240600
2013-01-22,1.31,1.34,1.3,1.31,1.31,311800
2013-01-23,1.28,1.34,1.27,1.27,1.27,349800
2013-01-24,1.26,1.35,1.26,1.27,1.27,234600
2013-01-25,1.29,1.3,1.21,1.23,1.23,393000
2013-01-28,1.25,1.26,1.21,1.23,1.23,448500
2013-01-29,1.24,1.28,1.21,1.24,1.24,378000
2013-01-30,1.25,1.27,1.22,1.22,1.22,308400
2013-01-31,1.22,1.28,1.2,1.23,1.23,425200
2013-02-01,1.22,1.32,1.22,1.29,1.29,305300
2013-02-04,1.28,1.33,1.27,1.32,1.32,226600
2013-02-05,1.33,1.35,1.31,1.34,1.34,225400
2013-02-06,1.33,1.35,1.28,1.34,1.34,238800
2013-02-07,1.33,1.34,1.27,1.29,1.29,211100
2013-02-08,1.29,1.33,1.29,1.29,1.29,198500
2013-02-11,1.3,1.32,1.27,1.28,1.28,126900
2013-02-12,1.29,1.33,1.29,1.31,1.31,186500
2013-02-13,1.31,1.32,1.27,1.29,1.29,74000
2013-02-14,1.29,1.33,1.29,1.32,1.32,62600
2013-02-15,1.35,1.35,1.28,1.29,1.29,169700
2013-02-19,1.29,1.31,1.26,1.27,1.27,199800
2013-02-20,1.26,1.31,1.23,1.23,1.23,267400
2013-02-21,1.25,1.26,1.24,1.24,1.24,92900
2013-02-22,1.26,1.31,1.24,1.3,1.3,265600
2013-02-25,1.31,1.31,1.24,1.25,1.25,177200
2013-02-26,1.26,1.29,1.26,1.27,1.27,95600
2013-02-27,1.27,1.31,1.27,1.29,1.29,174500
2013-02-28,1.29,1.3,1.26,1.3,1.3,76500
2013-03-01,1.21,1.29,1.21,1.27,1.27,400800
2013-03-04,1.27,1.31,1.27,1.3,1.3,122100
2013-03-05,1.32,1.35,1.3,1.34,1.34,242000
2013-03-06,1.34,1.35,1.31,1.34,1.34,128000
2013-03-07,1.33,1.4,1.33,1.4,1.4,410700
2013-03-08,1.42,1.42,1.36,1.41,1.41,186400
2013-03-11,1.41,1.42,1.38,1.39,1.39,218300
2013-03-12,1.38,1.41,1.36,1.38,1.38,131200
2013-03-13,1.38,1.42,1.38,1.4,1.4,212900
2013-03-14,1.39,1.49,1.39,1.49,1.49,368500
2013-03-15,1.49,1.55,1.47,1.55,1.55,842900
2013-03-18,1.56,1.61,1.52,1.6,1.6,258700
2013-03-19,1.6,1.67,1.55,1.61,1.61,403000
2013-03-20,1.61,1.7,1.59,1.7,1.7,280200
2013-03-21,1.69,1.72,1.68,1.69,1.69,326100
2013-03-22,1.71,1.71,1.63,1.7,1.7,261500
2013-03-25,1.7,1.72,1.68,1.69,1.69,292200
2013-03-26,1.71,1.72,1.59,1.66,1.66,353500
2013-03-27,1.64,1.68,1.59,1.64,1.64,269300
2013-03-28,1.67,1.67,1.58,1.66,1.66,486100
2013-04-01,1.67,1.71,1.63,1.71,1.71,321000
2013-04-02,1.71,1.74,1.66,1.68,1.68,269700
2013-04-03,1.68,1.7,1.61,1.62,1.62,211000
2013-04-04,1.63,1.65,1.57,1.61,1.61,401200
2013-04-05,1.56,1.65,1.36,1.57,1.57,225000
2013-04-08,1.58,1.61,1.57,1.61,1.61,205700
2013-04-09,1.6,1.64,1.57,1.57,1.57,291500
2013-04-10,1.6,1.64,1.6,1.64,1.64,255500
2013-04-11,1.64,1.64,1.58,1.6,1.6,188900
2013-04-12,1.6,1.6,1.55,1.57,1.57,237400
2013-04-15,1.57,1.59,1.43,1.45,1.45,561300
2013-04-16,1.47,1.52,1.45,1.51,1.51,548500
2013-04-17,1.5,1.57,1.43,1.44,1.44,531200
2013-04-18,1.43,1.5,1.43,1.44,1.44,236300
2013-04-19,1.45,1.49,1.45,1.47,1.47,187600
2013-04-22,1.48,1.49,1.43,1.48,1.48,227300
2013-04-23,1.49,1.52,1.48,1.5,1.5,281100
2013-04-24,1.49,1.49,1.46,1.49,1.49,110000
2013-04-25,1.49,1.5,1.46,1.48,1.48,118800
2013-04-26,1.48,1.5,1.45,1.45,1.45,320000
2013-04-29,1.46,1.52,1.46,1.51,1.51,277500
2013-04-30,1.52,1.52,1.46,1.47,1.47,140700
2013-05-01,1.45,1.47,1.41,1.41,1.41,588100
2013-05-02,1.42,1.43,1.42,1.43,1.43,237400
2013-05-03,1.46,1.46,1.44,1.45,1.45,109200
2013-05-06,1.44,1.47,1.42,1.43,1.43,89100
2013-05-07,1.44,1.45,1.39,1.4,1.4,144400
2013-05-08,1.4,1.42,1.38,1.4,1.4,145200
2013-05-09,1.4,1.47,1.4,1.46,1.46,171500
2013-05-10,1.47,1.48,1.43,1.44,1.44,184300
2013-05-13,1.44,1.44,1.36,1.38,1.38,198800
2013-05-14,1.38,1.45,1.38,1.45,1.45,357000
2013-05-15,1.45,1.55,1.4,1.5,1.5,614600
2013-05-16,1.49,1.55,1.49,1.52,1.52,249300
2013-05-17,1.52,1.58,1.52,1.55,1.55,276500
2013-05-20,1.55,1.65,1.5,1.61,1.61,333900
2013-05-21,1.6,1.65,1.58,1.64,1.64,268300
2013-05-22,1.64,1.67,1.61,1.62,1.62,251500
2013-05-23,1.58,1.61,1.55,1.59,1.59,231700
2013-05-24,1.58,1.62,1.56,1.58,1.58,147900
2013-05-28,1.62,1.65,1.53,1.64,1.64,207900
2013-05-29,1.62,1.63,1.55,1.59,1.59,116400
2013-05-30,1.61,1.62,1.55,1.58,1.58,143700
2013-05-31,1.56,1.62,1.53,1.58,1.58,238000
2013-06-03,1.6,1.68,1.58,1.62,1.62,831500
2013-06-04,1.62,1.65,1.58,1.59,1.59,413000
2013-06-05,1.6,1.62,1.57,1.58,1.58,277200
2013-06-06,1.57,1.61,1.57,1.6,1.6,214700
2013-06-07,1.62,1.63,1.6,1.62,1.62,109500
2013-06-10,1.63,1.63,1.6,1.63,1.63,160500
2013-06-11,1.59,1.67,1.59,1.62,1.62,127500
2013-06-12,1.63,1.64,1.59,1.59,1.59,107700
2013-06-13,1.6,1.66,1.6,1.65,1.65,176300
2013-06-14,1.66,1.7,1.62,1.63,1.63,232900
2013-06-17,1.64,1.65,1.59,1.61,1.61,93400
2013-06-18,1.62,1.7,1.6,1.66,1.66,156600
2013-06-19,1.67,1.7,1.63,1.69,1.69,202600
2013-06-20,1.65,1.66,1.61,1.63,1.63,161300
2013-06-21,1.63,1.7,1.63,1.7,1.7,476500
2013-06-24,1.67,1.71,1.64,1.65,1.65,230700
2013-06-25,1.66,1.7,1.66,1.7,1.7,189600
2013-06-26,1.71,1.72,1.65,1.65,1.65,115400
2013-06-27,1.67,1.67,1.62,1.65,1.65,247800
2013-06-28,1.65,1.68,1.61,1.65,1.65,475100
2013-07-01,1.69,1.69,1.64,1.68,1.68,150600
2013-07-02,1.66,1.69,1.65,1.69,1.69,95200
2013-07-03,1.68,1.7,1.66,1.69,1.69,66200
2013-07-05,1.7,1.92,1.7,1.92,1.92,488400
2013-07-08,1.92,2.0,1.88,2.0,2.0,541500
2013-07-09,2.01,2.01,1.92,1.98,1.98,363800
2013-07-10,1.99,2.0,1.97,1.99,1.99,137300
2013-07-11,2.0,2.0,1.98,1.99,1.99,232500
2013-07-12,1.98,2.0,1.96,1.99,1.99,207500
2013-07-15,1.99,2.0,1.96,1.97,1.97,296500
2013-07-16,1.98,1.99,1.95,1.96,1.96,233600
2013-07-17,1.97,2.02,1.95,1.98,1.98,160600
2013-07-18,1.97,1.98,1.83,1.97,1.97,317900
2013-07-19,1.95,2.0,1.92,1.99,1.99,184000
2013-07-22,1.96,2.0,1.94,2.0,2.0,176200
2013-07-23,1.99,2.0,1.94,1.98,1.98,167500
2013-07-24,1.99,1.99,1.9,1.97,1.97,215000
2013-07-25,1.96,2.01,1.96,2.0,2.0,272000
2013-07-26,1.97,2.0,1.96,1.98,1.98,86400
2013-07-29,1.98,1.99,1.93,1.94,1.94,63200
2013-07-30,1.92,1.93,1.8,1.88,1.88,217000
2013-07-31,1.87,1.91,1.84,1.88,1.88,289500
2013-08-01,1.88,1.9,1.8,1.84,1.84,163700
2013-08-02,1.79,1.85,1.72,1.75,1.75,218600
2013-08-05,1.73,1.83,1.7,1.81,1.81,193300
2013-08-06,1.78,1.85,1.75,1.79,1.79,115800
2013-08-07,1.79,1.79,1.72,1.75,1.75,118700
2013-08-08,1.77,1.77,1.72,1.72,1.72,82600
2013-08-09,1.7,1.78,1.68,1.71,1.71,205200
2013-08-12,1.68,1.7,1.64,1.66,1.66,301000
2013-08-13,1.67,1.75,1.65,1.73,1.73,107100
2013-08-14,1.74,1.74,1.66,1.67,1.67,118400
2013-08-15,1.66,1.66,1.61,1.62,1.62,5322700
2013-08-16,1.67,1.75,1.64,1.72,1.72,514600
2013-08-19,1.73,1.94,1.72,1.87,1.87,468100
2013-08-20,1.88,1.89,1.8,1.86,1.86,161100
2013-08-21,1.83,1.86,1.81,1.81,1.81,146800
2013-08-22,1.81,1.87,1.81,1.85,1.85,141900
2013-08-23,1.83,1.87,1.82,1.84,1.84,194100
2013-08-26,1.85,1.87,1.8,1.81,1.81,236900
2013-08-27,1.78,1.79,1.7,1.71,1.71,326500
2013-08-28,1.72,1.79,1.71,1.73,1.73,134100
2013-08-29,1.72,1.75,1.7,1.73,1.73,131500
2013-08-30,1.72,1.72,1.67,1.67,1.67,186000
2013-09-03,1.7,1.76,1.7,1.71,1.71,179800
2013-09-04,1.71,1.74,1.7,1.72,1.72,194000
2013-09-05,1.73,1.74,1.66,1.67,1.67,231500
2013-09-06,1.69,1.76,1.68,1.71,1.71,213300
2013-09-09,1.72,1.72,1.67,1.68,1.68,165800
2013-09-10,1.68,1.77,1.68,1.71,1.71,158500
2013-09-11,1.71,1.72,1.69,1.69,1.69,116500
2013-09-12,1.7,1.73,1.69,1.69,1.69,123400
2013-09-13,1.72,1.73,1.68,1.68,1.68,100500
2013-09-16,1.72,1.72,1.68,1.7,1.7,94900
2013-09-17,1.71,1.72,1.68,1.7,1.7,111800
2013-09-18,1.73,1.75,1.69,1.75,1.75,175800
2013-09-19,1.75,1.78,1.73,1.75,1.75,122200
2013-09-20,1.74,1.75,1.7,1.72,1.72,440800
2013-09-23,1.72,1.85,1.71,1.79,1.79,669900
2013-09-24,1.79,1.85,1.74,1.82,1.82,224700
2013-09-25,1.83,1.85,1.8,1.8,1.8,147900
2013-09-26,1.8,1.85,1.79,1.81,1.81,119600
2013-09-27,1.79,1.83,1.79,1.79,1.79,79300
2013-09-30,1.75,1.83,1.74,1.81,1.81,159200
2013-10-01,1.8,1.84,1.77,1.79,1.79,168400
2013-10-02,1.77,1.77,1.74,1.74,1.74,193100
2013-10-03,1.75,1.79,1.74,1.75,1.75,157600
2013-10-04,1.75,1.79,1.73,1.73,1.73,132200
2013-10-07,1.71,1.8,1.71,1.76,1.76,111900
2013-10-08,1.76,1.76,1.71,1.71,1.71,132800
2013-10-09,1.71,1.74,1.68,1.69,1.69,185900
2013-10-10,1.72,1.76,1.71,1.76,1.76,95000
2013-10-11,1.74,1.83,1.72,1.83,1.83,247800
2013-10-14,1.83,1.91,1.78,1.88,1.88,249600
2013-10-15,1.88,1.9,1.81,1.87,1.87,272900
2013-10-16,1.88,1.93,1.86,1.91,1.91,305200
2013-10-17,1.9,2.06,1.87,2.04,2.04,660800
2013-10-18,2.07,2.1,1.99,2.02,2.02,568700
2013-10-21,2.01,2.1,1.96,2.1,2.1,364900
2013-10-22,2.1,2.11,2.05,2.07,2.07,230200
2013-10-23,2.05,2.11,2.05,2.1,2.1,317000
2013-10-24,2.11,2.11,2.05,2.08,2.08,274800
2013-10-25,2.08,2.08,2.0,2.04,2.04,213200
2013-10-28,2.06,2.11,2.04,2.1,2.1,160700
2013-10-29,2.12,2.18,2.1,2.17,2.17,291600
2013-10-30,2.18,2.18,2.05,2.08,2.08,264900
2013-10-31,2.07,2.13,2.07,2.1,2.1,253900
2013-11-01,2.09,2.11,1.98,2.08,2.08,371600
2013-11-04,2.12,2.15,2.1,2.15,2.15,340800
2013-11-05,2.16,2.24,2.15,2.2,2.2,398000
2013-11-06,2.58,2.58,2.2,2.23,2.23,344600
2013-11-07,2.25,2.31,2.22,2.25,2.25,466000
2013-11-08,2.25,2.31,2.25,2.31,2.31,150100
2013-11-11,2.31,2.49,2.31,2.41,2.41,417800
2013-11-12,2.44,2.54,2.44,2.52,2.52,689700
2013-11-13,2.51,2.6,2.51,2.6,2.6,365900
2013-11-14,2.55,2.85,2.47,2.75,2.75,904800
2013-11-15,2.75,2.82,2.56,2.62,2.62,603800
2013-11-18,2.64,2.68,2.59,2.61,2.61,261400
2013-11-19,2.64,2.65,2.43,2.55,2.55,486900
2013-11-20,2.55,2.64,2.5,2.51,2.51,263200
2013-11-21,2.52,2.64,2.52,2.64,2.64,222600
2013-11-22,2.65,2.7,2.55,2.69,2.69,290800
2013-11-25,2.7,2.8,2.7,2.8,2.8,335700
2013-11-26,2.81,2.96,2.75,2.94,2.94,470000
2013-11-27,2.93,3.0,2.88,3.0,3.0,578100
2013-11-29,3.01,3.08,2.85,2.99,2.99,260900
2013-12-02,3.0,3.0,2.86,2.88,2.88,280200
2013-12-03,2.88,3.0,2.86,2.99,2.99,338100
2013-12-04,2.97,3.06,2.91,2.98,2.98,439300
2013-12-05,3.0,3.0,2.94,2.98,2.98,274000
2013-12-06,3.0,3.24,2.99,3.22,3.22,954500
2013-12-09,3.27,3.54,3.26,3.37,3.37,1255400
2013-12-10,3.38,3.49,3.31,3.34,3.34,955900
2013-12-11,3.36,3.37,3.07,3.15,3.15,818800
2013-12-12,3.15,3.27,3.11,3.16,3.16,598900
2013-12-13,3.18,3.23,3.12,3.16,3.16,303200
2013-12-16,3.15,3.2,3.12,3.17,3.17,361100
2013-12-17,3.2,3.2,3.1,3.12,3.12,360700
2013-12-18,3.12,3.14,3.03,3.09,3.09,411700
2013-12-19,3.08,3.09,2.81,2.93,2.93,653800
2013-12-20,2.91,3.16,2.81,3.14,3.14,918600
2013-12-23,3.15,3.27,3.08,3.22,3.22,428200
2013-12-24,3.23,3.27,3.2,3.26,3.26,279800
2013-12-26,3.27,3.31,3.19,3.28,3.28,323500
2013-12-27,3.3,3.3,3.24,3.24,3.24,185000
2013-12-30,3.24,3.24,3.07,3.16,3.16,176500
2013-12-31,3.16,3.17,3.12,3.13,3.13,233100
2014-01-02,3.1,3.1,2.97,2.99,2.99,343900
2014-01-03,3.01,3.07,2.99,3.07,3.07,205300
2014-01-06,3.1,3.16,3.01,3.02,3.02,273700
2014-01-07,3.04,3.16,3.0,3.06,3.06,204100
2014-01-08,3.06,3.12,2.94,3.05,3.05,381000
2014-01-09,3.05,3.1,3.02,3.08,3.08,205800
2014-01-10,3.05,3.09,2.99,3.08,3.08,227600
2014-01-13,3.08,3.08,2.86,2.93,2.93,431800
2014-01-14,2.99,3.07,2.97,3.0,3.0,371400
2014-01-15,2.99,3.05,2.98,3.04,3.04,239400
2014-01-16,3.04,3.06,2.9,2.94,2.94,242100
2014-01-17,2.93,3.01,2.87,2.92,2.92,224700
2014-01-21,2.92,2.93,2.69,2.86,2.86,493800
2014-01-22,2.88,2.95,2.82,2.89,2.89,154000
2014-01-23,2.89,2.89,2.75,2.79,2.79,392200
2014-01-24,2.76,2.76,2.6,2.63,2.63,522800
2014-01-27,2.61,2.74,2.51,2.65,2.65,845700
2014-01-28,2.65,2.78,2.51,2.72,2.72,493600
2014-01-29,2.7,2.72,2.51,2.54,2.54,310700
2014-01-30,2.58,2.6,2.44,2.49,2.49,514000
2014-01-31,2.46,2.52,2.36,2.4,2.4,644100
2014-02-03,2.44,2.5,2.35,2.42,2.42,549000
2014-02-04,2.43,2.49,2.37,2.38,2.38,412900
2014-02-05,2.36,2.44,2.35,2.39,2.39,326000
2014-02-06,2.39,2.45,2.32,2.39,2.39,332100
2014-02-07,2.39,2.47,2.37,2.45,2.45,328400
2014-02-10,2.42,2.45,2.35,2.41,2.41,248200
2014-02-11,2.41,2.54,2.37,2.45,2.45,300400
2014-02-12,2.45,2.45,2.38,2.41,2.41,170200
2014-02-13,2.4,2.46,2.38,2.43,2.43,186100
2014-02-14,2.43,2.45,2.37,2.45,2.45,185600
2014-02-18,2.45,2.61,2.45,2.58,2.58,358000
2014-02-19,2.6,2.6,2.51,2.53,2.53,459700
2014-02-20,2.54,2.65,2.54,2.62,2.62,299300
2014-02-21,2.66,2.7,2.64,2.69,2.69,380900
2014-02-24,2.7,2.78,2.66,2.71,2.71,305500
2014-02-25,2.71,2.72,2.65,2.7,2.7,157300
2014-02-26,2.72,2.72,2.65,2.67,2.67,120700
2014-02-27,2.65,2.73,2.65,2.69,2.69,141500
2014-02-28,2.7,2.8,2.68,2.79,2.79,310600
2014-03-03,2.78,2.92,2.75,2.91,2.91,422000
2014-03-04,2.96,3.07,2.86,3.03,3.03,878400
2014-03-05,3.01,3.01,2.96,2.97,2.97,209500
2014-03-06,2.99,3.03,2.87,2.97,2.97,164300
2014-03-07,3.0,3.02,2.96,2.97,2.97,122500
2014-03-10,2.96,3.03,2.94,2.97,2.97,132100
2014-03-11,2.97,2.99,2.83,2.85,2.85,148100
2014-03-12,2.82,2.84,2.77,2.84,2.84,178200
2014-03-13,2.95,2.98,2.68,2.84,2.84,563900
2014-03-14,2.82,3.03,2.82,3.0,3.0,390100
2014-03-17,3.05,3.1,3.0,3.1,3.1,425800
2014-03-18,3.1,3.15,3.06,3.13,3.13,658900
2014-03-19,3.15,3.2,3.09,3.09,3.09,505300
2014-03-20,3.1,3.25,3.08,3.18,3.18,524600
2014-03-21,3.21,3.25,3.1,3.16,3.16,715900
2014-03-24,3.2,3.24,3.07,3.13,3.13,327200
2014-03-25,3.16,3.21,3.11,3.14,3.14,324300
2014-03-26,3.18,3.18,3.01,3.01,3.01,390200
2014-03-27,3.03,3.13,2.97,2.99,2.99,285000
2014-03-28,2.98,3.09,2.98,2.99,2.99,218400
2014-03-31,3.0,3.07,2.95,3.02,3.02,283100
2014-04-01,3.01,3.11,3.0,3.09,3.09,243700
2014-04-02,3.11,3.15,3.05,3.11,3.11,273200
2014-04-03,3.12,3.13,3.0,3.01,3.01,207300
2014-04-04,3.05,3.05,2.83,2.85,2.85,392500
2014-04-07,2.83,2.89,2.78,2.8,2.8,388900
2014-04-08,2.82,2.92,2.8,2.81,2.81,280200
2014-04-09,2.83,2.88,2.81,2.82,2.82,317000
2014-04-10,2.82,2.84,2.68,2.69,2.69,314600
2014-04-11,2.67,2.72,2.61,2.61,2.61,398600
2014-04-14,2.64,2.7,2.61,2.63,2.63,309100
2014-04-15,2.65,2.68,2.57,2.63,2.63,372500
2014-04-16,2.67,2.79,2.67,2.76,2.76,185600
2014-04-17,2.76,2.88,2.76,2.79,2.79,239300
2014-04-21,2.83,2.94,2.76,2.85,2.85,178900
2014-04-22,2.85,2.91,2.84,2.87,2.87,139500
2014-04-23,2.86,2.89,2.73,2.8,2.8,308600
2014-04-24,2.83,2.86,2.79,2.84,2.84,140800
2014-04-25,2.85,2.89,2.64,2.69,2.69,329800
2014-04-28,2.75,2.79,2.57,2.66,2.66,312000
2014-04-29,2.69,2.72,2.66,2.68,2.68,145200
2014-04-30,2.69,2.76,2.65,2.73,2.73,210800
2014-05-01,2.71,2.72,2.62,2.71,2.71,378100
2014-05-02,2.73,2.73,2.65,2.65,2.65,144500
2014-05-05,2.65,2.81,2.57,2.76,2.76,512400
2014-05-06,2.73,2.81,2.63,2.64,2.64,242000
2014-05-07,2.66,2.79,2.65,2.73,2.73,221200
2014-05-08,2.73,2.8,2.65,2.67,2.67,269000
2014-05-09,2.64,2.73,2.63,2.72,2.72,378700
2014-05-12,2.73,2.96,2.73,2.9,2.9,372800
2014-05-13,2.88,2.95,2.85,2.86,2.86,386100
2014-05-14,2.85,2.88,2.76,2.77,2.77,461100
2014-05-15,2.75,2.76,2.7,2.7,2.7,359900
2014-05-16,2.7,2.8,2.67,2.73,2.73,314500
2014-05-19,2.71,2.8,2.7,2.72,2.72,190700
2014-05-20,2.7,2.73,2.64,2.65,2.65,533600
2014-05-21,2.68,2.73,2.64,2.73,2.73,183700
2014-05-22,2.73,2.83,2.73,2.8,2.8,206700
2014-05-23,2.81,2.98,2.79,2.96,2.96,667100
2014-05-27,2.98,3.08,2.96,3.06,3.06,676900
2014-05-28,3.05,3.06,2.98,3.04,3.04,257500
2014-05-29,3.07,3.08,2.99,3.04,3.04,162100
2014-05-30,3.06,3.07,3.0,3.03,3.03,242100
2014-06-02,3.05,3.06,2.85,2.9,2.9,385600
2014-06-03,2.87,2.95,2.86,2.92,2.92,187800
2014-06-04,2.89,2.96,2.88,2.89,2.89,163600
2014-06-05,2.91,3.01,2.89,3.01,3.01,216100
2014-06-06,3.04,3.1,3.01,3.08,3.08,302600
2014-06-09,3.09,3.14,3.01,3.12,3.12,347000
2014-06-10,3.12,3.15,3.0,3.01,3.01,201700
2014-06-11,3.0,3.01,2.88,2.9,2.9,224600
2014-06-12,2.88,2.93,2.76,2.79,2.79,387200
2014-06-13,2.81,2.87,2.77,2.82,2.82,326000
2014-06-16,2.8,2.84,2.79,2.83,2.83,148100
2014-06-17,2.84,2.9,2.79,2.9,2.9,188300
2014-06-18,2.9,2.95,2.88,2.93,2.93,220100
2014-06-19,2.95,2.98,2.92,2.95,2.95,221200
2014-06-20,2.98,3.08,2.92,3.02,3.02,659500
2014-06-23,3.0,3.06,2.92,2.95,2.95,235500
2014-06-24,2.94,3.03,2.87,2.92,2.92,250600
2014-06-25,2.89,3.01,2.89,3.01,3.01,214800
2014-06-26,3.03,3.11,2.96,2.97,2.97,334600
2014-06-27,2.94,3.14,2.94,3.11,3.11,842300
2014-06-30,3.12,3.18,3.07,3.15,3.15,373000
2014-07-01,3.17,3.37,3.15,3.32,3.32,745800
2014-07-02,3.33,3.49,3.29,3.45,3.45,960700
2014-07-03,3.49,3.5,3.45,3.5,3.5,383300
2014-07-07,3.5,3.58,3.36,3.54,3.54,684500
2014-07-08,3.55,3.84,3.44,3.81,3.81,1140000
2014-07-09,3.8,3.9,3.69,3.8,3.8,1249900
2014-07-10,3.66,3.77,3.63,3.73,3.73,461500
2014-07-11,3.78,3.79,3.63,3.72,3.72,425200
2014-07-14,3.78,3.78,3.57,3.6,3.6,491600
2014-07-15,3.58,3.75,3.51,3.72,3.72,550000
2014-07-16,3.82,3.82,3.61,3.63,3.63,326200
2014-07-17,3.62,3.64,3.46,3.5,3.5,565900
2014-07-18,3.49,3.57,3.47,3.55,3.55,480400
2014-07-21,3.52,3.69,3.52,3.54,3.54,342300
2014-07-22,3.58,3.62,3.5,3.53,3.53,336900
2014-07-23,3.5,3.52,3.48,3.51,3.51,223600
2014-07-24,3.54,3.57,3.44,3.5,3.5,278900
2014-07-25,3.44,3.51,3.4,3.43,3.43,204100
2014-07-28,3.44,3.45,3.38,3.4,3.4,232000
2014-07-29,3.4,3.43,3.3,3.31,3.31,239800
2014-07-30,3.32,3.39,3.27,3.32,3.32,264900
2014-07-31,3.25,3.33,3.1,3.13,3.13,589500
2014-08-01,3.15,3.27,3.15,3.24,3.24,327900
2014-08-04,3.24,3.43,3.11,3.38,3.38,334400
2014-08-05,3.35,3.4,3.27,3.29,3.29,133800
2014-08-06,3.27,3.45,3.27,3.41,3.41,190100
2014-08-07,3.44,3.45,3.27,3.31,3.31,200900
2014-08-08,3.28,3.39,3.28,3.34,3.34,187500
2014-08-11,3.41,3.59,3.39,3.57,3.57,301500
2014-08-12,3.56,3.65,3.49,3.64,3.64,280300
2014-08-13,3.69,3.74,3.59,3.72,3.72,288200
2014-08-14,3.7,3.78,3.7,3.76,3.76,292100
2014-08-15,3.8,3.8,3.61,3.7,3.7,307100
2014-08-18,3.75,3.82,3.62,3.82,3.82,324900
2014-08-19,3.8,3.86,3.65,3.71,3.71,391800
2014-08-20,3.68,3.74,3.49,3.62,3.62,563400
2014-08-21,3.6,3.68,3.43,3.61,3.61,350600
2014-08-22,3.6,3.68,3.53,3.63,3.63,185900
2014-08-25,3.66,3.75,3.56,3.59,3.59,196000
2014-08-26,3.6,3.7,3.6,3.62,3.62,199000
2014-08-27,3.63,3.64,3.57,3.62,3.62,193400
2014-08-28,3.61,3.63,3.55,3.56,3.56,161800
2014-08-29,3.56,3.6,3.55,3.58,3.58,124700
2014-09-02,3.61,3.68,3.52,3.65,3.65,206000
2014-09-03,3.68,3.68,3.53,3.55,3.55,208800
2014-09-04,3.55,3.57,3.38,3.43,3.43,361800
2014-09-05,3.44,3.59,3.41,3.57,3.57,189700
2014-09-08,3.58,3.65,3.57,3.64,3.64,209600
2014-09-09,3.62,3.64,3.52,3.57,3.57,216800
2014-09-10,3.56,3.65,3.56,3.64,3.64,213700
2014-09-11,3.6,3.69,3.59,3.69,3.69,196200
2014-09-12,3.69,3.69,3.6,3.6,3.6,217900
2014-09-15,3.61,3.72,3.54,3.67,3.67,360000
2014-09-16,3.66,3.8,3.57,3.77,3.77,337700
2014-09-17,3.78,3.82,3.68,3.7,3.7,187200
2014-09-18,3.71,3.85,3.69,3.79,3.79,225300
2014-09-19,3.79,3.85,3.63,3.71,3.71,365100
2014-09-22,3.67,3.68,3.55,3.6,3.6,195700
2014-09-23,3.62,3.72,3.6,3.65,3.65,227500
2014-09-24,3.68,3.84,3.63,3.81,3.81,318700
2014-09-25,3.78,3.83,3.7,3.8,3.8,335700
2014-09-26,3.83,4.15,3.83,4.15,4.15,1753100
2014-09-29,4.1,4.34,3.94,4.24,4.24,1132700
2014-09-30,4.25,4.28,4.16,4.24,4.24,1205600
2014-10-01,4.21,4.28,4.13,4.18,4.18,428500
2014-10-02,4.21,4.32,4.17,4.32,4.32,451700
2014-10-03,4.33,4.5,4.32,4.36,4.36,1295000
2014-10-06,4.35,4.5,4.22,4.44,4.44,496800
2014-10-07,4.37,4.45,4.27,4.33,4.33,446100
2014-10-08,4.34,4.49,4.29,4.45,4.45,629300
2014-10-09,4.47,4.5,4.38,4.39,4.39,482300
2014-10-10,4.3,4.38,4.17,4.21,4.21,684100
2014-10-13,4.24,4.26,4.06,4.16,4.16,690700
2014-10-14,4.1,4.33,4.07,4.21,4.21,490600
2014-10-15,4.18,4.24,3.96,4.2,4.2,792400
2014-10-16,4.09,4.25,4.0,4.2,4.2,382300
2014-10-17,4.25,4.25,4.09,4.13,4.13,325800
2014-10-20,4.12,4.2,4.04,4.2,4.2,295700
2014-10-21,4.21,4.21,4.13,4.21,4.21,327600
2014-10-22,4.2,4.23,4.03,4.05,4.05,377000
2014-10-23,4.1,4.15,4.06,4.1,4.1,252200
2014-10-24,4.12,4.21,4.04,4.19,4.19,185400
2014-10-27,4.19,4.21,4.03,4.2,4.2,404300
2014-10-28,4.2,4.22,4.06,4.2,4.2,485800
2014-10-29,4.19,4.2,4.07,4.16,4.16,336700
2014-10-30,4.14,4.2,4.08,4.18,4.18,258800
2014-10-31,4.23,4.4,4.18,4.27,4.27,459700
2014-11-03,4.27,4.37,4.18,4.23,4.23,245100
2014-11-04,4.23,4.33,4.15,4.21,4.21,238900
2014-11-05,4.26,4.36,4.2,4.21,4.21,254200
2014-11-06,4.21,4.22,4.04,4.07,4.07,455900
2014-11-07,4.05,4.17,4.03,4.03,4.03,373500
2014-11-10,4.04,4.05,3.9,3.99,3.99,461000
2014-11-11,3.99,4.07,3.93,4.02,4.02,709500
2014-11-12,4.0,4.0,3.86,3.94,3.94,478300
2014-11-13,3.94,3.94,3.87,3.87,3.87,296600
2014-11-14,3.9,3.96,3.86,3.94,3.94,376400
2014-11-17,3.95,3.99,3.82,3.82,3.82,325400
2014-11-18,3.83,3.88,3.63,3.63,3.63,828400
2014-11-19,3.62,3.66,3.54,3.55,3.55,583600
2014-11-20,3.52,3.56,3.37,3.4,3.4,719300
2014-11-21,3.44,3.52,3.36,3.38,3.38,557500
2014-11-24,3.35,3.5,3.35,3.44,3.44,332300
2014-11-25,3.47,3.49,3.38,3.41,3.41,408600
2014-11-26,3.4,3.49,3.37,3.4,3.4,238000
2014-11-28,3.35,3.43,3.34,3.34,3.34,203700
2014-12-01,3.34,3.4,3.29,3.29,3.29,350600
2014-12-02,3.34,3.4,3.3,3.4,3.4,297100
2014-12-03,3.4,3.56,3.4,3.47,3.47,388800
2014-12-04,3.47,3.53,3.37,3.51,3.51,266600
2014-12-05,3.51,3.66,3.51,3.64,3.64,420300
2014-12-08,3.63,3.68,3.42,3.44,3.44,549300
2014-12-09,3.43,3.84,3.41,3.77,3.77,1185500
2014-12-10,3.77,3.77,3.61,3.61,3.61,603000
2014-12-11,3.65,3.87,3.64,3.83,3.83,615200
2014-12-12,3.83,3.87,3.74,3.75,3.75,299500
2014-12-15,3.79,3.89,3.75,3.8,3.8,359600
2014-12-16,3.81,3.95,3.77,3.88,3.88,343900
2014-12-17,3.9,4.07,3.87,4.06,4.06,451700
2014-12-18,4.0,4.22,4.0,4.22,4.22,474600
2014-12-19,4.19,4.23,4.01,4.01,4.01,1023300
2014-12-22,4.04,4.17,3.96,4.08,4.08,306700
2014-12-23,4.08,4.08,3.96,4.03,4.03,202500
2014-12-24,4.07,4.12,3.96,4.1,4.1,101000
2014-12-26,4.13,4.16,4.04,4.07,4.07,221800
2014-12-29,4.07,4.1,3.94,3.98,3.98,190400
2014-12-30,3.95,4.07,3.88,3.94,3.94,293700
2014-12-31,3.95,4.12,3.9,3.95,3.95,744400
2015-01-02,3.98,4.02,3.86,3.88,3.88,354200
2015-01-05,3.86,4.08,3.86,3.92,3.92,283600
2015-01-06,3.93,3.97,3.88,3.9,3.9,415200
2015-01-07,3.9,4.01,3.88,3.95,3.95,299000
2015-01-08,3.99,4.01,3.93,3.97,3.97,294700
2015-01-09,3.94,4.0,3.88,3.88,3.88,245000
2015-01-12,3.87,4.01,3.81,3.96,3.96,430000
2015-01-13,4.03,4.04,3.88,3.93,3.93,419800
2015-01-14,3.9,4.0,3.88,3.93,3.93,218900
2015-01-15,3.97,4.01,3.88,3.98,3.98,575100
2015-01-16,3.96,4.01,3.9,4.0,4.0,258400
2015-01-20,4.02,4.02,3.9,3.95,3.95,194400
2015-01-21,3.91,4.0,3.88,3.92,3.92,207700
2015-01-22,3.96,4.05,3.9,4.01,4.01,250600
2015-01-23,4.03,4.03,3.93,3.94,3.94,137700
2015-01-26,3.93,4.0,3.91,3.98,3.98,159800
2015-01-27,3.92,3.95,3.89,3.91,3.91,214200
2015-01-28,3.93,3.93,3.85,3.88,3.88,382600
2015-01-29,3.91,3.96,3.83,3.95,3.95,292400
2015-01-30,3.9,3.96,3.81,3.81,3.81,242200
2015-02-02,3.85,3.9,3.8,3.86,3.86,172900
2015-02-03,3.88,3.98,3.82,3.9,3.9,279700
2015-02-04,3.88,3.93,3.81,3.81,3.81,160500
2015-02-05,3.88,3.95,3.85,3.95,3.95,216000
2015-02-06,3.95,4.04,3.9,3.99,3.99,408500
2015-02-09,3.99,4.02,3.86,3.88,3.88,209600
2015-02-10,3.9,3.95,3.86,3.9,3.9,219100
2015-02-11,3.88,3.98,3.86,3.93,3.93,244800
2015-02-12,3.96,4.0,3.92,3.94,3.94,115700
2015-02-13,3.96,4.0,3.9,3.92,3.92,117800
2015-02-17,3.9,3.97,3.88,3.89,3.89,126000
2015-02-18,3.89,3.94,3.87,3.9,3.9,104300
2015-02-19,3.89,3.94,3.87,3.9,3.9,76500
2015-02-20,3.91,3.98,3.87,3.96,3.96,148900
2015-02-23,4.0,4.0,3.88,3.91,3.91,136000
2015-02-24,3.9,3.97,3.9,3.92,3.92,83000
2015-02-25,3.92,3.98,3.92,3.93,3.93,91200
2015-02-26,3.92,3.95,3.85,3.86,3.86,476500
2015-02-27,3.85,3.92,3.85,3.86,3.86,541800
2015-03-02,3.87,3.9,3.84,3.87,3.87,242700
2015-03-03,3.85,3.89,3.84,3.84,3.84,168000
2015-03-04,3.84,3.87,3.82,3.82,3.82,240900
2015-03-05,3.83,3.86,3.81,3.83,3.83,124400
2015-03-06,3.82,3.91,3.81,3.81,3.81,217500
2015-03-09,3.83,3.87,3.82,3.82,3.82,133900
2015-03-10,3.82,3.85,3.8,3.81,3.81,196800
2015-03-11,3.82,3.83,3.82,3.82,3.82,137800
2015-03-12,3.85,3.94,3.84,3.93,3.93,241600
2015-03-13,3.94,3.94,3.82,3.88,3.88,126000
2015-03-16,3.89,3.93,3.89,3.93,3.93,95700
2015-03-17,3.94,3.94,3.9,3.93,3.93,335400
2015-03-18,3.9,4.01,3.88,3.91,3.91,349000
2015-03-19,3.88,3.95,3.88,3.9,3.9,127000
2015-03-20,3.92,3.98,3.87,3.96,3.96,461700
2015-03-23,3.97,3.98,3.95,3.98,3.98,180100
2015-03-24,3.97,3.98,3.95,3.97,3.97,118100
2015-03-25,3.98,3.98,3.86,3.86,3.86,325900
2015-03-26,3.87,3.93,3.85,3.87,3.87,130500
2015-03-27,3.87,3.88,3.84,3.85,3.85,156400
2015-03-30,3.85,3.9,3.81,3.83,3.83,348600
2015-03-31,3.83,3.9,3.82,3.86,3.86,244600
2015-04-01,3.83,3.88,3.81,3.86,3.86,296400
2015-04-02,3.88,3.97,3.84,3.97,3.97,202200
2015-04-06,3.94,3.94,3.8,3.84,3.84,281600
2015-04-07,3.83,3.91,3.83,3.89,3.89,148100
2015-04-08,3.87,3.95,3.87,3.91,3.91,123500
2015-04-09,3.89,3.94,3.54,3.55,3.55,1688800
2015-04-10,3.58,3.75,3.49,3.67,3.67,924600
2015-04-13,3.69,3.79,3.68,3.75,3.75,296700
2015-04-14,3.75,3.75,3.68,3.74,3.74,159300
2015-04-15,3.74,3.74,3.55,3.59,3.59,555400
2015-04-16,3.57,3.6,3.54,3.59,3.59,169100
2015-04-17,3.56,3.58,3.45,3.46,3.46,420000
2015-04-20,3.47,3.6,3.46,3.58,3.58,485800
2015-04-21,3.6,3.6,3.54,3.56,3.56,205400
2015-04-22,3.55,3.57,3.5,3.56,3.56,143200
2015-04-23,3.55,3.6,3.52,3.6,3.6,214200
2015-04-24,3.6,3.6,3.53,3.56,3.56,236600
2015-04-27,3.54,3.65,3.49,3.5,3.5,304600
2015-04-28,3.51,3.53,3.49,3.49,3.49,206500
2015-04-29,3.49,3.5,3.46,3.46,3.46,143500
2015-04-30,3.45,3.49,3.36,3.37,3.37,460500
2015-05-01,3.36,3.4,3.34,3.35,3.35,255900
2015-05-04,3.37,3.44,3.34,3.36,3.36,157500
2015-05-05,3.34,3.4,3.29,3.37,3.37,357800
2015-05-06,3.37,3.43,3.35,3.35,3.35,344800
2015-05-07,3.33,3.39,3.33,3.36,3.36,127300
2015-05-08,3.33,3.45,3.26,3.3,3.3,432400
2015-05-11,3.26,3.44,3.26,3.33,3.33,303000
2015-05-12,3.35,3.41,3.26,3.31,3.31,303100
2015-05-13,3.35,3.35,3.27,3.28,3.28,299800
2015-05-14,3.28,3.35,3.25,3.26,3.26,469800
2015-05-15,3.27,3.33,3.24,3.27,3.27,436300
2015-05-18,3.29,3.41,3.24,3.38,3.38,369400
2015-05-19,3.38,3.4,3.33,3.34,3.34,200000
2015-05-20,3.37,3.41,3.31,3.38,3.38,262000
2015-05-21,3.35,3.38,3.3,3.36,3.36,223900
2015-05-22,3.33,3.37,3.3,3.32,3.32,170400
2015-05-26,3.31,3.34,3.28,3.29,3.29,249300
2015-05-27,3.29,3.35,3.28,3.32,3.32,228400
2015-05-28,3.3,3.34,3.28,3.29,3.29,190500
2015-05-29,3.29,3.32,3.28,3.29,3.29,173700
2015-06-01,3.29,3.3,3.24,3.24,3.24,206800
2015-06-02,3.24,3.3,3.23,3.28,3.28,207300
2015-06-03,3.36,3.54,3.3,3.5,3.5,390500
2015-06-04,3.46,3.6,3.46,3.59,3.59,470700
2015-06-05,3.6,3.74,3.59,3.71,3.71,314200
2015-06-08,3.71,3.72,3.57,3.65,3.65,261900
2015-06-09,3.64,3.67,3.57,3.6,3.6,108100
2015-06-10,3.65,3.72,3.61,3.71,3.71,239300
2015-06-11,3.69,3.75,3.67,3.73,3.73,180300
2015-06-12,3.73,3.75,3.68,3.75,3.75,197700
2015-06-15,3.71,3.73,3.63,3.69,3.69,191800
2015-06-16,3.66,3.72,3.62,3.67,3.67,191800
2015-06-17,3.69,3.73,3.62,3.62,3.62,156600
2015-06-18,3.63,3.71,3.6,3.68,3.68,464200
2015-06-19,3.68,3.73,3.66,3.7,3.7,393500
2015-06-22,3.7,3.8,3.69,3.8,3.8,257200
2015-06-23,3.76,3.79,3.71,3.76,3.76,170800
2015-06-24,3.72,3.75,3.62,3.63,3.63,209500
2015-06-25,3.65,3.68,3.61,3.65,3.65,146500
2015-06-26,3.68,3.72,3.65,3.65,3.65,1826200
2015-06-29,3.63,3.7,3.44,3.46,3.46,364800
2015-06-30,3.5,3.55,3.47,3.5,3.5,202500
2015-07-01,3.5,3.5,3.41,3.48,3.48,241500
2015-07-02,3.5,3.5,3.42,3.43,3.43,584000
2015-07-06,3.43,3.49,3.41,3.45,3.45,210600
2015-07-07,3.47,3.47,3.35,3.4,3.4,224300
2015-07-08,3.39,3.42,3.23,3.29,3.29,300100
2015-07-09,3.32,3.38,3.26,3.3,3.3,350000
2015-07-10,3.32,3.35,3.26,3.33,3.33,302500
2015-07-13,3.33,3.4,3.3,3.36,3.36,186000
2015-07-14,3.34,3.39,3.32,3.34,3.34,148500
2015-07-15,3.35,3.35,3.28,3.33,3.33,191700
2015-07-16,3.32,3.38,3.3,3.31,3.31,100300
2015-07-17,3.32,3.32,3.25,3.28,3.28,103100
2015-07-20,3.24,3.31,3.17,3.2,3.2,283000
2015-07-21,3.19,3.2,3.05,3.09,3.09,389700
2015-07-22,3.06,3.23,2.98,3.13,3.13,315800
2015-07-23,3.15,3.15,2.98,2.99,2.99,219400
2015-07-24,3.0,3.06,2.96,3.04,3.04,428700
2015-07-27,3.01,3.03,2.95,2.95,2.95,261100
2015-07-28,2.98,3.07,2.94,3.02,3.02,265200
2015-07-29,3.0,3.05,2.81,2.94,2.94,423200
2015-07-30,2.94,3.01,2.93,2.94,2.94,172700
2015-07-31,2.97,3.05,2.93,3.04,3.04,379300
2015-08-03,3.03,3.07,2.9,2.93,2.93,176600
2015-08-04,2.95,2.97,2.9,2.9,2.9,161200
2015-08-05,2.9,2.95,2.88,2.89,2.89,228100
2015-08-06,2.9,2.9,2.81,2.81,2.81,296000
2015-08-07,2.65,2.74,2.53,2.65,2.65,1682500
2015-08-10,2.7,2.72,2.63,2.7,2.7,476000
2015-08-11,2.68,3.01,2.67,2.68,2.68,509800
2015-08-12,2.66,2.78,2.59,2.75,2.75,330900
2015-08-13,2.75,2.75,2.56,2.63,2.63,402500
2015-08-14,2.6,2.72,2.6,2.7,2.7,268900
2015-08-17,2.7,2.7,2.64,2.67,2.67,205700
2015-08-18,2.66,2.8,2.64,2.69,2.69,262700
2015-08-19,2.67,2.71,2.63,2.64,2.64,194600
2015-08-20,2.64,2.68,2.61,2.62,2.62,196000
2015-08-21,2.52,2.65,2.5,2.6,2.6,236000
2015-08-24,2.5,2.5,2.22,2.35,2.35,804100
2015-08-25,2.45,2.49,2.26,2.32,2.32,280100
2015-08-26,2.39,2.43,2.33,2.41,2.41,292300
2015-08-27,2.43,2.57,2.43,2.52,2.52,209300
2015-08-28,2.5,2.63,2.5,2.62,2.62,296900
2015-08-31,2.58,2.61,2.56,2.61,2.61,151800
2015-09-01,2.52,2.6,2.51,2.53,2.53,295900
2015-09-02,2.57,2.59,2.5,2.5,2.5,159600
2015-09-03,2.53,2.56,2.5,2.51,2.51,323900
2015-09-04,2.47,2.53,2.47,2.5,2.5,223700
2015-09-08,2.53,2.58,2.53,2.57,2.57,182200
2015-09-09,2.58,2.62,2.51,2.53,2.53,213900
2015-09-10,2.5,2.6,2.5,2.54,2.54,2224300
2015-09-11,2.51,2.51,2.37,2.45,2.45,241700
2015-09-14,2.44,2.47,2.38,2.39,2.39,80900
2015-09-15,2.39,2.53,2.39,2.5,2.5,263900
2015-09-16,2.51,2.53,2.47,2.48,2.48,135500
2015-09-17,2.49,2.49,2.42,2.44,2.44,178200
2015-09-18,2.39,2.42,2.35,2.38,2.38,182700
2015-09-21,2.37,2.39,2.29,2.3,2.3,179100
2015-09-22,2.28,2.3,2.21,2.23,2.23,174100
2015-09-23,2.26,2.3,2.24,2.26,2.26,159800
2015-09-24,2.26,2.3,2.23,2.27,2.27,233400
2015-09-25,2.28,2.3,2.21,2.21,2.21,131900
2015-09-28,2.23,2.23,1.8,2.0,2.0,647000
2015-09-29,1.99,2.11,1.98,2.09,2.09,233500
2015-09-30,2.12,2.16,2.01,2.11,2.11,313600
2015-10-01,2.12,2.15,2.09,2.11,2.11,212400
2015-10-02,2.11,2.15,2.07,2.15,2.15,212700
2015-10-05,2.16,2.28,2.14,2.26,2.26,152200
2015-10-06,2.26,2.3,2.24,2.28,2.28,172400
2015-10-07,2.29,2.34,2.29,2.34,2.34,196000
2015-10-08,2.34,2.39,2.31,2.37,2.37,139400
2015-10-09,2.39,2.4,2.36,2.38,2.38,96900
2015-10-12,2.37,2.4,2.31,2.39,2.39,116200
2015-10-13,2.36,2.42,2.35,2.4,2.4,206800
2015-10-14,2.4,2.4,2.3,2.32,2.32,85600
2015-10-15,2.33,2.54,2.3,2.53,2.53,179500
2015-10-16,2.54,2.58,2.45,2.56,2.56,170800
2015-10-19,2.53,2.53,2.39,2.45,2.45,138500
2015-10-20,2.45,2.58,2.42,2.54,2.54,167100
2015-10-21,2.56,2.56,2.4,2.41,2.41,96500
2015-10-22,2.46,2.57,2.46,2.53,2.53,250200
2015-10-23,2.54,2.6,2.47,2.59,2.59,153000
2015-10-26,2.58,2.67,2.57,2.63,2.63,90800
2015-10-27,2.61,2.62,2.49,2.49,2.49,113400
2015-10-28,2.5,2.74,2.48,2.73,2.73,212500
2015-10-29,2.71,2.78,2.62,2.63,2.63,103500
2015-10-30,2.58,2.7,2.5,2.54,2.54,200800
2015-11-02,2.52,2.75,2.52,2.74,2.74,133700
2015-11-03,2.7,2.83,2.68,2.81,2.81,155500
2015-11-04,2.8,2.86,2.77,2.83,2.83,176700
2015-11-05,2.85,2.88,2.83,2.88,2.88,182700
2015-11-06,2.8,2.95,2.8,2.95,2.95,365700
2015-11-09,2.96,2.98,2.85,2.85,2.85,182900
2015-11-10,2.84,2.88,2.71,2.78,2.78,205400
2015-11-11,2.81,2.98,2.78,2.94,2.94,397700
2015-11-12,2.9,2.95,2.88,2.9,2.9,151100
2015-11-13,2.92,2.98,2.9,2.96,2.96,291300
2015-11-16,2.92,3.04,2.92,3.04,3.04,270200
2015-11-17,3.05,3.05,2.97,2.99,2.99,229800
2015-11-18,3.0,3.02,2.96,3.01,3.01,175900
2015-11-19,3.01,3.05,2.97,3.0,3.0,178000
2015-11-20,3.02,3.07,2.97,2.99,2.99,196900
2015-11-23,2.96,3.02,2.96,2.97,2.97,151100
2015-11-24,2.97,3.02,2.91,2.98,2.98,161700
2015-11-25,2.97,3.07,2.97,3.07,3.07,187900
2015-11-27,3.05,3.08,3.05,3.08,3.08,142300
2015-11-30,3.08,3.28,3.02,3.15,3.15,926700
2015-12-01,3.15,3.25,3.06,3.24,3.24,392300
2015-12-02,3.22,3.26,3.13,3.15,3.15,183800
2015-12-03,3.13,3.17,3.08,3.1,3.1,280800
2015-12-04,3.1,3.13,3.07,3.1,3.1,162900
2015-12-07,3.1,3.11,3.02,3.05,3.05,126700
2015-12-08,3.03,3.04,2.96,2.98,2.98,153600
2015-12-09,3.01,3.02,2.89,2.89,2.89,140900
2015-12-10,2.88,3.05,2.88,2.98,2.98,152400
2015-12-11,2.88,2.94,2.8,2.8,2.8,257300
2015-12-14,2.82,2.9,2.81,2.86,2.86,188300
2015-12-15,2.84,3.0,2.82,2.94,2.94,183400
2015-12-16,2.89,2.99,2.89,2.97,2.97,181200
2015-12-17,2.97,3.05,2.94,2.97,2.97,99500
2015-12-18,2.95,3.02,2.88,2.91,2.91,390600
2015-12-21,2.92,2.95,2.82,2.86,2.86,102800
2015-12-22,2.84,2.89,2.8,2.86,2.86,170700
2015-12-23,2.87,2.96,2.83,2.93,2.93,108700
2015-12-24,2.94,3.02,2.94,2.98,2.98,126400
2015-12-28,2.98,2.98,2.86,2.91,2.91,171000
2015-12-29,2.9,3.0,2.9,2.94,2.94,118300
2015-12-30,2.92,3.0,2.85,2.85,2.85,126800
2015-12-31,2.8,2.89,2.73,2.76,2.76,314100
2016-01-04,2.72,2.72,2.56,2.64,2.64,319900
2016-01-05,2.64,2.69,2.61,2.63,2.63,118100
2016-01-06,2.58,2.62,2.53,2.54,2.54,118100
2016-01-07,2.51,2.56,2.45,2.45,2.45,174600
2016-01-08,2.44,2.49,2.38,2.4,2.4,222800
2016-01-11,2.4,2.44,2.35,2.42,2.42,155300
2016-01-12,2.45,2.46,2.35,2.38,2.38,195800
2016-01-13,2.38,2.38,2.13,2.14,2.14,514400
2016-01-14,2.19,2.31,2.11,2.27,2.27,260300
2016-01-15,2.19,2.22,2.04,2.05,2.05,303100
2016-01-19,2.05,2.1,2.01,2.04,2.04,303100
2016-01-20,2.01,2.11,1.86,2.07,2.07,452100
2016-01-21,2.08,2.19,2.04,2.17,2.17,234700
2016-01-22,2.22,2.26,2.13,2.15,2.15,195000
2016-01-25,2.13,2.15,2.05,2.06,2.06,113300
2016-01-26,2.08,2.2,2.04,2.17,2.17,168800
2016-01-27,2.15,2.29,2.12,2.17,2.17,194600
2016-01-28,2.18,2.21,2.15,2.17,2.17,110500
2016-01-29,2.18,2.36,2.17,2.35,2.35,300900
2016-02-01,2.32,2.37,2.24,2.33,2.33,91900
2016-02-02,2.26,2.28,2.2,2.2,2.2,105700
2016-02-03,2.21,2.27,2.12,2.25,2.25,86100
2016-02-04,2.26,2.41,2.26,2.33,2.33,92800
2016-02-05,2.28,2.36,2.09,2.09,2.09,271900
2016-02-08,2.06,2.36,2.06,2.31,2.31,181800
2016-02-09,2.27,2.4,2.27,2.32,2.32,169000
2016-02-10,2.33,2.5,2.33,2.41,2.41,194100
2016-02-11,2.35,2.49,2.3,2.45,2.45,131200
2016-02-12,2.51,2.59,2.44,2.47,2.47,236900
2016-02-16,2.49,2.5,2.32,2.35,2.35,236500
2016-02-17,2.35,2.49,2.34,2.41,2.41,224800
2016-02-18,2.4,2.45,2.36,2.36,2.36,123900
2016-02-19,2.35,2.41,2.34,2.35,2.35,140700
2016-02-22,2.37,2.43,2.31,2.33,2.33,180100
2016-02-23,2.31,2.37,2.16,2.16,2.16,227900
2016-02-24,2.13,2.24,2.08,2.21,2.21,238700
2016-02-25,2.21,2.21,2.14,2.21,2.21,114200
2016-02-26,2.21,2.34,2.21,2.31,2.31,202500
2016-02-29,2.31,2.45,2.3,2.33,2.33,182900
2016-03-01,2.37,2.44,2.36,2.43,2.43,84300
2016-03-02,2.42,2.49,2.42,2.45,2.45,156500
2016-03-03,2.46,2.56,2.42,2.54,2.54,268300
2016-03-04,2.53,2.55,2.47,2.51,2.51,266000
2016-03-07,2.51,2.55,2.4,2.5,2.5,253300
2016-03-08,2.46,2.55,2.46,2.48,2.48,174600
2016-03-09,2.5,2.55,2.48,2.53,2.53,192500
2016-03-10,2.55,2.55,2.45,2.49,2.49,172700
2016-03-11,2.5,2.56,2.5,2.55,2.55,145200
2016-03-14,2.55,2.58,2.46,2.46,2.46,102200
2016-03-15,2.45,2.52,2.4,2.43,2.43,292800
2016-03-16,2.4,2.47,2.36,2.46,2.46,118800
2016-03-17,2.45,2.45,2.31,2.36,2.36,342000
2016-03-18,2.39,2.58,2.34,2.47,2.47,563900
2016-03-21,2.48,2.55,2.48,2.5,2.5,207800
2016-03-22,2.5,2.56,2.43,2.45,2.45,203700
2016-03-23,2.43,2.47,2.29,2.29,2.29,265400
2016-03-24,2.27,2.42,2.21,2.35,2.35,268100
2016-03-28,2.35,2.42,2.29,2.33,2.33,210300
2016-03-29,2.31,2.52,2.28,2.45,2.45,328700
2016-03-30,2.43,2.55,2.43,2.51,2.51,489900
2016-03-31,2.5,2.57,2.47,2.5,2.5,321800
2016-04-01,2.46,2.57,2.45,2.54,2.54,229000
2016-04-04,2.54,2.64,2.48,2.48,2.48,320300
2016-04-05,2.42,2.52,2.42,2.44,2.44,212700
2016-04-06,2.44,2.54,2.44,2.5,2.5,213800
2016-04-07,2.48,2.49,2.38,2.39,2.39,212500
2016-04-08,2.42,2.5,2.42,2.47,2.47,255400
2016-04-11,2.48,2.51,2.43,2.44,2.44,459300
2016-04-12,2.42,2.51,2.42,2.47,2.47,349900
2016-04-13,2.48,2.64,2.45,2.61,2.61,645800
2016-04-14,2.61,2.73,2.55,2.65,2.65,382500
2016-04-15,2.63,2.67,2.59,2.62,2.62,167000
2016-04-18,2.6,2.68,2.56,2.59,2.59,179000
2016-04-19,2.6,2.71,2.6,2.68,2.68,150000
2016-04-20,2.68,2.8,2.65,2.75,2.75,140200
2016-04-21,2.75,2.8,2.73,2.75,2.75,183000
2016-04-22,2.74,2.8,2.7,2.75,2.75,163100
2016-04-25,2.76,2.78,2.67,2.69,2.69,173000
2016-04-26,2.73,2.8,2.66,2.78,2.78,160900
2016-04-27,2.76,2.8,2.72,2.78,2.78,102800
2016-04-28,2.74,2.8,2.68,2.69,2.69,154300
2016-04-29,2.68,2.76,2.67,2.68,2.68,188200
2016-05-02,2.68,2.7,2.63,2.65,2.65,159200
2016-05-03,2.6,2.64,2.54,2.58,2.58,154200
2016-05-04,2.61,2.61,2.48,2.49,2.49,126300
2016-05-05,2.5,2.53,2.36,2.37,2.37,128300
2016-05-06,2.39,2.43,2.34,2.39,2.39,161200
2016-05-09,2.36,2.45,2.36,2.37,2.37,172400
2016-05-10,2.39,2.46,2.37,2.44,2.44,175700
2016-05-11,2.44,2.47,2.39,2.39,2.39,92700
2016-05-12,2.4,2.44,2.35,2.37,2.37,101500
2016-05-13,2.37,2.4,2.33,2.35,2.35,118000
2016-05-16,2.37,2.45,2.37,2.4,2.4,173300
2016-05-17,2.42,2.45,2.32,2.33,2.33,510600
2016-05-18,2.34,2.43,2.32,2.4,2.4,184900
2016-05-19,2.38,2.44,2.37,2.37,2.37,156800
2016-05-20,2.39,2.46,2.3,2.4,2.4,293100
2016-05-23,2.41,2.44,2.38,2.42,2.42,230700
2016-05-24,2.43,2.68,2.39,2.58,2.58,413900
2016-05-25,2.58,2.68,2.5,2.61,2.61,378300
2016-05-26,2.63,2.69,2.59,2.64,2.64,210600
2016-05-27,2.7,2.73,2.62,2.7,2.7,169200
2016-05-31,2.71,2.73,2.65,2.66,2.66,204700
2016-06-01,2.61,2.7,2.59,2.68,2.68,173500
2016-06-02,2.68,2.72,2.63,2.68,2.68,182400
2016-06-03,2.68,2.68,2.56,2.59,2.59,191700
2016-06-06,2.57,2.7,2.56,2.69,2.69,192900
2016-06-07,2.68,2.69,2.62,2.63,2.63,123700
2016-06-08,2.62,2.67,2.55,2.65,2.65,164500
2016-06-09,2.61,2.61,2.46,2.5,2.5,241400
2016-06-10,2.45,2.47,2.4,2.43,2.43,221700
2016-06-13,2.38,2.5,2.38,2.45,2.45,124100
2016-06-14,2.41,2.5,2.41,2.48,2.48,125000
2016-06-15,2.46,2.5,2.45,2.45,2.45,88800
2016-06-16,2.4,2.5,2.4,2.48,2.48,150300
2016-06-17,2.46,2.51,2.4,2.43,2.43,484800
2016-06-20,2.46,2.52,2.46,2.47,2.47,131600
2016-06-21,2.48,2.49,2.43,2.46,2.46,82000
2016-06-22,2.43,2.49,2.41,2.41,2.41,83600
2016-06-23,2.45,2.5,2.45,2.48,2.48,137900
2016-06-24,2.36,2.39,2.28,2.34,2.34,439100
2016-06-27,2.3,2.31,2.25,2.29,2.29,279900
2016-06-28,2.31,2.42,2.31,2.34,2.34,223200
2016-06-29,2.35,2.37,2.25,2.3,2.3,186300
2016-06-30,2.31,2.38,2.26,2.36,2.36,169800
2016-07-01,2.34,2.41,2.33,2.35,2.35,160900
2016-07-05,2.36,2.36,2.25,2.27,2.27,197700
2016-07-06,2.25,2.32,2.25,2.31,2.31,135500
2016-07-07,2.32,2.39,2.3,2.3,2.3,128500
2016-07-08,2.32,2.4,2.32,2.4,2.4,191600
2016-07-11,2.4,2.5,2.39,2.47,2.47,214600
2016-07-12,2.48,2.51,2.45,2.46,2.46,229500
2016-07-13,2.47,2.5,2.43,2.45,2.45,151900
2016-07-14,2.45,2.5,2.44,2.45,2.45,149400
2016-07-15,2.47,2.48,2.42,2.46,2.46,204400
2016-07-18,2.44,2.56,2.42,2.56,2.56,160800
2016-07-19,2.56,2.56,2.47,2.49,2.49,194700
2016-07-20,2.44,2.53,2.42,2.46,2.46,201500
2016-07-21,2.45,2.48,2.4,2.43,2.43,155900
2016-07-22,2.45,2.5,2.41,2.48,2.48,84900
2016-07-25,2.42,2.44,2.38,2.39,2.39,141400
2016-07-26,2.42,2.46,2.4,2.45,2.45,104400
2016-07-27,2.44,2.48,2.38,2.45,2.45,129900
2016-07-28,2.42,2.46,2.42,2.45,2.45,70000
2016-07-29,2.45,2.47,2.4,2.44,2.44,174400
2016-08-01,2.42,2.48,2.35,2.37,2.37,191100
2016-08-02,2.38,2.44,2.34,2.35,2.35,144100
2016-08-03,2.37,2.43,2.37,2.4,2.4,89400
2016-08-04,2.39,2.45,2.39,2.39,2.39,99900
2016-08-05,2.43,2.47,2.36,2.41,2.41,131500
2016-08-08,2.33,2.38,2.3,2.31,2.31,134000
2016-08-09,2.33,2.37,2.33,2.35,2.35,148200
2016-08-10,2.32,2.39,2.32,2.34,2.34,114300
2016-08-11,2.34,2.38,2.34,2.36,2.36,107700
2016-08-12,2.35,2.41,2.35,2.39,2.39,102700
2016-08-15,2.39,2.42,2.36,2.38,2.38,155100
2016-08-16,2.36,2.36,2.23,2.23,2.23,209400
2016-08-17,2.26,2.3,2.23,2.28,2.28,165000
2016-08-18,2.28,2.36,2.28,2.32,2.32,89500
2016-08-19,2.31,2.37,2.3,2.35,2.35,173700
2016-08-22,2.33,2.37,2.28,2.28,2.28,114600
2016-08-23,2.25,2.32,2.25,2.28,2.28,128200
2016-08-24,2.28,2.31,2.2,2.2,2.2,175400
2016-08-25,2.19,2.27,2.13,2.2,2.2,125600
2016-08-26,2.22,2.25,2.18,2.22,2.22,72300
2016-08-29,2.17,2.26,2.17,2.26,2.26,128200
2016-08-30,2.23,2.29,2.23,2.28,2.28,99300
2016-08-31,2.26,2.34,2.26,2.29,2.29,213600
2016-09-01,2.32,2.34,2.27,2.29,2.29,81500
2016-09-02,2.28,2.32,2.28,2.3,2.3,118200
2016-09-06,2.26,2.31,2.26,2.3,2.3,138700
2016-09-07,2.3,2.35,2.29,2.29,2.29,155700
2016-09-08,2.3,2.31,2.25,2.3,2.3,109700
2016-09-09,2.28,2.3,2.22,2.23,2.23,256900
2016-09-12,2.24,2.3,2.18,2.3,2.3,118200
2016-09-13,2.27,2.29,2.18,2.19,2.19,187000
2016-09-14,2.21,2.25,2.07,2.15,2.15,267300
2016-09-15,2.15,2.24,2.14,2.22,2.22,141600
2016-09-16,2.23,2.32,2.18,2.3,2.3,529800
2016-09-19,2.3,2.31,2.23,2.24,2.24,143400
2016-09-20,2.26,2.26,2.23,2.23,2.23,75600
2016-09-21,2.25,2.28,2.22,2.27,2.27,112300
2016-09-22,2.28,2.28,2.21,2.24,2.24,149200
2016-09-23,2.25,2.25,2.11,2.12,2.12,233700
2016-09-26,2.09,2.22,2.09,2.19,2.19,145600
2016-09-27,2.19,2.27,2.14,2.25,2.25,97900
2016-09-28,2.23,2.26,2.2,2.22,2.22,136100
2016-09-29,2.21,2.24,2.16,2.2,2.2,73400
2016-09-30,2.23,2.31,2.2,2.31,2.31,210900
2016-10-03,2.29,2.31,2.26,2.27,2.27,122000
2016-10-04,2.27,2.29,2.21,2.21,2.21,100400
2016-10-05,2.23,2.26,2.21,2.25,2.25,59600
2016-10-06,2.26,2.26,2.18,2.24,2.24,104200
2016-10-07,2.22,2.27,2.21,2.25,2.25,63500
2016-10-10,2.25,2.29,2.25,2.28,2.28,133500
2016-10-11,2.28,2.3,2.23,2.23,2.23,128700
2016-10-12,2.25,2.25,2.22,2.22,2.22,77300
2016-10-13,2.19,2.21,2.09,2.09,2.09,155100
2016-10-14,2.12,2.14,2.09,2.1,2.1,142600
2016-10-17,2.1,2.13,2.07,2.12,2.12,81500
2016-10-18,2.13,2.2,2.12,2.18,2.18,92400
2016-10-19,2.19,2.23,2.17,2.22,2.22,86600
2016-10-20,2.22,2.25,2.18,2.19,2.19,125700
2016-10-21,2.15,2.25,2.15,2.23,2.23,76800
2016-10-24,2.24,2.29,2.21,2.24,2.24,136900
2016-10-25,2.22,2.25,2.2,2.24,2.24,65500
2016-10-26,2.22,2.24,2.14,2.14,2.14,87200
2016-10-27,2.16,2.16,2.04,2.05,2.05,146500
2016-10-28,2.03,2.11,2.01,2.03,2.03,132500
2016-10-31,2.03,2.09,2.0,2.04,2.04,187300
2016-11-01,2.05,2.09,1.96,1.99,1.99,242700
2016-11-02,1.99,2.02,1.87,1.87,1.87,260300
2016-11-03,1.87,1.91,1.82,1.82,1.82,187700
2016-11-04,1.86,1.86,1.63,1.64,1.64,774600
2016-11-07,1.68,1.76,1.65,1.75,1.75,366600
2016-11-08,1.71,1.84,1.7,1.77,1.77,224300
2016-11-09,1.75,2.07,1.75,2.07,2.07,391500
2016-11-10,2.12,2.28,2.05,2.21,2.21,635700
2016-11-11,2.23,2.41,2.2,2.41,2.41,508700
2016-11-14,2.42,2.45,2.28,2.31,2.31,328400
2016-11-15,2.31,2.4,2.27,2.38,2.38,177400
2016-11-16,2.37,2.47,2.34,2.45,2.45,333200
2016-11-17,2.4,2.46,2.31,2.36,2.36,260600
2016-11-18,2.37,2.42,2.27,2.4,2.4,223800
2016-11-21,2.4,2.42,2.32,2.41,2.41,202000
2016-11-22,2.41,2.42,2.33,2.42,2.42,194700
2016-11-23,2.41,2.47,2.35,2.45,2.45,218500
2016-11-25,2.45,2.49,2.42,2.48,2.48,123300
2016-11-28,2.46,2.5,2.37,2.45,2.45,197400
2016-11-29,2.47,2.47,2.36,2.39,2.39,149100
2016-11-30,2.41,2.47,2.39,2.42,2.42,173500
2016-12-01,2.42,2.43,2.33,2.42,2.42,198400
2016-12-02,2.42,2.42,2.32,2.33,2.33,74800
2016-12-05,2.36,2.41,2.34,2.39,2.39,116700
2016-12-06,2.42,2.45,2.38,2.45,2.45,194400
2016-12-07,2.45,2.57,2.44,2.49,2.49,324100
2016-12-08,2.5,2.76,2.47,2.76,2.76,323700
2016-12-09,2.74,2.84,2.73,2.8,2.8,324200
2016-12-12,2.8,2.82,2.61,2.64,2.64,141600
2016-12-13,2.65,2.68,2.58,2.6,2.6,115700
2016-12-14,2.55,2.64,2.55,2.6,2.6,93800
2016-12-15,2.59,2.75,2.57,2.7,2.7,264900
2016-12-16,2.72,2.83,2.67,2.8,2.8,519500
2016-12-19,2.8,2.85,2.68,2.8,2.8,197400
2016-12-20,2.81,2.87,2.78,2.81,2.81,135500
2016-12-21,2.8,2.8,2.64,2.65,2.65,94600
2016-12-22,2.65,2.65,2.53,2.56,2.56,103400
2016-12-23,2.57,2.57,2.48,2.55,2.55,166100
2016-12-27,2.53,2.56,2.45,2.49,2.49,116300
2016-12-28,2.47,2.51,2.42,2.49,2.49,101600
2016-12-29,2.5,2.55,2.45,2.51,2.51,98500
2016-12-30,2.5,2.5,2.42,2.44,2.44,116000
2017-01-03,2.52,2.55,2.44,2.54,2.54,107700
2017-01-04,2.57,2.59,2.51,2.57,2.57,157400
2017-01-05,2.54,2.57,2.43,2.43,2.43,81600
2017-01-06,2.47,2.47,2.37,2.38,2.38,70900
2017-01-09,2.39,2.46,2.35,2.36,2.36,81000
2017-01-10,2.38,2.45,2.34,2.44,2.44,70100
2017-01-11,2.47,2.51,2.45,2.49,2.49,70400
2017-01-12,2.47,2.47,2.35,2.37,2.37,83800
2017-01-13,2.41,2.45,2.37,2.39,2.39,50700
2017-01-17,2.35,2.35,2.25,2.27,2.27,104200
2017-01-18,2.31,2.35,2.23,2.35,2.35,40700
2017-01-19,2.35,2.37,2.25,2.26,2.26,72200
2017-01-20,2.26,2.31,2.2,2.24,2.24,88600
2017-01-23,2.24,2.3,2.24,2.3,2.3,88800
2017-01-24,2.31,2.42,2.25,2.41,2.41,87900
2017-01-25,2.45,2.49,2.41,2.49,2.49,51500
2017-01-26,2.49,2.49,2.38,2.38,2.38,58700
2017-01-27,2.39,2.47,2.28,2.3,2.3,95600
2017-01-30,2.27,2.27,2.24,2.25,2.25,99100
2017-01-31,2.24,2.33,2.19,2.3,2.3,117400
2017-02-01,2.34,2.34,2.22,2.23,2.23,65500
2017-02-02,2.23,2.26,2.17,2.18,2.18,102800
2017-02-03,2.21,2.47,2.21,2.36,2.36,179900
2017-02-06,2.3,2.38,2.29,2.3,2.3,64900
2017-02-07,2.31,2.34,2.17,2.2,2.2,132700
2017-02-08,2.17,2.25,2.12,2.17,2.17,288700
2017-02-09,2.17,2.3,2.15,2.24,2.24,118800
2017-02-10,2.28,2.28,2.21,2.26,2.26,114500
2017-02-13,2.32,2.35,2.23,2.27,2.27,87000
2017-02-14,2.25,2.27,2.17,2.23,2.23,170600
2017-02-15,2.21,2.27,2.2,2.24,2.24,134700
2017-02-16,2.24,2.36,2.19,2.21,2.21,280900
2017-02-17,2.25,2.3,2.21,2.29,2.29,264900
2017-02-21,2.3,2.36,2.26,2.29,2.29,60400
2017-02-22,2.27,2.29,2.24,2.25,2.25,60000
2017-02-23,2.25,2.32,2.24,2.29,2.29,128000
2017-02-24,2.26,2.3,2.24,2.28,2.28,87200
2017-02-27,2.27,2.35,2.27,2.29,2.29,93500
2017-02-28,2.28,2.28,2.2,2.22,2.22,192100
2017-03-01,2.29,2.33,2.22,2.32,2.32,161700
2017-03-02,2.32,2.32,2.2,2.2,2.2,197400
2017-03-03,2.2,2.22,2.17,2.19,2.19,136400
2017-03-06,2.17,2.19,2.15,2.15,2.15,117400
2017-03-07,2.15,2.17,2.11,2.13,2.13,131200
2017-03-08,2.15,2.15,2.07,2.08,2.08,218500
2017-03-09,2.07,2.15,2.05,2.05,2.05,126000
2017-03-10,2.11,2.16,2.06,2.09,2.09,228400
2017-03-13,2.05,2.12,2.05,2.1,2.1,158400
2017-03-14,2.08,2.12,2.06,2.06,2.06,131600
2017-03-15,2.08,2.13,2.05,2.11,2.11,244300
2017-03-16,2.18,2.3,2.15,2.3,2.3,252700
2017-03-17,2.27,2.36,2.26,2.35,2.35,538600
2017-03-20,2.35,2.4,2.32,2.34,2.34,230400
2017-03-21,2.38,2.39,2.25,2.25,2.25,225800
2017-03-22,2.25,2.29,2.17,2.2,2.2,310300
2017-03-23,2.24,2.4,2.21,2.31,2.31,280200
2017-03-24,2.33,2.5,2.3,2.38,2.38,237500
2017-03-27,2.32,2.49,2.32,2.45,2.45,258100
2017-03-28,2.42,2.58,2.42,2.53,2.53,230100
2017-03-29,2.51,2.56,2.43,2.48,2.48,170200
2017-03-30,2.48,2.52,2.42,2.46,2.46,176600
2017-03-31,2.45,2.54,2.43,2.48,2.48,255300
2017-04-03,2.51,2.53,2.47,2.5,2.5,177600
2017-04-04,2.49,2.58,2.48,2.5,2.5,261600
2017-04-05,2.5,2.58,2.45,2.46,2.46,225500
2017-04-06,2.46,2.52,2.44,2.46,2.46,112000
2017-04-07,2.44,2.5,2.44,2.44,2.44,67400
2017-04-10,2.67,2.67,2.38,2.44,2.44,120400
2017-04-11,2.47,2.5,2.42,2.48,2.48,131900
2017-04-12,2.46,2.48,2.42,2.43,2.43,68100
2017-04-13,2.42,2.49,2.4,2.43,2.43,138000
2017-04-17,2.44,2.52,2.43,2.52,2.52,147600
2017-04-18,2.48,2.57,2.45,2.56,2.56,178100
2017-04-19,2.57,2.6,2.47,2.48,2.48,186800
2017-04-20,2.51,2.54,2.39,2.44,2.44,259700
2017-04-21,2.45,2.45,2.34,2.38,2.38,242700
2017-04-24,2.39,2.52,2.39,2.46,2.46,171800
2017-04-25,2.49,2.59,2.44,2.5,2.5,191000
2017-04-26,2.49,2.62,2.49,2.58,2.58,274200
2017-04-27,2.6,2.71,2.55,2.7,2.7,379600
2017-04-28,2.67,2.82,2.66,2.78,2.78,408700
2017-05-01,2.73,2.82,2.64,2.66,2.66,195300
2017-05-02,2.64,2.72,2.61,2.68,2.68,201300
2017-05-03,2.64,2.71,2.64,2.68,2.68,187500
2017-05-04,2.72,2.72,2.65,2.7,2.7,111500
2017-05-05,2.7,2.75,2.64,2.68,2.68,142300
2017-05-08,2.68,2.71,2.45,2.64,2.64,161000
2017-05-09,2.66,2.7,2.37,2.39,2.39,362200
2017-05-10,2.43,2.56,2.4,2.51,2.51,158700
2017-05-11,2.48,2.55,2.46,2.47,2.47,112500
2017-05-12,2.44,2.51,2.42,2.45,2.45,76300
2017-05-15,2.42,2.49,2.34,2.46,2.46,156400
2017-05-16,2.48,2.48,2.31,2.32,2.32,353900
2017-05-17,2.28,2.34,2.18,2.22,2.22,532900
2017-05-18,2.22,2.31,2.18,2.2,2.2,209400
2017-05-19,2.37,2.37,2.12,2.13,2.13,419800
2017-05-22,2.15,2.25,2.14,2.22,2.22,409600
2017-05-23,2.27,2.31,2.2,2.22,2.22,162500
2017-05-24,2.2,2.31,2.18,2.23,2.23,174200
2017-05-25,2.24,2.27,2.2,2.23,2.23,98000
2017-05-26,2.21,2.29,2.21,2.23,2.23,109300
2017-05-30,2.22,2.22,2.14,2.15,2.15,133500
2017-05-31,2.16,2.19,2.11,2.14,2.14,230100
2017-06-01,2.17,2.25,2.13,2.21,2.21,240000
2017-06-02,2.22,2.38,2.22,2.3,2.3,196900
2017-06-05,2.31,2.34,2.22,2.22,2.22,117400
2017-06-06,2.19,2.29,2.17,2.24,2.24,104900
2017-06-07,2.24,2.33,2.2,2.26,2.26,173200
2017-06-08,2.27,2.45,2.25,2.38,2.38,173500
2017-06-09,2.4,2.49,2.36,2.43,2.43,233100
2017-06-12,2.43,2.5,2.37,2.45,2.45,212600
2017-06-13,2.46,2.47,2.4,2.45,2.45,105900
2017-06-14,2.45,2.48,2.38,2.44,2.44,150000
2017-06-15,2.39,2.52,2.39,2.44,2.44,183800
2017-06-16,2.39,2.41,2.31,2.33,2.33,327200
2017-06-19,2.37,2.44,2.35,2.42,2.42,149900
2017-06-20,2.39,2.42,2.3,2.33,2.33,161200
2017-06-21,2.34,2.41,2.33,2.34,2.34,171800
2017-06-22,2.36,2.37,2.3,2.34,2.34,152800
2017-06-23,2.31,2.5,2.31,2.48,2.48,476500
2017-06-26,2.45,2.5,2.45,2.46,2.46,127000
2017-06-27,2.44,2.5,2.34,2.34,2.34,118100
2017-06-28,2.38,2.58,2.38,2.46,2.46,258800
2017-06-29,2.47,2.5,2.46,2.48,2.48,238200
2017-06-30,2.5,2.5,2.43,2.44,2.44,140000
2017-07-03,2.46,2.47,2.44,2.46,2.46,35300
2017-07-05,2.43,2.49,2.43,2.48,2.48,131300
2017-07-06,2.46,2.5,2.41,2.44,2.44,129600
2017-07-07,2.45,2.49,2.42,2.49,2.49,140500
2017-07-10,2.49,2.5,2.41,2.41,2.41,131300
2017-07-11,2.42,2.49,2.38,2.49,2.49,176700
2017-07-12,2.48,2.55,2.45,2.51,2.51,247900
2017-07-13,2.48,2.52,2.46,2.5,2.5,197900
2017-07-14,2.47,2.51,2.44,2.47,2.47,127400
