Date,Open,High,Low,Close,Adj Close,Volume
2010-01-04,11.23,11.45,11.15,10.32808,11.3,9306600
2010-01-05,11.24,11.36,11.21,10.34636,11.32,11366100
2010-01-06,11.26,11.38,11.21,10.291521000000001,11.26,6537800
2010-01-07,11.1,11.19,10.93,10.044742999999999,10.99,15390800
2010-01-08,10.97,11.05,10.88,9.962484,10.9,11002500
2010-01-11,10.91,10.98,10.83,9.953345,10.89,8778400
2010-01-12,10.7,10.84,10.62,9.843665,10.77,21501800
2010-01-13,10.9,10.98,10.81,9.971622,10.91,14237000
2010-01-14,10.79,10.95,10.79,9.925924,10.86,10650200
2010-01-15,11.02,11.07,10.8,9.953345,10.89,22440700
2010-01-19,10.9,10.95,10.75,9.907644,10.84,16891000
2010-01-20,10.78,10.85,10.62,9.889364,10.82,24022200
2010-01-21,10.83,10.94,10.47,9.679147,10.59,19218100
2010-01-22,10.56,10.64,10.3,9.478069999999999,10.37,12608200
2010-01-25,10.38,10.49,10.11,9.249573,10.12,30554200
2010-01-26,10.11,10.17,9.93,9.149034,10.01,42123300
2010-01-27,9.97,10.39,9.95,9.468931,10.36,23699200
2010-01-28,10.34,10.41,10.17,9.368392,10.25,18687500
2010-01-29,10.31,10.4,10.1,9.286131,10.16,13777800
2010-02-01,10.12,10.16,10.03,9.213014,10.08,13970400
2010-02-02,10.08,10.26,10.05,9.368392,10.25,15094300
2010-02-03,10.31,10.56,10.26,9.560328,10.46,21304300
2010-02-04,10.42,10.43,10.12,9.286131,10.16,12453700
2010-02-05,10.22,10.33,10.01,9.331833,10.21,15281000
2010-02-08,10.15,10.32,10.07,9.286131,10.16,10408700
2010-02-09,10.1,10.21,10.02,9.185594,10.05,20451700
2010-02-10,10.15,10.3,10.09,9.231294,10.1,42206400
2010-02-11,10.7,11.19,10.66,10.117861999999999,11.07,56354800
2010-02-12,10.97,11.15,10.82,10.154421000000001,11.11,19642600
2010-02-16,11.12,11.15,10.98,10.063024,11.01,14720100
2010-02-17,11.03,11.21,10.99,10.190982,11.15,19776400
2010-02-18,11.07,11.08,10.76,10.052013,10.85,21827100
2010-02-19,10.8,11.03,10.77,9.996426,10.79,20025000
2010-02-22,10.8,10.83,10.62,9.848194,10.63,15143600
2010-02-23,10.63,10.77,10.5,9.774077,10.55,13031000
2010-02-24,10.57,10.8,10.57,9.922309,10.71,11102600
2010-02-25,10.59,10.75,10.47,9.931574000000001,10.72,15238300
2010-02-26,10.65,10.81,10.61,9.848194,10.63,12834200
2010-03-01,10.74,10.95,10.7,10.135394,10.94,15566100
2010-03-02,10.74,10.95,10.74,10.014955,10.81,19310800
2010-03-03,10.8,11.09,10.78,10.163189,10.97,19886400
2010-03-04,11.01,11.03,10.83,10.218776,11.03,14591300
2010-03-05,11.09,11.09,10.94,10.218776,11.03,13499000
2010-03-08,11.03,11.12,10.95,10.292891000000001,11.11,9033300
2010-03-09,11.09,11.21,11.05,10.292891000000001,11.11,9534800
2010-03-10,11.13,11.27,11.1,10.357743,11.18,11958800
2010-03-11,11.21,11.55,11.16,10.663471000000001,11.51,18543900
2010-03-12,11.51,11.58,11.35,10.626414,11.47,18231500
2010-03-15,11.46,11.57,11.35,10.691265,11.54,10987000
2010-03-16,11.52,11.66,11.47,10.783911,11.64,16616600
2010-03-17,11.58,11.85,11.57,10.922877,11.79,15791600
2010-03-18,11.76,12.18,11.72,11.080375,11.96,26671300
2010-03-19,12.0,12.08,11.68,10.950672,11.82,15778700
2010-03-22,11.85,12.03,11.77,11.080375,11.96,10229200
2010-03-23,11.93,12.07,11.88,11.089641,11.97,10699700
2010-03-24,12.05,12.05,11.85,11.052583,11.93,10483100
2010-03-25,11.96,12.1,11.81,10.941408000000001,11.81,15387700
2010-03-26,11.84,12.05,11.8,11.089641,11.97,7051500
2010-03-29,12.0,12.07,11.88,11.024788000000001,11.9,6948000
2010-03-30,11.93,12.08,11.85,11.145226,12.03,8867700
2010-03-31,12.0,12.11,11.9,11.163756,12.05,7404800
2010-04-01,12.08,12.24,11.83,11.043318,11.92,12729800
2010-04-05,12.0,12.09,11.95,11.145226,12.03,9001700
2010-04-06,12.0,12.18,11.98,11.182284,12.07,11981500
2010-04-07,12.01,12.14,11.94,11.219344,12.11,12221600
2010-04-08,12.06,12.22,11.96,11.22861,12.12,10864800
2010-04-09,12.16,12.5,12.16,11.562130999999999,12.48,12125700
2010-04-12,12.5,12.56,12.4,11.580658999999999,12.5,11925400
2010-04-13,12.5,12.58,12.18,11.367578,12.27,19151100
2010-04-14,12.28,12.34,11.89,11.024788000000001,11.9,28888600
2010-04-15,11.81,11.95,11.54,10.811706,11.67,37007900
2010-04-16,11.77,11.92,11.6,10.922877,11.79,24392800
2010-04-19,11.67,11.77,11.53,10.830233999999999,11.69,13600100
2010-04-20,11.71,11.95,11.64,10.996995,11.87,14101900
2010-04-21,11.83,11.9,11.71,10.885821,11.75,9762000
2010-04-22,11.74,11.76,11.52,10.737588,11.59,18943000
2010-04-23,11.63,11.64,11.48,10.746853999999999,11.6,15415200
2010-04-26,11.59,11.62,11.39,10.728323,11.58,15499500
2010-04-27,11.58,11.61,11.33,10.598619,11.44,17469300
2010-04-28,11.43,11.47,10.77,10.12613,10.93,43544000
2010-04-29,11.2,11.3,11.1,10.43186,11.26,20128400
2010-04-30,11.23,11.23,11.0,10.265097,11.08,14704600
2010-05-03,11.11,11.17,10.97,10.329948,11.15,13356500
2010-05-04,11.13,11.14,10.83,10.144658999999999,10.95,15407000
2010-05-05,10.82,10.93,10.61,9.959368,10.75,24726500
2010-05-06,10.75,10.83,9.99,9.71849,10.49,21402900
2010-05-07,10.89,11.18,10.44,9.783342,10.56,41308800
2010-05-10,11.01,11.15,10.83,10.089072,10.89,13416100
2010-05-11,10.9,11.03,10.75,10.098335,10.9,13524600
2010-05-12,10.88,11.17,10.79,10.302155,11.12,15856400
2010-05-13,11.1,11.15,10.92,10.153924,10.96,10498300
2010-05-14,10.89,10.89,10.57,9.903781,10.69,14041800
2010-05-17,10.66,10.76,10.48,9.959368,10.75,11719400
2010-05-18,10.75,10.87,10.57,9.848194,10.63,14347700
2010-05-19,10.57,10.68,10.46,9.73702,10.51,11167600
2010-05-20,10.37,10.53,10.29,9.59805,10.36,16172100
2010-05-21,10.1,10.4,10.01,9.486875999999999,10.24,14324900
2010-05-24,10.21,10.41,10.21,9.496141,10.25,11794000
2010-05-25,10.03,10.32,10.02,9.523933999999999,10.28,18986400
2010-05-26,10.29,10.59,10.11,9.746284,10.52,18214900
2010-05-27,10.66,10.81,10.6,9.950103,10.74,14898400
2010-05-28,10.77,10.85,10.62,9.959368,10.75,9435900
2010-06-01,10.75,10.84,10.56,9.792605,10.57,8156400
2010-06-02,10.63,10.82,10.55,10.014955,10.81,9826100
2010-06-03,10.85,11.05,10.81,10.190982,11.0,10171700
2010-06-04,10.82,10.95,10.66,9.913044000000001,10.7,14654300
2010-06-07,10.71,10.9,10.57,9.820399,10.6,11924300
2010-06-08,10.65,10.71,10.41,9.755548,10.53,9075700
2010-06-09,10.56,10.63,10.37,9.625845,10.39,8695000
2010-06-10,10.48,10.69,10.48,9.903781,10.69,8137100
2010-06-11,10.6,10.88,10.55,10.061278,10.86,9002000
2010-06-14,10.97,11.17,10.93,10.135394,10.94,9878000
2010-06-15,11.04,11.36,10.99,10.505975999999999,11.34,13529000
2010-06-16,11.2,11.3,11.09,10.329948,11.15,11254000
2010-06-17,11.19,11.55,11.16,10.524505,11.36,18223500
2010-06-18,11.34,11.59,11.3,10.626414,11.47,13824300
2010-06-21,11.61,11.65,11.35,10.691265,11.54,17698000
2010-06-22,11.54,11.6,11.16,10.376271000000001,11.2,13707200
2010-06-23,11.17,11.26,11.09,10.385536,11.21,11675300
2010-06-24,11.17,11.25,11.0,10.209511000000001,11.02,6774100
2010-06-25,11.09,11.15,10.93,10.190982,11.0,12790100
2010-06-28,11.08,11.08,10.89,10.209511000000001,11.02,7098600
2010-06-29,10.81,10.88,10.54,9.820399,10.6,10879400
2010-06-30,10.63,10.81,10.47,9.71849,10.49,13219500
2010-07-01,10.48,10.66,10.32,9.727755,10.5,9840700
2010-07-02,10.5,10.69,10.35,9.857457,10.64,8597500
2010-07-06,10.78,10.82,10.41,9.764813,10.54,9297800
2010-07-07,10.54,10.99,10.53,10.172452,10.98,12254700
2010-07-08,11.0,11.1,10.87,10.255832,11.07,10224100
2010-07-09,11.08,11.13,10.99,10.274362,11.09,4053700
2010-07-12,11.05,11.13,10.93,10.302155,11.12,9768200
2010-07-13,11.22,11.44,11.11,10.570827,11.41,12004900
2010-07-14,11.43,11.54,11.2,10.468917999999999,11.3,8141900
2010-07-15,11.32,11.42,11.19,10.496711,11.33,7269300
2010-07-16,11.36,11.39,11.08,10.302155,11.12,9854100
2010-07-19,11.18,11.48,11.12,10.543034,11.38,11866500
2010-07-20,11.2,11.47,11.16,10.617149000000001,11.46,5556600
2010-07-21,11.48,11.5,11.21,10.41333,11.24,8037900
2010-07-22,11.34,11.78,11.34,10.765382,11.62,21110100
2010-07-23,11.63,11.85,11.57,10.867291999999999,11.73,10134000
2010-07-26,11.77,12.04,11.7,11.034054,11.91,11466200
2010-07-27,12.02,12.04,11.77,11.061846000000001,11.94,17841500
2010-07-28,11.97,11.99,11.73,10.98773,11.86,9976900
2010-07-29,11.92,11.94,11.57,10.913614,11.78,8134800
2010-07-30,11.65,11.95,11.6,11.006261,11.88,5960800
2010-08-02,11.92,12.09,11.85,11.071112,11.95,13797200
2010-08-03,11.85,11.85,11.44,10.682001,11.53,21343000
2010-08-04,11.62,11.84,11.56,10.941408000000001,11.81,17643400
2010-08-05,11.81,11.91,11.68,10.885821,11.75,12934500
2010-08-06,10.91,11.21,10.88,10.181716,10.99,33973500
2010-08-09,11.08,11.12,10.95,10.172452,10.98,19478400
2010-08-10,10.9,11.16,10.78,10.246568,11.06,17922300
2010-08-11,10.88,11.08,10.84,10.163189,10.97,17087600
2010-08-12,10.84,10.97,10.76,10.033484,10.83,13796400
2010-08-13,10.75,10.94,10.75,10.070542,10.87,12748900
2010-08-16,10.86,11.02,10.8,10.079806,10.88,9488600
2010-08-17,10.92,11.08,10.86,10.1076,10.91,11162600
2010-08-18,10.88,11.15,10.86,10.190982,11.0,10295600
2010-08-19,10.98,11.11,10.91,10.200246,11.01,9907100
2010-08-20,10.98,11.09,10.94,10.246568,11.06,7001700
2010-08-23,11.09,11.15,10.78,10.089072,10.89,13582100
2010-08-24,10.8,10.87,10.63,9.959368,10.75,15084100
2010-08-25,10.66,11.0,10.65,10.181716,10.99,10442200
2010-08-26,10.99,11.09,10.75,9.987161,10.78,10516600
2010-08-27,10.81,10.87,10.64,9.959368,10.75,13278000
2010-08-30,10.69,10.79,10.6,9.820399,10.6,10946900
2010-08-31,10.55,10.75,10.52,9.894517,10.68,13491800
2010-09-01,10.82,10.94,10.8,10.1076,10.91,10233200
2010-09-02,10.86,11.01,10.81,10.200246,11.01,9372800
2010-09-03,11.14,11.22,11.04,10.385536,11.21,6527400
2010-09-07,11.11,11.19,11.0,10.218776,11.03,5432400
2010-09-08,11.08,11.22,11.03,10.302155,11.12,5915000
2010-09-09,11.16,11.25,11.09,10.385536,11.21,5226100
2010-09-10,11.15,11.25,11.05,10.311419,11.13,5613700
2010-09-13,11.17,11.28,11.11,10.41333,11.24,6875800
2010-09-14,11.22,11.39,11.14,10.515239999999999,11.35,8665400
2010-09-15,11.27,11.35,11.17,10.459652,11.29,6495800
2010-09-16,11.25,11.3,10.69,9.959368,10.75,34842300
2010-09-17,10.83,10.9,10.74,10.024221,10.82,14468800
2010-09-20,10.89,10.98,10.81,10.12613,10.93,9806400
2010-09-21,10.93,11.03,10.87,10.135394,10.94,6692000
2010-09-22,10.95,11.13,10.95,10.209511000000001,11.02,6073300
2010-09-23,10.94,11.05,10.89,10.098335,10.9,5510600
2010-09-24,11.0,11.0,10.79,10.005692,10.8,9830700
2010-09-27,10.88,10.96,10.82,10.024221,10.82,7999700
2010-09-28,10.93,11.2,10.84,10.339213,11.16,11121400
2010-09-29,11.12,11.16,10.95,10.190982,11.0,8097200
2010-09-30,11.1,11.15,10.78,10.024221,10.82,18906600
2010-10-01,10.9,10.93,10.78,10.070542,10.87,8072400
2010-10-04,10.89,11.09,10.89,10.181716,10.99,7607500
2010-10-05,11.1,11.35,11.07,10.515239999999999,11.35,13208000
2010-10-06,11.35,11.35,11.03,10.283628,11.1,7963500
2010-10-07,11.15,11.25,11.01,10.209511000000001,11.02,10392000
2010-10-08,11.01,11.14,10.95,10.292891000000001,11.11,8185100
2010-10-11,11.1,11.21,11.07,10.311419,11.13,5046800
2010-10-12,11.13,11.27,10.99,10.422594,11.25,7038700
2010-10-13,11.27,11.5,11.26,10.468917999999999,11.3,9008200
2010-10-14,11.5,11.55,11.26,10.635677000000001,11.48,6694500
2010-10-15,11.48,11.61,11.21,10.533769,11.37,6835500
2010-10-18,11.34,11.36,11.15,10.422594,11.25,5691200
2010-10-19,11.14,11.23,11.05,10.348479,11.17,6112500
2010-10-20,11.2,11.25,11.07,10.265097,11.08,5874800
2010-10-21,11.12,11.25,10.9,10.422594,11.25,15502800
2010-10-22,11.22,11.24,11.12,10.367007000000001,11.19,4420400
2010-10-25,11.28,11.39,11.23,10.496711,11.33,5740700
2010-10-26,11.2,11.43,11.2,10.459652,11.29,5048000
2010-10-27,11.22,11.34,11.17,10.487447,11.32,5967700
2010-10-28,11.35,11.39,11.2,10.515239999999999,11.35,3857200
2010-10-29,11.32,11.51,11.32,10.617149000000001,11.46,5168200
2010-11-01,11.46,11.59,11.35,10.552299,11.39,7400300
2010-11-02,11.5,11.57,11.41,10.635677000000001,11.48,5712900
2010-11-03,11.54,11.6,11.34,10.607885000000001,11.45,7571800
2010-11-04,11.55,11.7,11.48,10.774646,11.63,10605700
2010-11-05,11.75,11.92,11.18,10.468917999999999,11.3,22237300
2010-11-08,11.33,11.94,11.32,11.006261,11.88,22897800
2010-11-09,11.97,11.97,11.66,10.904349,11.77,14223500
2010-11-10,11.8,11.86,11.67,10.950672,11.82,14500400
2010-11-11,11.73,11.9,11.5,11.015525,11.89,10162200
2010-11-12,11.77,11.84,11.42,10.654207000000001,11.5,21064700
2010-11-15,11.6,11.73,11.5,10.728323,11.58,11920600
2010-11-16,11.5,11.55,11.35,10.635677000000001,11.48,8442300
2010-11-17,11.52,11.73,11.47,10.765382,11.62,12158100
2010-11-18,11.67,11.83,11.65,10.858027,11.72,8366400
2010-11-19,11.71,11.75,11.5,10.820969999999999,11.68,8916200
2010-11-22,11.68,11.84,11.57,10.922877,11.79,5547200
2010-11-23,11.7,11.72,11.47,10.737588,11.59,8138700
2010-11-24,11.66,11.86,11.66,10.876557,11.74,7415400
2010-11-26,11.75,11.85,11.71,10.895086000000001,11.76,2956900
2010-11-29,11.75,11.81,11.51,10.876557,11.74,7805000
2010-11-30,11.69,11.83,11.53,10.876557,11.74,10015600
2010-12-01,11.87,12.1,11.82,11.089641,11.97,9386000
2010-12-02,11.97,12.17,11.95,11.19155,12.08,6746100
2010-12-03,11.97,12.35,11.97,11.395371,12.3,9014300
2010-12-06,12.32,12.36,12.1,11.2564,12.15,8949400
2010-12-07,12.3,12.33,11.99,11.126698,12.01,11366800
2010-12-08,12.01,12.05,11.81,11.10817,11.99,13284500
2010-12-09,12.04,12.2,12.02,11.274931,12.17,5345400
2010-12-10,12.22,12.35,12.1,11.339783,12.24,7676100
2010-12-13,12.32,12.33,11.99,11.135963,12.02,9129700
2010-12-14,12.07,12.19,11.99,11.117433,12.0,7977500
2010-12-15,11.98,12.06,11.87,11.145226,12.03,8713000
2010-12-16,12.07,12.41,12.03,11.321253,12.22,13045000
2010-12-17,12.19,12.27,12.13,11.2564,12.15,8783700
2010-12-20,12.2,12.32,12.12,11.311989,12.21,7583100
2010-12-21,12.23,12.5,12.19,11.330519,12.23,9871900
2010-12-22,12.24,12.65,12.22,11.617719000000001,12.54,12143900
2010-12-23,12.55,12.57,12.41,11.534338,12.45,4729600
2010-12-27,12.44,12.58,12.31,11.626983000000001,12.55,3027500
2010-12-28,12.54,12.58,12.41,11.552866999999999,12.47,2569000
2010-12-29,12.53,12.64,12.5,11.626983000000001,12.55,3344800
2010-12-30,12.55,12.61,12.46,11.645511,12.57,2680700
2010-12-31,12.57,12.58,12.29,11.525072999999999,12.44,7091600
2011-01-03,12.57,12.6,12.42,11.599191000000001,12.52,11721500
2011-01-04,12.55,12.64,12.4,11.608455000000001,12.53,8107400
2011-01-05,12.4,12.46,12.19,11.386105,12.29,11162000
2011-01-06,12.31,12.34,12.14,11.358313,12.26,4386600
2011-01-07,12.29,12.29,12.07,11.210081,12.1,7033600
2011-01-10,12.02,12.07,11.93,11.089641,11.97,11085100
2011-01-11,12.02,12.03,11.81,11.061846000000001,11.94,10558200
2011-01-12,11.99,11.99,11.8,11.080375,11.96,8548500
2011-01-13,12.0,12.14,11.93,11.154492,12.04,9628100
2011-01-14,12.0,12.05,11.67,10.895086000000001,11.76,14824800
2011-01-18,11.75,11.92,11.63,10.820969999999999,11.68,10226600
2011-01-19,11.62,11.69,11.5,10.663471000000001,11.51,8273100
2011-01-20,11.51,11.57,11.35,10.691265,11.54,7202200
2011-01-21,11.59,11.61,11.18,10.422594,11.25,13320800
2011-01-24,11.28,11.5,11.25,10.533769,11.37,17893300
2011-01-25,11.3,11.43,11.25,10.589356,11.43,7985500
2011-01-26,11.46,11.54,11.31,10.515239999999999,11.35,8668400
2011-01-27,11.35,11.42,11.21,10.404065,11.23,8272100
2011-01-28,11.2,11.42,11.08,10.385536,11.21,8191000
2011-01-31,11.2,11.4,11.2,10.459652,11.29,9243000
2011-02-01,11.29,11.73,11.29,10.793174,11.65,14879700
2011-02-02,11.59,11.83,11.4,10.830233999999999,11.69,12264800
2011-02-03,11.66,11.73,11.42,10.783911,11.64,15146000
2011-02-04,11.67,11.77,11.56,10.876557,11.74,11292600
2011-02-07,11.8,11.84,11.68,10.932143,11.8,6561100
2011-02-08,11.81,11.91,11.71,11.006261,11.88,8110800
2011-02-09,11.9,11.96,11.63,10.830233999999999,11.69,15858000
2011-02-10,10.9,10.99,10.4,9.959368,10.75,49040600
2011-02-11,10.69,10.94,10.6,9.987161,10.78,17570500
2011-02-14,10.82,10.98,10.78,10.144658999999999,10.95,11135600
2011-02-15,10.98,11.0,10.83,10.135394,10.94,9607200
2011-02-16,10.93,11.1,10.9,10.144658999999999,10.95,12136600
2011-02-17,10.96,11.09,10.91,10.218776,11.03,6954300
2011-02-18,11.02,11.17,10.96,10.255832,11.07,9850200
2011-02-22,10.96,11.1,10.9,10.153924,10.96,9212600
2011-02-23,10.94,10.96,10.71,9.996426,10.79,16617000
2011-02-24,10.77,10.98,10.69,9.987161,10.78,12785600
2011-02-25,10.9,11.14,10.79,10.292891000000001,11.11,13528700
2011-02-28,11.16,11.18,10.96,10.302155,11.12,7682200
2011-03-01,11.16,11.17,10.94,10.144658999999999,10.95,6940200
2011-03-02,10.97,11.09,10.87,10.190982,11.0,10546500
2011-03-03,11.08,11.23,11.07,10.385536,11.21,7879400
2011-03-04,11.22,11.27,11.16,10.441123,11.27,6573900
2011-03-07,11.3,11.31,10.85,10.1076,10.91,10485400
2011-03-08,10.94,11.19,10.94,10.292891000000001,11.11,5601300
2011-03-09,11.09,11.15,11.0,10.292891000000001,11.11,6757900
2011-03-10,10.99,11.15,10.94,10.22804,11.04,13408600
2011-03-11,10.97,11.05,10.9,10.237304,11.05,8266700
2011-03-14,10.81,10.95,10.71,10.242007000000001,10.89,19790600
2011-03-15,10.55,10.96,10.53,10.194982000000001,10.84,13095900
2011-03-16,10.75,10.82,10.47,9.856402000000001,10.48,13330400
2011-03-17,10.61,10.69,10.41,9.828188,10.45,8363000
2011-03-18,10.6,10.75,10.53,9.978667,10.61,10856400
2011-03-21,10.7,10.92,10.65,10.110336,10.75,4826300
2011-03-22,10.73,10.84,10.63,10.100932,10.74,5228100
2011-03-23,10.69,10.89,10.59,10.194982000000001,10.84,10834600
2011-03-24,10.86,11.07,10.85,10.307841,10.96,8643900
2011-03-25,11.04,11.11,10.97,10.326651,10.98,5674700
2011-03-28,10.98,11.02,10.87,10.317247,10.97,6614900
2011-03-29,10.97,11.07,10.88,10.307841,10.96,6726100
2011-03-30,11.05,11.06,10.91,10.317247,10.97,7176700
2011-03-31,10.97,11.09,10.93,10.317247,10.97,7539800
2011-04-01,11.0,11.05,10.91,10.354867,11.01,7814400
2011-04-04,11.01,11.05,10.99,10.354867,11.01,4151400
2011-04-05,11.0,11.04,10.92,10.317247,10.97,8435900
2011-04-06,11.06,11.45,11.04,10.674636,11.35,13619400
2011-04-07,11.32,11.34,11.07,10.4207,11.08,13810300
2011-04-08,11.09,11.31,11.08,10.47713,11.14,13013900
2011-04-11,11.17,11.19,11.07,10.467727,11.13,5716700
2011-04-12,11.05,11.12,10.98,10.364272,11.02,6397600
2011-04-13,11.03,11.24,11.02,10.467727,11.13,6094700
2011-04-14,11.04,11.24,10.97,10.542964999999999,11.21,7624700
2011-04-15,11.3,11.34,11.1,10.561776,11.23,8303800
2011-04-18,11.12,11.21,10.99,10.486536,11.15,5653500
2011-04-19,11.18,11.34,11.16,10.552371,11.22,8509600
2011-04-20,11.35,11.43,11.28,10.618203999999999,11.29,7506800
2011-04-21,11.28,11.38,11.27,10.646419999999999,11.32,4830900
2011-04-25,11.32,11.39,11.23,10.580585000000001,11.25,4405700
2011-04-26,11.26,11.45,11.26,10.731065,11.41,6300000
2011-04-27,11.42,11.59,11.39,10.900354,11.59,4898900
2011-04-28,11.54,11.62,11.49,10.881544,11.57,4300000
2011-04-29,11.55,11.59,11.37,10.702849,11.38,8734000
2011-05-02,11.42,11.51,11.27,10.749875,11.43,7806400
2011-05-03,11.42,11.5,11.32,10.778089999999999,11.46,4396300
2011-05-04,11.42,11.47,11.23,10.646419999999999,11.32,5125300
2011-05-05,11.22,11.35,11.13,10.58999,11.26,6400000
2011-05-06,11.34,11.51,11.27,10.759278,11.44,6602500
2011-05-09,11.4,11.6,11.33,10.843924000000001,11.53,9057500
2011-05-10,11.24,11.66,11.1,10.919164,11.61,19552200
2011-05-11,11.65,11.75,11.44,10.85333,11.54,9400000
2011-05-12,11.55,11.8,11.49,11.003809,11.7,8000000
2011-05-13,11.69,11.8,11.51,10.825115,11.51,7316900
2011-05-16,11.5,11.5,11.28,10.618203999999999,11.29,7352200
2011-05-17,11.29,11.4,11.23,10.684041,11.36,6079500
2011-05-18,11.33,11.57,11.26,10.843924000000001,11.53,5938600
2011-05-19,11.61,11.75,11.57,11.003809,11.7,5555100
2011-05-20,11.67,11.75,11.57,10.90976,11.6,4951600
2011-05-23,11.52,11.54,11.29,10.787496,11.47,8000000
2011-05-24,11.47,11.52,11.23,10.580585000000001,11.25,7627800
2011-05-25,11.25,11.45,11.2,10.702849,11.38,6713900
2011-05-26,11.36,11.51,11.29,10.796899,11.48,4783100
2011-05-27,11.45,11.56,11.39,10.768683,11.45,3940100
2011-05-31,11.53,11.99,11.53,11.276552,11.99,11130800
2011-06-01,11.96,12.06,11.87,11.220121,11.93,17011600
2011-06-02,11.94,12.0,11.88,11.238933,11.95,11108100
2011-06-03,11.85,12.03,11.77,11.135479,11.84,7049200
2011-06-06,11.8,11.88,11.65,11.003809,11.7,6164400
2011-06-07,11.72,11.73,11.55,10.881544,11.57,7330000
2011-06-08,11.58,11.62,11.31,10.693445,11.37,11915900
2011-06-09,11.33,11.46,11.28,10.655825,11.33,6036700
2011-06-10,11.32,11.58,11.26,10.778089999999999,11.46,8224200
2011-06-13,11.45,11.54,11.4,10.778089999999999,11.46,5264900
2011-06-14,11.54,11.58,11.43,10.787496,11.47,6207200
2011-06-15,11.41,11.41,11.14,10.49594,11.16,8160000
2011-06-16,11.15,11.3,11.03,10.439511,11.1,5421800
2011-06-17,11.15,11.32,10.85,10.223197,10.87,17973700
2011-06-20,10.86,11.04,10.85,10.326651,10.98,6230000
2011-06-21,11.06,11.28,10.92,10.524156,11.19,16131400
2011-06-22,11.17,11.38,11.14,10.637017,11.31,7623800
2011-06-23,11.24,11.41,11.16,10.702849,11.38,9608100
2011-06-24,11.49,11.49,11.25,10.618203999999999,11.29,16441800
2011-06-27,11.27,11.49,11.21,10.702849,11.38,4798600
2011-06-28,11.39,11.6,11.33,10.900354,11.59,6695400
2011-06-29,11.62,11.76,11.5,10.994403,11.69,6435300
2011-06-30,11.74,11.79,11.67,10.984999,11.68,6501800
2011-07-01,11.71,11.88,11.64,11.135479,11.84,3530600
2011-07-05,11.83,11.84,11.7,11.097857000000001,11.8,2994700
2011-07-06,11.81,11.97,11.75,11.248338,11.96,6093900
2011-07-07,11.99,12.1,11.9,11.323577,12.04,7370700
2011-07-08,11.96,12.12,11.85,11.351792,12.07,8736400
2011-07-11,11.97,12.0,11.75,11.144884,11.85,4422900
2011-07-12,11.85,11.95,11.76,11.126073,11.83,5444400
2011-07-13,11.9,12.02,11.84,11.191908999999999,11.9,5551100
2011-07-14,11.89,11.97,11.75,11.135479,11.84,5789100
2011-07-15,11.87,11.98,11.8,11.201314,11.91,5698600
2011-07-18,11.83,11.9,11.55,11.003809,11.7,4657300
2011-07-19,11.8,11.97,11.76,11.182504,11.89,5747200
2011-07-20,11.85,11.98,11.72,11.191908999999999,11.9,5332600
2011-07-21,11.91,12.07,11.83,11.210718,11.92,7098900
2011-07-22,11.9,12.05,11.86,11.276552,11.99,6203200
2011-07-25,11.93,12.23,11.88,11.445841999999999,12.17,8500300
2011-07-26,12.15,12.3,12.09,11.417627,12.14,6944600
2011-07-27,12.1,12.24,11.86,11.210718,11.92,8286700
2011-07-28,11.97,12.08,11.82,11.163692,11.87,6222400
2011-07-29,11.8,12.0,11.68,11.135479,11.84,7142100
2011-08-01,11.99,12.06,11.68,11.144884,11.85,5640000
2011-08-02,11.77,12.01,11.65,10.994403,11.69,10076000
2011-08-03,11.73,11.95,11.51,11.116667999999999,11.82,13565200
2011-08-04,12.01,12.1,11.56,10.87214,11.56,16327500
2011-08-05,11.64,11.77,11.2,10.749875,11.43,13301200
2011-08-08,11.1,11.29,10.79,10.25141,10.9,19740900
2011-08-09,10.94,11.03,10.46,10.307841,10.96,20705700
2011-08-10,10.8,10.94,10.4,9.809379,10.43,13062800
2011-08-11,10.4,10.77,10.4,10.016288000000001,10.65,13245600
2011-08-12,10.71,10.77,10.51,10.072716999999999,10.71,7353400
2011-08-15,10.76,11.0,10.76,10.345462,11.0,7370100
2011-08-16,10.94,10.99,10.72,10.204386999999999,10.85,9993600
2011-08-17,10.9,11.1,10.87,10.373675,11.03,10108100
2011-08-18,10.75,10.87,10.58,10.072716999999999,10.71,12105600
2011-08-19,10.6,10.87,10.6,10.035097,10.67,9627600
2011-08-22,10.93,11.05,10.82,10.326651,10.98,8537600
2011-08-23,11.05,11.26,10.93,10.58999,11.26,6964800
2011-08-24,11.24,11.35,10.99,10.561776,11.23,6632500
2011-08-25,11.22,11.25,11.06,10.448915,11.11,6358900
2011-08-26,11.08,11.3,10.94,10.6088,11.28,6534900
2011-08-29,11.39,11.65,11.28,10.919164,11.61,7581300
2011-08-30,11.55,11.9,11.52,11.116667999999999,11.82,9505400
2011-08-31,11.9,11.98,11.72,11.144884,11.85,5694500
2011-09-01,11.87,11.93,11.57,10.881544,11.57,11912000
2011-09-02,11.4,11.5,11.25,10.655825,11.33,5627400
2011-09-06,11.26,11.56,11.13,10.85333,11.54,8862800
2011-09-07,11.66,11.79,11.6,11.069643,11.77,8048300
2011-09-08,11.74,11.81,11.51,10.900354,11.59,5622600
2011-09-09,11.52,11.62,11.31,10.740469000000001,11.42,5308300
2011-09-12,11.3,11.51,11.3,10.806305,11.49,6074700
2011-09-13,11.51,11.78,11.46,11.069643,11.77,9088100
2011-09-14,11.8,12.13,11.71,11.276552,11.99,9310800
2011-09-15,12.09,12.2,11.88,11.351792,12.07,5333100
2011-09-16,12.1,12.24,12.02,11.417627,12.14,5385600
2011-09-19,11.99,12.1,11.86,11.323577,12.04,5452500
2011-09-20,12.07,12.23,12.05,11.361197,12.08,4214000
2011-09-21,12.09,12.28,11.91,11.201314,11.91,4509800
2011-09-22,11.69,11.76,11.39,10.862736,11.55,7733900
2011-09-23,11.45,11.8,11.25,11.022619,11.72,7623300
2011-09-26,11.75,12.12,11.66,11.361197,12.08,8736800
2011-09-27,12.22,12.26,12.02,11.455248,12.18,9073700
2011-09-28,12.24,12.3,12.0,11.314173,12.03,5497700
2011-09-29,12.22,12.27,11.7,11.267147,11.98,7138700
2011-09-30,11.82,12.03,11.73,11.191908999999999,11.9,7985900
2011-10-03,11.86,12.11,11.83,11.238933,11.95,10995900
2011-10-04,11.82,12.12,11.61,11.389411,12.11,11411800
2011-10-05,12.11,12.17,11.84,11.427032,12.15,6734100
2011-10-06,12.15,12.58,12.06,11.822042,12.57,9094900
2011-10-07,12.6,12.64,12.39,11.775017,12.52,10623100
2011-10-10,12.64,12.97,12.57,12.19824,12.97,6426400
2011-10-11,12.94,13.05,12.86,12.160621,12.93,8453800
2011-10-12,13.1,13.11,12.71,11.99133,12.75,11436800
2011-10-13,12.74,13.05,12.7,12.151216,12.92,7862000
2011-10-14,12.79,13.0,12.79,12.151216,12.92,5681200
2011-10-17,13.09,13.22,12.84,12.141809,12.91,5632600
2011-10-18,13.02,13.05,12.83,12.235858,13.01,8769900
2011-10-19,13.01,13.09,12.84,12.123,12.89,5623000
2011-10-20,12.95,13.3,12.92,12.480389,13.27,14891000
2011-10-21,13.35,13.5,13.28,12.687297000000001,13.49,8840100
2011-10-24,13.5,13.63,13.35,12.809563,13.62,11634700
2011-10-25,13.59,13.64,13.4,12.724916,13.53,10716100
2011-10-26,13.56,13.58,13.26,12.696702,13.5,10709800
2011-10-27,13.6,13.65,13.29,12.621464,13.42,16933200
2011-10-28,13.41,13.51,13.34,12.659083,13.46,6052600
2011-10-31,13.4,13.49,13.29,12.593247999999999,13.39,7929800
2011-11-01,13.16,13.34,13.01,12.461577,13.25,7557500
2011-11-02,13.36,13.4,13.15,12.499199,13.29,6972400
2011-11-03,13.28,13.5,13.22,12.583843,13.38,12456300
2011-11-04,13.33,13.65,13.31,12.753132,13.56,9695600
2011-11-07,13.6,13.75,13.45,12.922421,13.74,9940800
2011-11-08,14.26,14.4,13.76,13.101116000000001,13.93,26650000
2011-11-09,13.42,13.51,12.9,12.245264,13.02,25290800
2011-11-10,13.15,13.2,12.8,12.207644,12.98,14213800
2011-11-11,13.17,13.18,12.69,11.953710000000001,12.71,15104100
2011-11-14,12.77,12.95,12.71,12.038355000000001,12.8,16403100
2011-11-15,12.18,12.43,12.11,11.492867,12.22,39436400
2011-11-16,12.11,12.45,12.1,11.549294999999999,12.28,14679400
2011-11-17,12.23,12.39,12.05,11.408223,12.13,14703500
2011-11-18,12.14,12.2,11.96,11.332984,12.05,11120900
2011-11-21,11.87,11.96,11.78,11.173098,11.88,13803700
2011-11-22,11.87,12.01,11.6,11.191908999999999,11.9,18589200
2011-11-23,11.83,12.0,11.75,11.050834,11.75,12543100
2011-11-25,11.69,12.03,11.69,11.050834,11.75,5187800
2011-11-28,12.03,12.18,11.92,11.436436,12.16,14166600
2011-11-29,12.09,12.24,11.94,11.370604,12.09,7555500
2011-11-30,12.3,12.43,12.22,11.680966,12.42,11788100
2011-12-01,12.36,12.48,12.25,11.671561,12.41,9519500
2011-12-02,12.51,12.55,12.25,11.539892,12.27,8867100
2011-12-05,12.39,12.59,12.35,11.699778,12.44,9878600
2011-12-06,12.49,12.52,12.35,11.643347,12.38,10028800
2011-12-07,12.32,12.38,12.21,11.539892,12.27,10342600
2011-12-08,12.15,12.28,11.92,11.220121,11.93,10323100
2011-12-09,11.99,12.31,11.97,11.511676,12.24,10545500
2011-12-12,12.2,12.24,11.97,11.398816,12.12,6555500
2011-12-13,12.23,12.3,11.93,11.267147,11.98,8336200
2011-12-14,12.0,12.0,11.73,11.060239,11.76,10361900
2011-12-15,11.83,11.94,11.76,11.154288000000001,11.86,8127100
2011-12-16,11.93,12.04,11.78,11.173098,11.88,10388100
2011-12-19,11.92,11.97,11.62,10.956783,11.65,8952800
2011-12-20,11.78,12.0,11.78,11.163692,11.87,9781600
2011-12-21,11.85,11.96,11.72,11.220121,11.93,9022900
2011-12-22,11.95,12.0,11.8,11.191908999999999,11.9,8600200
2011-12-23,11.91,12.22,11.9,11.474057,12.2,5621400
2011-12-27,12.19,12.19,12.02,11.445841999999999,12.17,5480200
2011-12-28,12.18,12.25,12.11,11.408223,12.13,5061900
2011-12-29,12.14,12.35,12.1,11.568107000000001,12.3,4062200
2011-12-30,12.27,12.39,12.25,11.586915,12.32,3054100
2012-01-03,12.46,12.49,12.19,11.474057,12.2,10330200
2012-01-04,12.21,12.27,12.07,11.389411,12.11,8551600
2012-01-05,12.12,12.21,11.94,11.389411,12.11,8809800
2012-01-06,12.09,12.31,11.98,11.511676,12.24,9625000
2012-01-09,12.23,12.24,12.03,11.474057,12.2,5827500
2012-01-10,12.28,12.55,12.21,11.709181,12.45,6011300
2012-01-11,12.46,12.7,12.44,11.85966,12.61,9253000
2012-01-12,12.62,12.67,12.51,11.812636,12.56,5077000
2012-01-13,12.5,12.53,12.17,11.511676,12.24,10131400
2012-01-17,12.37,12.38,11.96,11.276552,11.99,15108700
2012-01-18,12.02,12.27,11.87,11.483463,12.21,8262000
2012-01-19,12.22,12.45,12.19,11.605727,12.34,6772800
2012-01-20,12.32,12.34,12.06,11.492867,12.22,14941400
2012-01-23,12.25,12.3,12.04,11.351792,12.07,7630600
2012-01-24,12.08,12.37,12.06,11.549294999999999,12.28,10181500
2012-01-25,12.2,12.24,11.9,11.238933,11.95,10855700
2012-01-26,12.07,12.13,11.87,11.238933,11.95,7560400
2012-01-27,12.02,12.2,11.98,11.427032,12.15,5363900
2012-01-30,12.04,12.23,11.93,11.445841999999999,12.17,9336000
2012-01-31,12.19,12.35,12.18,11.605727,12.34,7502400
2012-02-01,12.29,12.41,12.13,11.436436,12.16,8991000
2012-02-02,12.23,12.36,11.99,11.455248,12.18,11529000
2012-02-03,12.27,12.48,12.25,11.549294999999999,12.28,9518500
2012-02-06,12.29,12.4,12.17,11.586915,12.32,7099900
2012-02-07,12.36,12.5,12.3,11.699778,12.44,5737600
2012-02-08,12.48,12.6,12.44,11.803231,12.55,7435400
2012-02-09,12.81,12.82,12.38,11.906685000000001,12.66,14879300
2012-02-10,12.63,12.73,12.28,11.596322,12.33,23187400
2012-02-13,12.39,12.4,12.13,11.521083,12.25,13062500
2012-02-14,12.25,12.49,12.23,11.737395,12.48,10611400
2012-02-15,12.52,12.52,12.34,11.662156,12.4,12346900
2012-02-16,12.47,12.55,12.33,11.775017,12.52,8758700
2012-02-17,12.5,12.55,12.21,11.502272,12.23,7397200
2012-02-21,12.24,12.26,11.91,11.304769,12.02,11798300
2012-02-22,12.02,12.14,12.0,11.380009,12.1,6634000
2012-02-23,12.07,12.2,12.06,11.445841999999999,12.17,6702600
2012-02-24,12.22,12.29,11.97,11.398816,12.12,10545900
2012-02-27,12.09,12.09,11.89,11.201314,11.91,12587100
2012-02-28,11.94,12.1,11.87,11.342388,12.06,13595400
2012-02-29,12.03,12.14,11.89,11.238933,11.95,17231100
2012-03-01,12.0,12.0,11.54,10.984999,11.68,26602900
2012-03-02,11.68,11.73,11.58,10.975595,11.67,12544800
2012-03-05,11.71,11.82,11.6,11.013214,11.71,12564100
2012-03-06,11.62,11.82,11.62,11.032022999999999,11.73,13670200
2012-03-07,11.76,11.88,11.7,11.097857000000001,11.8,8818000
2012-03-08,11.87,12.05,11.8,11.295363,12.01,12047100
2012-03-09,11.94,12.16,11.76,11.201314,11.91,17707600
2012-03-12,11.87,12.08,11.87,11.229527000000001,11.94,12017200
2012-03-13,11.99,12.09,11.91,11.304769,12.02,10427100
2012-03-14,12.0,12.33,11.99,11.596322,12.33,20617200
2012-03-15,12.28,12.54,12.23,11.718585000000001,12.46,14892900
2012-03-16,12.44,12.71,12.44,11.897279,12.65,12248100
2012-03-19,12.45,12.63,12.34,11.944983,12.52,14165600
2012-03-20,12.46,12.56,12.26,11.944983,12.52,10756400
2012-03-21,12.51,12.59,12.44,11.954523,12.53,6021000
2012-03-22,12.5,12.95,12.5,12.145338,12.73,15532200
2012-03-23,12.73,12.86,12.66,12.126259,12.71,13140000
2012-03-26,12.81,12.83,12.63,12.183502,12.77,9750000
2012-03-27,12.78,12.92,12.76,12.269368,12.86,12966100
2012-03-28,12.86,12.88,12.63,12.107175999999999,12.69,8064700
2012-03-29,12.66,12.77,12.58,12.183502,12.77,11343500
2012-03-30,12.84,12.88,12.7,12.231205000000001,12.82,9029100
2012-04-02,12.78,12.83,12.7,12.231205000000001,12.82,8648600
2012-04-03,12.75,12.91,12.7,12.240746000000001,12.83,15571100
2012-04-04,12.79,12.93,12.73,12.221665,12.81,10161300
2012-04-05,12.76,12.8,12.57,12.107175999999999,12.69,5776100
2012-04-09,12.55,12.77,12.53,12.135799,12.72,6937200
2012-04-10,12.75,12.85,12.35,11.801872,12.37,11062300
2012-04-11,12.41,12.49,12.32,11.801872,12.37,9199200
2012-04-12,12.4,12.52,12.38,11.906821,12.48,6652200
2012-04-13,12.48,12.51,12.38,11.849575999999999,12.42,8462300
2012-04-16,12.44,12.48,12.23,11.696925,12.26,6887200
2012-04-17,12.27,12.43,12.24,11.706467,12.27,8556200
2012-04-18,12.26,12.38,12.21,11.687385,12.25,7681900
2012-04-19,12.18,12.43,12.15,11.687385,12.25,7814100
2012-04-20,12.31,12.39,12.18,11.639681,12.2,6499400
2012-04-23,12.15,12.39,11.99,11.792332,12.36,13198200
2012-04-24,12.36,12.61,12.27,11.868658,12.44,17415400
2012-04-25,12.46,12.64,12.42,11.992687,12.57,7556600
2012-04-26,12.61,12.94,12.55,12.173963,12.76,10453700
2012-04-27,12.82,12.92,12.77,12.240746000000001,12.83,5758300
2012-04-30,12.83,12.95,12.81,12.288451,12.88,6170800
2012-05-01,12.82,13.0,12.8,12.231205000000001,12.82,7113100
2012-05-02,12.79,12.88,12.68,12.250287,12.84,3822100
2012-05-03,12.86,12.89,12.64,12.078553,12.66,3520200
2012-05-04,12.61,12.62,12.28,11.792332,12.36,13207100
2012-05-07,12.33,12.33,12.16,11.725546000000001,12.29,6163500
2012-05-08,12.19,12.4,12.16,11.830494999999999,12.4,11062600
2012-05-09,12.29,12.45,12.2,11.830494999999999,12.4,18261400
2012-05-10,12.62,12.9,12.55,12.15488,12.74,16816100
2012-05-11,12.74,12.82,12.62,12.069013,12.65,6215500
2012-05-14,12.62,12.66,12.51,12.059472999999999,12.64,4721000
2012-05-15,12.65,13.01,12.6,12.193044,12.78,12731000
2012-05-16,12.81,12.81,12.34,11.811413,12.38,12173500
2012-05-17,12.35,12.38,12.09,11.534732,12.09,8051400
2012-05-18,12.12,12.16,11.95,11.420244,11.97,7710700
2012-05-21,12.0,12.23,11.85,11.639681,12.2,5713100
2012-05-22,12.23,12.24,11.93,11.448867,12.0,6009400
2012-05-23,11.97,12.41,11.96,11.763710000000001,12.33,8028000
2012-05-24,12.39,12.39,12.01,11.544274,12.1,6165700
2012-05-25,12.09,12.28,12.03,11.677843,12.24,4928300
2012-05-29,12.25,12.29,11.91,11.410703999999999,11.96,10601200
2012-05-30,11.87,12.01,11.81,11.363,11.91,9295300
2012-05-31,11.91,11.95,11.63,11.200808,11.74,11647000
2012-06-01,11.63,11.86,11.52,11.114941,11.65,8971200
2012-06-04,11.67,11.76,11.54,11.114941,11.65,6697300
2012-06-05,11.59,11.75,11.54,11.076777,11.61,6084100
2012-06-06,11.69,12.12,11.67,11.544274,12.1,9101400
2012-06-07,11.47,12.03,11.34,11.23897,11.78,22667000
2012-06-08,11.73,11.88,11.71,11.286674,11.83,7183700
2012-06-11,11.9,11.92,11.58,11.067239,11.6,6340800
2012-06-12,11.68,11.8,11.6,11.153103999999999,11.69,7119500
2012-06-13,11.65,11.86,11.61,11.124482,11.66,6497000
2012-06-14,11.64,11.69,11.44,11.000452000000001,11.53,6573000
2012-06-15,11.5,11.74,11.39,10.914587,11.44,14628100
2012-06-18,11.4,11.71,11.35,11.1054,11.64,7462500
2012-06-19,11.67,11.75,11.59,11.134024,11.67,5675500
2012-06-20,11.67,11.74,11.58,11.086319,11.62,4486700
2012-06-21,11.61,11.66,11.42,10.914587,11.44,4771900
2012-06-22,11.45,11.83,11.41,11.248511,11.79,8480800
2012-06-25,11.71,11.72,11.32,10.857342,11.38,6612100
2012-06-26,11.38,11.64,11.34,11.057697000000001,11.59,6007000
2012-06-27,11.65,11.77,11.58,11.124482,11.66,4397500
2012-06-28,11.55,11.6,11.35,10.962289,11.49,6173400
2012-06-29,11.7,12.23,11.64,11.439326,11.99,11235000
2012-07-02,11.99,12.2,11.84,11.401163,11.95,8253400
2012-07-03,11.99,12.46,11.95,11.887739,12.46,7348700
2012-07-05,12.4,12.42,12.1,11.572896,12.13,7782200
2012-07-06,12.11,12.13,11.9,11.48703,12.04,4671800
2012-07-09,12.13,12.34,11.97,11.525191,12.08,4919000
2012-07-10,12.16,12.2,11.93,11.544274,12.1,8247300
2012-07-11,12.09,12.16,11.87,11.410703999999999,11.96,5565600
2012-07-12,11.89,12.0,11.69,11.353458999999999,11.9,7948700
2012-07-13,11.91,12.17,11.86,11.544274,12.1,5180600
2012-07-16,12.04,12.17,11.93,11.553815,12.11,3621200
2012-07-17,12.17,12.2,11.94,11.525191,12.08,7173200
2012-07-18,12.09,12.57,12.04,11.925901,12.5,8019100
2012-07-19,12.48,12.55,12.29,11.782792,12.35,8862900
2012-07-20,12.38,12.5,11.98,11.458406,12.01,11930500
2012-07-23,11.88,12.0,11.8,11.391621,11.94,4938100
2012-07-24,11.94,11.95,11.53,11.067239,11.6,7822500
2012-07-25,11.61,11.84,11.56,11.200808,11.74,6187500
2012-07-26,11.86,12.05,11.73,11.277133000000001,11.82,4702000
2012-07-27,11.81,12.02,11.72,11.429784,11.98,10822400
2012-07-30,12.04,12.09,11.94,11.477489,12.03,5394500
2012-07-31,12.0,12.16,11.92,11.477489,12.03,7417000
2012-08-01,12.07,12.14,11.8,11.277133000000001,11.82,6538200
2012-08-02,11.78,11.93,11.59,11.22943,11.77,12236400
2012-08-03,11.6,11.62,11.0,10.609282,11.12,18324500
2012-08-06,11.4,11.55,11.31,10.895503999999999,11.42,12291600
2012-08-07,11.49,11.59,11.48,10.990912,11.52,7227500
2012-08-08,11.52,11.68,11.38,11.114941,11.65,7667500
2012-08-09,11.62,11.78,11.58,11.114941,11.65,6595300
2012-08-10,11.61,11.69,11.43,11.1054,11.64,5510600
2012-08-13,11.59,11.6,11.34,10.990912,11.52,5846500
2012-08-14,11.57,11.58,11.35,11.000452000000001,11.53,6904000
2012-08-15,11.49,11.64,11.41,11.086319,11.62,4297100
2012-08-16,11.66,11.96,11.65,11.334379,11.88,9622600
2012-08-17,11.93,12.16,11.74,11.544274,12.1,10218600
2012-08-20,12.06,12.1,11.77,11.429784,11.98,6802400
2012-08-21,11.97,12.0,11.79,11.353458999999999,11.9,7124400
2012-08-22,11.9,11.93,11.7,11.258053,11.8,5515400
2012-08-23,11.74,11.81,11.64,11.191266,11.73,4717900
2012-08-24,11.68,11.85,11.65,11.210348,11.75,4195900
2012-08-27,11.75,11.78,11.66,11.172185,11.71,3787600
2012-08-28,11.71,11.85,11.66,11.210348,11.75,4336800
2012-08-29,11.75,11.86,11.69,11.248511,11.79,3716500
2012-08-30,11.73,11.81,11.64,11.134024,11.67,3282800
2012-08-31,11.76,11.9,11.71,11.21989,11.76,4701100
2012-09-04,11.75,11.85,11.58,11.143564,11.68,5532800
2012-09-05,11.73,11.88,11.69,11.277133000000001,11.82,6315800
2012-09-06,12.1,12.32,12.0,11.668303,12.23,11318800
2012-09-07,12.23,12.23,11.93,11.467948,12.02,10278000
2012-09-10,12.03,12.13,11.87,11.429784,11.98,6994100
2012-09-11,11.93,12.03,11.88,11.439326,11.99,4739300
2012-09-12,11.98,12.07,11.89,11.363,11.91,3144700
2012-09-13,11.88,12.09,11.78,11.448867,12.0,5980900
2012-09-14,12.01,12.2,12.0,11.553815,12.11,4667500
2012-09-17,12.06,12.11,11.91,11.429784,11.98,5639100
2012-09-18,11.96,11.98,11.81,11.315294999999999,11.86,4802600
2012-09-19,11.96,11.96,11.81,11.334379,11.88,9471900
2012-09-20,11.85,11.93,11.78,11.353458999999999,11.9,3858000
2012-09-21,11.91,12.08,11.88,11.525191,12.08,9939500
2012-09-24,12.01,12.27,11.91,11.506111,12.06,5793700
2012-09-25,12.03,12.06,11.62,11.114941,11.65,11008700
2012-09-26,11.55,11.72,11.54,11.143564,11.68,6336300
2012-09-27,11.7,11.92,11.36,10.847800999999999,11.37,21285000
2012-09-28,11.35,11.4,11.22,10.761934,11.28,13480400
2012-10-01,11.3,11.37,11.05,10.599741999999999,11.11,8918700
2012-10-02,11.2,11.33,11.0,10.599741999999999,11.11,28785000
2012-10-03,11.16,11.33,11.12,10.714231,11.23,16851400
2012-10-04,11.27,11.44,10.98,10.895503999999999,11.42,14415900
2012-10-05,11.44,11.47,11.28,10.781015,11.3,6378800
2012-10-08,11.25,11.34,11.2,10.781015,11.3,3932000
2012-10-09,11.27,11.3,11.01,10.590200999999999,11.1,8702500
2012-10-10,11.1,11.1,10.94,10.58066,11.09,9936800
2012-10-11,11.22,11.27,11.09,10.685608,11.2,7510400
2012-10-12,11.21,11.27,11.05,10.647446,11.16,3951700
2012-10-15,11.17,11.34,11.12,10.790556,11.31,6622200
2012-10-16,11.32,11.35,11.17,10.723771000000001,11.24,5146200
2012-10-17,11.2,11.33,11.17,10.790556,11.31,5039500
2012-10-18,11.3,11.39,11.2,10.781015,11.3,6929100
2012-10-19,11.25,11.4,11.09,10.666527,11.18,6810800
2012-10-22,11.14,11.2,11.07,10.628364999999999,11.14,3978600
2012-10-23,11.04,11.17,10.99,10.571119,11.08,4639100
2012-10-24,11.24,11.24,11.03,10.571119,11.08,5029800
2012-10-25,11.14,11.21,11.02,10.552038,11.06,3733500
2012-10-26,11.02,11.06,10.73,10.294439,10.79,7954800
2012-10-31,10.79,10.92,10.75,10.389846,10.89,5422500
2012-11-01,10.97,11.28,10.95,10.714231,11.23,7601300
2012-11-02,11.25,11.28,11.03,10.647446,11.16,7523900
2012-11-05,11.13,11.27,11.05,10.733312,11.25,4464500
2012-11-06,11.27,11.36,11.19,10.819180000000001,11.34,5684700
2012-11-07,11.22,11.27,11.05,10.618822999999999,11.13,6835000
2012-11-08,11.5,11.5,10.89,10.494795,11.0,19083400
2012-11-09,10.96,11.11,10.66,10.170409,10.66,13456200
2012-11-12,10.73,11.05,10.73,10.275358,10.77,12516700
2012-11-13,10.71,10.77,10.56,10.227654,10.72,15461900
2012-11-14,10.76,10.85,10.64,10.199032,10.69,14710900
2012-11-15,10.68,10.77,10.45,10.075004,10.56,10913300
2012-11-16,10.54,11.14,10.52,10.542498,11.05,30202700
2012-11-19,11.16,11.25,10.92,10.723771000000001,11.24,11940400
2012-11-20,11.23,11.33,11.17,10.723771000000001,11.24,10538900
2012-11-21,11.25,11.37,11.2,10.82872,11.35,5766100
2012-11-23,11.43,11.47,11.23,10.723771000000001,11.24,4286400
2012-11-26,11.24,11.39,11.2,10.819180000000001,11.34,12400900
2012-11-27,11.32,11.45,11.31,10.809637,11.33,12312600
2012-11-28,11.31,11.54,11.24,11.009993,11.54,9910200
2012-11-29,11.4,11.57,11.27,10.933667999999999,11.46,17770400
2012-11-30,11.48,11.54,11.41,10.933667999999999,11.46,11664900
2012-12-03,11.49,11.5,11.2,10.790556,11.31,7998400
2012-12-04,11.34,11.37,11.16,10.761934,11.28,10678200
2012-12-05,11.26,11.39,11.2,10.714231,11.23,5846000
2012-12-06,11.25,11.4,11.2,10.838261,11.36,6418000
2012-12-07,11.41,11.5,11.21,10.819180000000001,11.34,7298500
2012-12-10,11.32,11.49,11.29,10.905046,11.43,4866700
2012-12-11,11.47,11.61,11.36,11.048157000000002,11.58,10640600
2012-12-12,11.59,11.74,11.46,10.97183,11.5,8374600
2012-12-13,11.47,11.59,11.41,10.962289,11.49,5293400
2012-12-14,11.46,11.54,11.37,10.885963,11.41,3552200
2012-12-17,11.39,11.39,11.04,10.618822999999999,11.13,9009700
2012-12-18,11.19,11.27,10.99,10.599741999999999,11.11,9376700
2012-12-19,11.17,11.17,10.73,10.351683,10.85,12672500
2012-12-20,10.87,10.91,10.51,10.284898,10.78,14616500
2012-12-21,10.54,10.7,10.5,10.160867999999999,10.65,11888900
2012-12-24,10.6,10.75,10.59,10.189492,10.68,2159700
2012-12-26,10.65,10.75,10.62,10.179950999999999,10.67,3604900
2012-12-27,10.63,10.66,10.5,10.103624,10.59,5274100
2012-12-28,10.57,10.67,10.52,10.075004,10.56,4719500
2012-12-31,10.5,10.67,10.48,10.132247,10.62,6038700
2013-01-02,10.85,10.95,10.75,10.44709,10.95,6091900
2013-01-03,10.89,11.01,10.88,10.504334,11.01,7201700
2013-01-04,11.03,11.21,10.99,10.656985,11.17,4070700
2013-01-07,11.15,11.25,11.05,10.666527,11.18,3655900
2013-01-08,11.1,11.16,10.96,10.485253,10.99,6141800
2013-01-09,11.04,11.05,10.9,10.437549,10.94,3489300
2013-01-10,10.99,11.02,10.85,10.428009,10.93,4141500
2013-01-11,10.85,11.52,10.8,10.990912,11.52,21329000
2013-01-14,11.5,11.59,11.41,10.97183,11.5,7227900
2013-01-15,11.44,11.6,11.43,11.038614,11.57,4764400
2013-01-16,11.54,11.55,11.37,10.895503999999999,11.42,4809600
2013-01-17,11.48,11.54,11.41,10.895503999999999,11.42,3551300
2013-01-18,11.37,11.46,11.3,10.838261,11.36,6944400
2013-01-22,11.42,11.57,11.34,10.876422999999999,11.4,3712900
2013-01-23,11.45,11.5,11.29,10.790556,11.31,7628300
2013-01-24,11.39,11.48,11.28,10.82872,11.35,4900000
2013-01-25,11.35,11.41,11.3,10.866883,11.39,4060200
2013-01-28,11.49,11.58,11.31,10.876422999999999,11.4,4948700
2013-01-29,11.37,11.52,11.34,10.895503999999999,11.42,4203800
2013-01-30,11.42,11.48,11.27,10.790556,11.31,5156900
2013-01-31,11.29,11.48,11.25,10.876422999999999,11.4,9048000
2013-02-01,11.41,11.65,11.41,11.114941,11.65,5182100
2013-02-04,11.64,11.69,11.47,11.067239,11.6,7193000
2013-02-05,11.58,11.9,11.45,11.305755,11.85,11816800
2013-02-06,11.82,11.99,11.77,11.391621,11.94,8053500
2013-02-07,11.92,12.06,11.82,11.506111,12.06,12729000
2013-02-08,13.2,13.94,12.9,12.794107,13.41,56017600
2013-02-11,13.21,13.85,13.19,12.946759,13.57,26678000
2013-02-12,13.55,13.66,13.44,12.889515,13.51,14440700
2013-02-13,13.51,13.74,13.4,13.099409,13.73,18115400
2013-02-14,13.66,14.07,13.64,13.357010999999998,14.0,26297600
2013-02-15,14.06,14.52,14.0,13.710017,14.37,13936900
2013-02-19,14.38,14.65,13.98,13.958076,14.63,15248700
2013-02-20,14.56,14.62,14.2,13.585988,14.24,13828500
2013-02-21,14.24,14.4,14.14,13.624151000000001,14.28,10725700
2013-02-22,14.31,14.56,14.23,13.843588,14.51,8591700
2013-02-25,14.5,14.7,14.32,13.671854000000002,14.33,7976900
2013-02-26,14.32,14.41,14.08,13.528744,14.18,11966800
2013-02-27,14.21,14.4,14.03,13.605069,14.26,11665400
2013-02-28,14.27,14.54,14.25,13.643232000000001,14.3,7461400
2013-03-01,14.26,14.38,14.04,13.690937,14.35,4564900
2013-03-04,14.3,14.48,14.22,13.710017,14.37,3956600
2013-03-05,14.45,14.58,14.38,13.900831,14.57,4901500
2013-03-06,14.6,14.82,14.55,13.977158,14.65,8826000
2013-03-07,14.64,15.01,14.59,14.282460999999998,14.97,11065200
2013-03-08,14.95,14.95,14.67,14.158431,14.84,4701300
2013-03-11,14.78,14.85,14.69,14.139349,14.82,5364200
2013-03-12,14.8,14.88,14.69,14.177512,14.86,5648500
2013-03-13,14.91,15.05,14.81,14.292001,14.98,6656000
2013-03-14,15.08,15.08,14.86,14.339704999999999,15.03,4185200
2013-03-15,15.0,15.02,14.57,13.977158,14.65,12516900
2013-03-18,14.36,14.54,14.2,13.890163000000001,14.37,7492300
2013-03-19,14.37,14.41,13.97,13.542183999999999,14.01,10076100
2013-03-20,14.19,14.3,14.03,13.745172,14.22,9771700
2013-03-21,14.17,14.3,14.06,13.590515,14.06,8257600
2013-03-22,14.14,14.42,14.07,13.861163000000001,14.34,8200200
2013-03-25,14.32,14.43,14.16,13.870830999999999,14.35,3784400
2013-03-26,14.36,14.51,14.23,13.977158,14.46,3214300
2013-03-27,14.36,14.53,14.21,13.996489000000002,14.48,5114100
2013-03-28,14.41,14.58,14.3,14.083485000000001,14.57,3323900
2013-04-01,14.53,14.61,14.35,13.957825,14.44,2651300
2013-04-02,14.64,14.8,14.44,14.238141,14.73,5013400
2013-04-03,14.71,14.8,14.46,14.044820000000001,14.53,4101500
2013-04-04,14.58,14.58,14.27,14.035154,14.52,3422500
2013-04-05,14.31,14.46,14.14,13.948160000000001,14.43,3453900
2013-04-08,14.43,14.68,14.39,14.170479,14.66,3719400
2013-04-09,14.67,14.79,14.49,14.180145000000001,14.67,4697000
2013-04-10,14.66,15.0,14.63,14.383132999999999,14.88,4660300
2013-04-11,14.93,14.93,14.64,14.209143,14.7,6068600
2013-04-12,14.77,14.79,14.59,14.170479,14.66,3825900
2013-04-15,14.64,14.65,14.27,13.803167000000002,14.28,6302200
2013-04-16,14.34,14.51,14.32,13.948160000000001,14.43,8874200
2013-04-17,14.28,14.42,14.12,13.706507,14.18,6337000
2013-04-18,14.26,14.27,14.03,13.64851,14.12,4159200
2013-04-19,14.06,14.32,13.88,13.783833999999999,14.26,4864200
2013-04-22,14.34,14.53,14.19,13.996489000000002,14.48,3161400
2013-04-23,14.5,14.65,14.32,14.093151,14.58,6436300
2013-04-24,14.58,14.85,14.58,14.209143,14.7,5158700
2013-04-25,14.76,14.89,14.65,14.218810000000001,14.71,7780400
2013-04-26,14.75,14.86,14.67,14.325135000000001,14.82,5989900
2013-04-29,14.81,15.07,14.78,14.431463,14.93,7122700
2013-04-30,14.97,15.02,14.82,14.460462,14.96,7853100
2013-05-01,14.95,14.98,14.64,14.247808,14.74,4524900
2013-05-02,14.75,14.94,14.66,14.354135000000001,14.85,3852700
2013-05-03,15.0,15.23,14.88,14.673116,15.18,4865100
2013-05-06,15.21,15.33,14.84,14.383132999999999,14.88,6428900
2013-05-07,14.94,15.04,14.84,14.441129,14.94,5050100
2013-05-08,15.01,15.4,15.0,14.750444,15.26,8863300
2013-05-09,14.28,14.62,14.0,13.909495000000001,14.39,18959600
2013-05-10,14.48,14.97,14.43,14.450795000000001,14.95,10867100
2013-05-13,14.87,14.94,14.57,14.189810999999999,14.68,6814000
2013-05-14,14.66,15.2,14.66,14.634452,15.14,10511500
2013-05-15,15.1,15.75,14.69,14.402464000000002,14.9,20363900
2013-05-16,14.9,15.18,14.85,14.3638,14.86,12563000
2013-05-17,14.9,15.02,14.77,14.441129,14.94,10834900
2013-05-20,14.93,15.46,14.93,14.673116,15.18,6544100
2013-05-21,15.11,15.63,15.09,15.050092000000001,15.57,9318500
2013-05-22,15.61,15.7,15.17,14.779442000000001,15.29,7968700
2013-05-23,15.17,15.62,15.16,15.021094,15.54,7932300
2013-05-24,15.39,15.63,15.3,15.088757000000001,15.61,4414200
2013-05-28,15.74,16.110001,15.63,15.224082000000001,15.75,9942600
2013-05-29,15.68,15.68,15.16,14.769776,15.28,9847000
2013-05-30,15.33,15.33,14.92,14.489457999999999,14.99,12734500
2013-05-31,14.99,15.03,14.25,13.948160000000001,14.43,19903700
2013-06-03,14.4,14.68,14.23,14.14148,14.63,10573400
2013-06-04,14.61,14.65,14.24,13.909495000000001,14.39,8164700
2013-06-05,14.39,14.42,14.14,13.822498999999999,14.3,8248200
2013-06-06,14.35,14.65,14.25,14.131814000000002,14.62,7995900
2013-06-07,14.67,14.85,14.57,14.238141,14.73,5095900
2013-06-10,14.75,14.77,14.51,14.064151999999998,14.55,3803600
2013-06-11,14.38,14.48,14.16,13.72584,14.2,7120700
2013-06-12,14.33,14.42,14.13,13.706507,14.18,6347300
2013-06-13,14.18,14.53,14.1,14.025488000000001,14.51,6799300
2013-06-14,14.52,14.69,14.4,14.073818,14.56,4050100
2013-06-17,14.69,14.84,14.56,14.238141,14.73,7018300
2013-06-18,14.69,14.82,14.54,14.102818,14.59,9396800
2013-06-19,14.56,14.65,14.21,13.754837,14.23,9703100
2013-06-20,14.14,14.19,13.8,13.416525,13.88,8925800
2013-06-21,13.99,13.99,13.53,13.097544000000001,13.55,17433200
2013-06-24,13.5,13.56,13.27,13.039547,13.49,7879800
2013-06-25,13.55,13.84,13.5,13.319863,13.78,5666900
2013-06-26,13.85,13.93,13.66,13.281198999999999,13.74,3665000
2013-06-27,13.81,14.22,13.8,13.571181,14.04,4232900
2013-06-28,13.95,14.35,13.82,13.783833999999999,14.26,6015200
2013-07-01,14.25,14.43,14.18,13.803167000000002,14.28,4128100
2013-07-02,14.29,14.46,14.15,13.841830999999999,14.32,4504800
2013-07-03,14.23,14.46,14.14,13.880497,14.36,1783700
2013-07-05,14.45,14.66,14.34,14.170479,14.66,2709200
2013-07-08,14.79,14.99,14.33,13.977158,14.46,7542300
2013-07-09,14.57,14.99,14.49,14.392798999999998,14.89,7968200
2013-07-10,14.89,15.0,14.8,14.402464000000002,14.9,3777000
2013-07-11,15.01,15.31,14.97,14.798776,15.31,4507800
2013-07-12,15.24,15.31,14.9,14.508792000000001,15.01,5634700
2013-07-15,15.0,15.26,14.99,14.624785000000001,15.13,6601300
2013-07-16,15.16,15.23,15.03,14.595788,15.1,3577400
2013-07-17,15.12,15.29,15.01,14.760110999999998,15.27,3726200
2013-07-18,15.31,15.69,15.3,15.059757999999999,15.58,8501000
2013-07-19,15.6,15.66,15.49,15.011428,15.53,6732100
2013-07-22,15.38,15.66,14.89,14.644117000000001,15.15,8197100
2013-07-23,15.15,15.52,15.15,14.71178,15.22,4642700
2013-07-24,15.33,15.43,15.13,14.876103,15.39,5253200
2013-07-25,15.38,15.42,15.09,14.673116,15.18,4552300
2013-07-26,17.16,17.76,16.860001,16.87698,17.459999,41848800
2013-07-29,17.43,18.389999,17.379998999999998,17.659937,18.27,20717800
2013-07-30,18.25,18.43,17.92,17.572941,18.18,9736000
2013-07-31,18.190001000000002,18.280001000000002,17.940001000000002,17.379618,17.98,8697900
2013-08-01,17.99,18.33,17.620001000000002,17.592274,18.200001,7741600
2013-08-02,17.940001000000002,18.190001000000002,17.4,17.47628,18.08,11018800
2013-08-05,17.83,17.93,17.6,17.137964,17.73,6764100
2013-08-06,17.639999,17.799999,17.17,16.867317,17.450001,11238500
2013-08-07,17.48,17.629998999999998,17.370001000000002,16.925314,17.51,4032500
2013-08-08,17.5,17.67,17.27,16.915648,17.5,6119500
2013-08-09,17.43,17.450001,17.139999,16.654663,17.23,5896200
2013-08-12,17.209999,17.299999,17.040001,16.606333,17.18,5223800
2013-08-13,17.280001000000002,17.530001000000002,17.16,16.87698,17.459999,8433300
2013-08-14,17.379998999999998,17.51,17.309998999999998,16.857649,17.440001000000002,8631300
2013-08-15,17.33,17.389999,17.09,16.654663,17.23,6821400
2013-08-16,17.23,17.42,17.17,16.722322,17.299999,6657200
2013-08-19,17.24,17.299999,16.790001,16.229354999999998,16.790001,5566100
2013-08-20,16.75,16.969998999999998,16.58,16.190691,16.75,5633800
2013-08-21,16.68,16.75,16.389999,16.026365,16.58,5419500
2013-08-22,16.66,16.93,16.639999,16.239020999999997,16.799999,2862200
2013-08-23,16.860001,16.889999,16.6,16.161692000000002,16.719998999999998,5433800
2013-08-26,16.700001,16.719998999999998,16.549999,16.007034,16.559998999999998,3900900
2013-08-27,16.440001000000002,16.459999,16.02,15.659057,16.200001,8277700
2013-08-28,16.219998999999998,16.530001000000002,16.190001000000002,15.84271,16.389999,5259700
2013-08-29,16.360001,16.959999,16.360001,16.190691,16.75,6665700
2013-08-30,16.76,16.77,16.24,15.775048000000002,16.32,4946200
2013-09-03,16.809998999999998,17.25,16.799999,16.41301,16.98,9502600
2013-09-04,17.02,17.139999,16.860001,16.529003,17.1,5578800
2013-09-05,17.02,17.299999,17.0,16.596666,17.17,4691100
2013-09-06,17.309998999999998,17.309998999999998,16.77,16.403343,16.969998999999998,6169300
2013-09-09,17.059998999999998,17.139999,16.93,16.471007999999998,17.040001,3344700
2013-09-10,17.34,17.41,16.889999,16.577333,17.15,6717000
2013-09-11,17.219998999999998,17.370001000000002,17.07,16.606333,17.18,4624300
2013-09-12,17.139999,17.18,16.73,16.335682000000002,16.9,3760600
2013-09-13,16.99,17.030001000000002,16.84,16.403343,16.969998999999998,3520500
2013-09-16,17.18,17.370001000000002,17.059998999999998,16.673994,17.25,5934100
2013-09-17,17.32,17.379998999999998,17.139999,16.587,17.16,4227700
2013-09-18,17.08,17.219998999999998,16.9,16.577333,17.15,6842500
2013-09-19,17.0,17.24,16.860001,16.529003,17.1,9290300
2013-09-20,17.24,17.27,16.959999,16.422676,16.99,10353100
2013-09-23,17.0,17.030001000000002,16.84,16.393677,16.959999,4783200
2013-09-24,16.940001000000002,17.040001,16.879998999999998,16.364681,16.93,4937000
2013-09-25,16.959999,17.09,16.860001,16.384012,16.950001,5077400
2013-09-26,17.030001000000002,17.09,16.9,16.442009,17.01,3365500
2013-09-27,17.0,17.040001,16.76,16.258352,16.82,3396800
2013-09-30,16.709999,16.809998999999998,16.49,16.123028,16.68,4041200
2013-10-01,16.68,16.99,16.65,16.335682000000002,16.9,5388300
2013-10-02,16.84,16.9,16.58,16.229354999999998,16.790001,4779800
2013-10-03,16.76,16.790001,16.6,16.103695000000002,16.66,5467100
2013-10-04,16.629998999999998,16.950001,16.6,16.316349,16.879998999999998,4317500
2013-10-07,16.799999,16.83,16.48,15.958704999999998,16.51,3874400
2013-10-08,16.459999,16.549999,16.26,15.823379999999998,16.370001000000002,7170600
2013-10-09,16.379998999999998,16.57,16.25,15.736382999999998,16.280001000000002,5775700
2013-10-10,16.459999,17.1,16.389999,16.480673,17.049999,13269400
2013-10-11,16.92,17.200001,16.870001000000002,16.50967,17.08,8482600
2013-10-14,16.940001000000002,17.879998999999998,16.93,17.234627,17.83,10882500
2013-10-15,17.83,17.98,17.67,17.166965,17.76,10953900
2013-10-16,17.76,17.85,17.299999,16.741654999999998,17.32,6919400
2013-10-17,17.32,17.620001000000002,17.299999,17.002642,17.59,5288200
2013-10-18,17.690001000000002,17.719998999999998,17.290001,17.002642,17.59,5760500
2013-10-21,17.75,17.799999,17.4,16.87698,17.459999,4303800
2013-10-22,17.610001,17.700001,17.440001000000002,17.012307999999997,17.6,5985100
2013-10-23,17.549999,17.700001,17.370001000000002,16.828651,17.41,5141200
2013-10-24,17.41,17.65,17.219998999999998,16.731989000000002,17.309998999999998,6716500
2013-10-25,17.469998999999998,17.549999,17.26,16.760988,17.34,5554700
2013-10-28,17.389999,17.540001,17.16,16.722322,17.299999,8707800
2013-10-29,17.34,17.41,16.58,16.036034,16.59,31927700
2013-10-30,16.91,17.030001000000002,16.5,16.055365,16.610001,14207000
2013-10-31,16.700001,16.74,16.540001,16.123028,16.68,23490000
2013-11-01,16.68,17.0,16.57,16.142360999999998,16.700001,6637400
2013-11-04,16.860001,16.93,16.73,16.277685,16.84,5460100
2013-11-05,16.42,16.59,16.23,15.978036,16.530001000000002,9899400
2013-11-06,16.9,16.969998999999998,16.440001000000002,15.978036,16.530001000000002,11871900
2013-11-07,16.1,17.07,16.059998999999998,16.277685,16.84,18971500
2013-11-08,16.83,17.18,16.76,16.500006,17.07,6914100
2013-11-11,16.950001,17.02,16.65,16.422676,16.99,7059200
2013-11-12,16.940001000000002,17.190001000000002,16.82,16.538671,17.110001,8305900
2013-11-13,17.08,17.34,16.879998999999998,16.741654999999998,17.32,6394400
2013-11-14,17.379998999999998,17.709999,17.26,17.108969000000002,17.700001,7647600
2013-11-15,17.68,17.809998999999998,17.59,17.1283,17.719998999999998,9487100
2013-11-18,17.77,17.77,17.5,16.93498,17.52,9818800
2013-11-19,17.34,17.42,16.889999,16.326014999999998,16.889999,9660200
2013-11-20,17.0,17.27,16.85,16.625666,17.200001,8532500
2013-11-21,17.16,17.41,17.1,16.770657,17.35,8051700
2013-11-22,17.4,17.41,17.139999,16.63533,17.209999,5515800
2013-11-25,17.43,17.57,17.32,16.828651,17.41,7232200
2013-11-26,17.26,17.33,17.030001000000002,16.529003,17.1,12840100
2013-11-27,17.040001,17.389999,17.040001,16.519339000000002,17.09,5708600
2013-11-29,17.27,17.450001,17.120001000000002,16.63533,17.209999,3720100
2013-12-02,17.33,17.549999,17.25,16.751324,17.33,9685300
2013-12-03,17.26,17.32,17.1,16.548336,17.120001000000002,7545400
2013-12-04,17.110001,17.32,17.02,16.673994,17.25,4583500
2013-12-05,17.18,17.26,16.74,16.21969,16.780001000000002,9271000
2013-12-06,16.85,17.200001,16.84,16.625666,17.200001,5259400
2013-12-09,17.17,17.360001,17.16,16.722322,17.299999,5011300
2013-12-10,17.25,17.41,17.219998999999998,16.741654999999998,17.32,4641400
2013-12-11,17.440001000000002,17.440001000000002,16.969998999999998,16.442009,17.01,4044500
2013-12-12,16.940001000000002,17.01,16.6,16.103695000000002,16.66,5023800
2013-12-13,16.75,16.93,16.6,16.210024,16.77,4956300
2013-12-16,16.809998999999998,16.93,16.74,16.181025,16.74,5393500
2013-12-17,16.709999,17.129998999999998,16.66,16.490339000000002,17.059998999999998,7362200
2013-12-18,17.030001000000002,17.26,16.75,16.606333,17.18,7980600
2013-12-19,17.16,17.76,17.139999,17.070304999999998,17.66,12732100
2013-12-20,17.66,18.0,17.59,17.273293,17.870001000000002,13735400
2013-12-23,17.950001,18.4,17.940001000000002,17.543941,18.15,8192600
2013-12-24,18.08,18.190001000000002,17.98,17.563272,18.17,2268000
2013-12-26,18.200001,18.290001,17.98,17.47628,18.08,3318400
2013-12-27,18.110001,18.219998999999998,17.76,17.224961999999998,17.82,3125900
2013-12-30,17.790001,17.92,17.75,17.205629000000002,17.799999,3299500
2013-12-31,17.799999,17.99,17.719998999999998,17.234627,17.83,2886200
2014-01-02,17.91,18.08,17.799999,17.466614,18.07,6620900
2014-01-03,17.799999,18.35,17.639999,17.679270000000002,18.290001,7194700
2014-01-06,18.379998999999998,18.549999,18.07,17.47628,18.08,5989200
2014-01-07,18.200001,18.370001000000002,18.01,17.708265,18.32,5114400
2014-01-08,18.32,18.43,18.08,17.727596,18.34,5520400
2014-01-09,18.41,18.450001,18.280001000000002,17.688932,18.299999,4005100
2014-01-10,18.379998999999998,18.389999,18.030001000000002,17.572941,18.18,3943300
2014-01-13,18.02,18.27,17.780001000000002,17.273293,17.870001000000002,4577400
2014-01-14,17.780001000000002,17.780001000000002,17.15,16.905981,17.49,10833400
2014-01-15,17.559998999999998,17.610001,17.219998999999998,16.809319,17.389999,7357000
2014-01-16,17.370001000000002,17.52,17.290001,16.751324,17.33,8097800
2014-01-17,17.35,17.469998999999998,16.76,16.393677,16.959999,15311900
2014-01-21,17.02,17.09,16.690001000000002,16.229354999999998,16.790001,6330900
2014-01-22,16.85,16.889999,16.65,16.181025,16.74,7998700
2014-01-23,16.629998999999998,16.75,16.549999,16.113360999999998,16.67,7209700
2014-01-24,16.639999,16.84,16.549999,16.113360999999998,16.67,7897200
2014-01-27,16.700001,16.889999,16.620001000000002,16.113360999999998,16.67,7575900
2014-01-28,16.67,16.84,16.65,16.132692000000002,16.690001000000002,7202500
2014-01-29,16.780001000000002,17.049999,16.68,16.345348,16.91,8286200
2014-01-30,17.040001,17.360001,16.93,16.683659,17.26,5021500
2014-01-31,16.98,17.360001,16.92,16.558001,17.129998999999998,8471500
2014-02-03,17.35,17.35,16.91,16.490339000000002,17.059998999999998,7001900
2014-02-04,17.059998999999998,17.139999,16.799999,16.335682000000002,16.9,5463700
2014-02-05,16.879998999999998,16.969998999999998,16.639999,16.326014999999998,16.889999,5566000
2014-02-06,16.99,17.200001,16.950001,16.596666,17.17,7359100
2014-02-07,18.950001,19.950001,18.780001000000002,18.984188,19.639999,29880800
2014-02-10,19.25,19.549999,18.950001,18.713539,19.360001,16779600
2014-02-11,19.16,19.549999,19.0,18.723204,19.370001000000002,8944900
2014-02-12,19.49,19.690001000000002,19.24,18.974522,19.629998999999998,8002900
2014-02-13,19.549999,19.860001,19.48,19.10985,19.77,7971400
2014-02-14,19.42,19.93,19.299999,19.138844,19.799999,9006300
2014-02-18,19.91,20.24,19.85,19.27417,19.940001000000002,6435400
2014-02-19,19.9,20.0,19.57,19.022852,19.68,7840400
2014-02-20,19.66,19.84,19.59,18.974522,19.629998999999998,5095200
2014-02-21,19.75,19.92,19.700001,19.061518,19.719998999999998,7827500
2014-02-24,19.700001,19.870001000000002,19.629998999999998,19.032522,19.690001000000002,6421700
2014-02-25,19.780001000000002,19.790001,19.370001000000002,18.810198,19.459999,5294900
2014-02-26,19.49,19.75,19.33,18.790867000000002,19.440001000000002,4555400
2014-02-27,19.389999,19.709999,19.389999,18.897192,19.549999,2767300
2014-02-28,19.610001,19.639999,19.23,18.703873,19.35,4936500
2014-03-03,19.120001000000002,19.59,19.030001000000002,18.868195,19.52,4425400
2014-03-04,19.58,19.799999,19.58,19.051853,19.709999,6544000
2014-03-05,19.790001,20.049999,19.65,19.370832,20.040001,6588400
2014-03-06,20.059998999999998,20.35,20.01,19.496489999999998,20.17,4707600
2014-03-07,20.200001,20.290001,20.030001000000002,19.438496,20.110001,5544600
2014-03-10,20.09,20.379998999999998,20.01,19.612485999999997,20.290001,4683700
2014-03-11,20.129998999999998,20.190001000000002,19.82,19.399829999999998,20.07,5310900
2014-03-12,19.9,20.66,19.84,19.912134,20.6,7112900
2014-03-13,21.5,21.5,20.530001000000002,20.153783999999998,20.85,16099900
2014-03-14,20.84,21.309998999999998,20.83,20.298775,21.0,7773000
2014-03-17,21.16,21.5,20.99,20.718414000000003,21.23,7427900
2014-03-18,21.200001,21.35,21.049999,20.591547,21.1,5363800
2014-03-19,21.139999,21.26,20.969998999999998,20.532992999999998,21.040001,5942600
2014-03-20,21.030001000000002,21.139999,20.879998999999998,20.415884,20.92,3348800
2014-03-21,21.110001,21.23,20.68,20.279259,20.780001000000002,7984100
2014-03-24,20.889999,20.98,20.450001,19.996246,20.49,4835400
2014-03-25,20.59,20.74,20.5,20.093838,20.59,2890200
2014-03-26,20.65,20.860001,20.5,20.093838,20.59,4620100
2014-03-27,20.9,20.9,20.059998999999998,19.76203,20.25,6860200
2014-03-28,20.360001,20.6,20.25,19.957210999999997,20.450001,6082000
2014-03-31,20.540001,20.629998999999998,20.24,19.947453,20.440001000000002,5097900
2014-04-01,20.440001000000002,20.719998999999998,20.299999,20.191426999999997,20.690001000000002,6631400
2014-04-02,20.82,21.030001000000002,20.67,20.279259,20.780001000000002,4703000
2014-04-03,20.91,21.02,20.200001,19.752270000000003,20.24,9215900
2014-04-04,20.629998999999998,20.73,19.9,19.635162,20.120001000000002,7244300
2014-04-07,19.790001,20.08,19.27,18.96179,19.43,9802100
2014-04-08,19.530001000000002,19.879998999999998,19.5,19.26432,19.74,6040400
2014-04-09,19.91,19.940001000000002,19.700001,19.36191,19.84,4550200
2014-04-10,19.799999,19.85,19.27,18.912992000000003,19.379998999999998,5036900
2014-04-11,19.32,19.360001,18.82,18.58119,19.040001,5339800
2014-04-14,19.18,19.299999,19.049999,18.776367,19.24,2806200
2014-04-15,19.280001000000002,19.290001,18.85,18.610464,19.07,4516200
2014-04-16,19.25,19.49,19.129998999999998,18.981308,19.450001,3824800
2014-04-17,19.559998999999998,19.790001,19.34,19.215525,19.690001000000002,4592700
2014-04-21,19.77,19.93,19.65,19.215525,19.690001000000002,3723000
2014-04-22,19.67,19.959999,19.6,19.420462,19.9,3837200
2014-04-23,19.85,19.860001,19.559998999999998,19.156967,19.629998999999998,2876100
2014-04-24,19.82,19.99,19.43,19.098415,19.57,2326500
2014-04-25,19.440001000000002,19.530001000000002,19.25,18.991066,19.459999,2934700
2014-04-28,19.639999,19.639999,18.889999,18.864199,19.33,6142300
2014-04-29,19.389999,19.700001,19.290001,19.215525,19.690001000000002,4191900
2014-04-30,19.59,20.040001,19.450001,19.527813000000002,20.01,5563400
2014-05-01,19.969998999999998,20.17,19.85,19.488775,19.969998999999998,3004000
2014-05-02,20.27,20.309998999999998,19.870001000000002,19.459501,19.940001000000002,5981000
2014-05-05,19.889999,19.9,19.33,18.95203,19.42,8977300
2014-05-06,19.440001000000002,19.49,19.120001000000002,18.844681,19.309998999999998,8440300
2014-05-07,20.17,21.059998999999998,20.059998999999998,20.503716,21.01,20043000
2014-05-08,20.700001,21.309998999999998,20.639999,20.298775,20.799999,8513500
2014-05-09,20.67,20.82,20.559998999999998,20.289017,20.790001,6971000
2014-05-12,20.84,20.950001,20.6,20.171909,20.67,4426800
2014-05-13,20.67,20.700001,20.27,20.006006,20.5,5359700
2014-05-14,20.41,20.48,20.219998999999998,19.791306,20.280001000000002,3027500
2014-05-15,20.309998999999998,20.309998999999998,19.870001000000002,19.596127,20.08,4856400
2014-05-16,20.120001000000002,20.4,19.969998999999998,19.859621,20.35,4270000
2014-05-19,20.309998999999998,20.99,20.280001000000002,20.279259,20.780001000000002,7054200
2014-05-20,20.629998999999998,20.91,20.620001000000002,20.328053,20.83,5046200
2014-05-21,20.809998999999998,20.889999,20.629998999999998,20.36709,20.870001000000002,5643000
2014-05-22,20.93,21.0,20.5,20.035282000000002,20.530001000000002,18897500
2014-05-23,20.610001,20.700001,20.389999,20.181669,20.68,5982300
2014-05-27,20.700001,20.77,20.5,20.084078,20.58,6048100
2014-05-28,20.57,20.620001000000002,20.32,19.840101,20.33,8307900
2014-05-29,20.57,20.809998999999998,20.43,20.249981,20.75,10602400
2014-05-30,20.809998999999998,20.83,20.51,20.279259,20.780001000000002,10297200
2014-06-02,20.82,20.82,20.52,20.123114,20.620001000000002,3490900
2014-06-03,20.52,20.780001000000002,20.51,20.249981,20.75,7689700
2014-06-04,20.73,20.85,20.709999,20.230461,20.73,4943000
2014-06-05,20.799999,20.809998999999998,20.360001,20.210943,20.709999,4871500
2014-06-06,20.940001000000002,21.0,20.74,20.415884,20.92,6182900
2014-06-09,20.969998999999998,21.35,20.9,20.776968,21.290001,11098700
2014-06-10,21.25,21.48,21.200001,20.933113,21.450001,8125200
2014-06-11,21.34,21.57,21.299999,20.962389,21.48,7430100
2014-06-12,21.5,21.610001,21.280001000000002,20.806245999999998,21.32,10527200
2014-06-13,21.360001,21.51,21.25,20.894077,21.41,3488300
2014-06-16,21.43,21.549999,21.290001,20.913595,21.43,4063600
2014-06-17,21.49,21.85,21.42,21.284437,21.809998999999998,6833800
2014-06-18,21.85,21.98,21.629998999999998,21.294197,21.82,5249700
2014-06-19,21.889999,22.08,21.66,21.499136,22.030001000000002,5458100
2014-06-20,22.129998999999998,22.219998999999998,21.940001000000002,21.479618,22.01,9030300
2014-06-23,22.110001,22.15,21.780001000000002,21.56745,22.1,8967100
2014-06-24,22.0,22.209999,21.860001,21.372269,21.9,5361700
2014-06-25,21.85,22.1,21.75,21.508896,22.040001,4619600
2014-06-26,21.98,22.07,21.74,21.274679000000003,21.799999,7037400
2014-06-27,21.959999,22.4,21.92,21.391788000000002,21.92,27029000
2014-06-30,21.959999,22.360001,21.940001000000002,21.762629,22.299999,6253800
2014-07-01,22.389999,22.629998999999998,22.209999,22.006605,22.549999,6115300
2014-07-02,22.49,22.59,22.379998999999998,21.928534,22.469998999999998,2940900
2014-07-03,22.52,22.780001000000002,22.469998999999998,22.123713000000002,22.67,2590700
2014-07-07,22.52,22.67,22.379998999999998,22.045641,22.59,5359600
2014-07-08,22.5,22.610001,22.25,21.772388,22.309998999999998,6643900
2014-07-09,22.4,22.58,22.389999,21.977329,22.52,4946300
2014-07-10,22.290001,22.6,22.25,21.899258,22.440001000000002,4512000
2014-07-11,22.440001000000002,22.469998999999998,22.25,21.899258,22.440001000000002,2219900
2014-07-14,22.58,22.709999,22.450001,22.045641,22.59,4389300
2014-07-15,22.530001000000002,22.93,22.41,22.201786,22.75,6532800
2014-07-16,22.85,23.219998999999998,22.700001,22.465281,23.02,7605600
2014-07-17,22.879998999999998,23.01,22.530001000000002,22.026123000000002,22.57,5353200
2014-07-18,22.790001,23.0,22.65,22.377449,22.93,6472600
2014-07-21,22.85,22.92,22.59,22.240824,22.790001,3046200
2014-07-22,22.93,22.969998999999998,22.68,22.387207,22.940001000000002,5397500
2014-07-23,23.07,23.299999,22.99,22.562872,23.120001000000002,6227400
2014-07-24,23.200001,23.24,23.08,22.631184,23.190001000000002,3188700
2014-07-25,23.1,23.379998999999998,22.91,22.436004999999998,22.99,4097000
2014-07-28,23.09,23.43,22.91,22.806847,23.370001000000002,6683300
2014-07-29,23.290001,23.379998999999998,22.92,22.406725,22.959999,6572100
2014-07-30,23.01,23.08,22.77,22.338413,22.889999,6222600
2014-07-31,22.83,22.83,22.120001000000002,21.840702,22.379998999999998,6499100
2014-08-01,22.42,22.57,22.25,21.899258,22.440001000000002,4587900
2014-08-04,22.549999,22.799999,22.459999,22.065161,22.610001,7477100
2014-08-05,22.690001000000002,22.790001,22.219998999999998,21.821184,22.360001,7006700
2014-08-06,23.639999,23.790001,22.540001,22.396967,22.950001,9297800
2014-08-07,22.700001,22.889999,22.280001000000002,21.86022,22.4,5661700
2014-08-08,22.57,22.719998999999998,22.33,21.996847,22.540001,5841000
2014-08-11,22.65,23.17,22.65,22.250582,22.799999,6684600
2014-08-12,22.709999,22.93,22.67,22.260342,22.809998999999998,5454900
2014-08-13,23.25,23.25,22.709999,22.455521,23.01,5339200
2014-08-14,23.09,23.34,23.030001000000002,22.748291000000002,23.309998999999998,5688600
2014-08-15,23.540001,23.540001,23.139999,22.797089,23.360001,7977500
2014-08-18,23.4,23.5,23.190001000000002,22.709257,23.27,5456200
2014-08-19,23.25,23.25,23.0,22.455521,23.01,5582000
2014-08-20,23.0,23.219998999999998,22.959999,22.523834,23.08,4251900
2014-08-21,23.059998999999998,23.209999,23.01,22.601906,23.16,4233200
2014-08-22,23.280001000000002,23.33,23.0,22.572627999999998,23.129998999999998,2820900
2014-08-25,23.219998999999998,23.290001,23.01,22.484798,23.040001,2679500
2014-08-26,23.1,23.15,22.799999,22.455521,23.01,4546000
2014-08-27,23.07,23.190001000000002,23.040001,22.631184,23.190001000000002,3209300
2014-08-28,23.040001,23.370001000000002,23.030001000000002,22.787329,23.35,3419400
2014-08-29,23.379998999999998,23.540001,23.190001000000002,22.972752,23.540001,7153000
2014-09-02,23.530001000000002,23.76,23.35,23.167929,23.74,6068200
2014-09-03,23.77,24.120001000000002,23.77,23.372871,23.950001,8350300
2014-09-04,23.9,24.16,23.76,23.216726,23.790001,4613600
2014-09-05,23.879998999999998,24.030001000000002,23.65,23.441183,24.02,4126600
2014-09-08,23.889999,24.0,23.459999,23.285038,23.860001,8696900
2014-09-09,23.860001,24.0,23.48,23.158173,23.73,9387100
2014-09-10,24.120001000000002,24.18,23.280001000000002,23.236244,23.809998999999998,9605700
2014-09-11,23.780001000000002,24.08,23.700001,23.294798,23.870001000000002,5008400
2014-09-12,23.799999,23.870001000000002,23.17,22.826365,23.389999,8784900
2014-09-15,23.4,23.48,22.219998999999998,21.772388,22.309998999999998,13716900
2014-09-16,22.33,22.52,22.17,21.674797,22.209999,6673300
2014-09-17,22.309998999999998,22.41,21.41,20.923353,21.440001000000002,16395400
2014-09-18,21.59,21.870001000000002,21.32,21.245401,21.77,9120600
2014-09-19,21.91,22.0,21.559998999999998,21.294197,21.82,8804700
2014-09-22,21.74,21.82,21.620001000000002,21.16733,21.690001000000002,5580800
2014-09-23,21.5,21.629998999999998,21.209999,20.767210000000002,21.280001000000002,7434400
2014-09-24,21.280001000000002,21.379998999999998,21.059998999999998,20.698895,21.209999,6927300
2014-09-25,21.200001,21.209999,20.950001,20.503716,21.01,7398300
2014-09-26,21.02,21.370001000000002,20.940001000000002,20.737932,21.25,6363900
2014-09-29,21.139999,21.23,20.82,20.406126,20.91,4811600
2014-09-30,20.93,21.059998999999998,20.65,20.289017,20.790001,7111600
2014-10-01,20.84,20.870001000000002,20.440001000000002,20.093838,20.59,6161300
2014-10-02,20.540001,20.620001000000002,19.959999,19.918175,20.41,6718800
2014-10-03,20.49,20.790001,20.41,20.210943,20.709999,5952500
2014-10-06,20.809998999999998,20.809998999999998,20.48,20.14263,20.639999,4760300
2014-10-07,20.639999,20.639999,20.08,19.644920000000003,20.129998999999998,8088500
2014-10-08,20.15,20.73,19.91,20.14263,20.639999,15866700
2014-10-09,20.74,20.74,20.030001000000002,19.596127,20.08,5516600
2014-10-10,19.950001,20.08,18.700001,18.259138,18.709999,20038000
2014-10-13,18.790001,19.040001,18.389999,17.976128,18.42,9169400
2014-10-14,18.530001000000002,18.74,18.08,17.771189,18.209999,8681900
2014-10-15,18.0,18.74,17.73,18.268898,18.719998999999998,12157300
2014-10-16,18.389999,19.34,18.280001000000002,18.532391,18.99,13359100
2014-10-17,19.190001000000002,19.440001000000002,18.809998999999998,18.395767000000003,18.85,8996100
2014-10-20,18.809998999999998,18.92,18.67,18.415285,18.870001000000002,6568900
2014-10-21,19.02,19.24,18.93,18.776367,19.24,9764400
2014-10-22,19.370001000000002,19.370001000000002,19.0,18.58119,19.040001,5357600
2014-10-23,19.18,19.25,18.98,18.600704,19.059998999999998,5875400
2014-10-24,19.049999,19.35,18.969998999999998,18.708054,19.17,9758100
2014-10-27,19.17,19.25,18.98,18.532391,18.99,14706500
2014-10-28,19.120001000000002,19.32,19.08,18.766607,19.23,8264500
2014-10-29,19.27,19.41,18.969998999999998,18.58119,19.040001,10196600
2014-10-30,19.01,19.629998999999998,19.01,19.108175,19.58,10294600
2014-10-31,19.83,20.01,19.77,19.469259,19.950001,10058200
2014-11-03,20.219998999999998,20.379998999999998,20.02,19.810823000000003,20.299999,10381700
2014-11-04,20.33,20.450001,19.83,19.469259,19.950001,12161900
2014-11-05,21.299999,21.5,20.139999,20.328053,20.83,29610800
2014-11-06,20.879998999999998,20.93,20.459999,20.084078,20.58,13833700
2014-11-07,20.530001000000002,20.860001,20.280001000000002,20.15239,20.65,11826200
2014-11-10,20.639999,20.959999,20.639999,20.415884,20.92,8494000
2014-11-11,21.120001000000002,21.16,20.5,20.113354,20.610001,6870400
2014-11-12,20.58,20.700001,20.309998999999998,19.918175,20.41,6642000
2014-11-13,20.389999,20.41,20.01,19.849860999999997,20.34,7488400
2014-11-14,20.24,20.26,19.879998999999998,19.615644,20.1,10319800
2014-11-17,20.059998999999998,20.16,19.870001000000002,19.420462,19.9,5675500
2014-11-18,19.99,20.18,19.91,19.527813000000002,20.01,6379700
2014-11-19,20.32,20.32,19.530001000000002,19.098415,19.57,10537900
2014-11-20,20.15,21.129998999999998,20.1,20.601305,21.110001,24143200
2014-11-21,21.450001,21.49,21.049999,20.659861,21.17,12111700
2014-11-24,21.0,21.34,20.84,20.786726,21.299999,6343600
2014-11-25,21.280001000000002,21.860001,21.23,21.206366,21.73,11208900
2014-11-26,21.77,21.879998999999998,21.530001000000002,21.294197,21.82,6997300
2014-11-28,21.68,21.85,21.42,21.128292000000002,21.65,4069500
2014-12-01,21.629998999999998,21.629998999999998,20.959999,20.542751000000003,21.049999,7695700
2014-12-02,21.059998999999998,21.190001000000002,20.860001,20.630582999999998,21.139999,4803900
2014-12-03,21.17,21.540001,20.77,20.962389,21.48,8966300
2014-12-04,21.48,21.98,21.48,21.245401,21.77,8245900
2014-12-05,21.719998999999998,21.870001000000002,21.6,21.264920999999998,21.790001,5565600
2014-12-08,21.690001000000002,21.77,20.77,20.415884,20.92,6415500
2014-12-09,20.76,21.030001000000002,20.450001,20.464679999999998,20.969998999999998,5747000
2014-12-10,20.9,20.99,20.440001000000002,19.996246,20.49,5381400
2014-12-11,20.5,20.790001,20.299999,19.849860999999997,20.34,4787200
2014-12-12,19.540001,20.17,19.469998999999998,19.420462,19.9,11741800
2014-12-15,20.1,20.290001,19.82,19.537575,20.02,5744600
2014-12-16,19.85,19.98,19.35,18.912992000000003,19.379998999999998,9767800
2014-12-17,19.43,19.719998999999998,19.129998999999998,19.196007,19.67,10997100
2014-12-18,20.049999,20.08,19.629998999999998,19.557091,20.040001,7861100
2014-12-19,20.110001,20.469998999999998,20.1,19.76203,20.25,7881700
2014-12-22,20.360001,20.540001,20.209999,19.810823000000003,20.299999,3566400
2014-12-23,20.42,20.610001,20.219998999999998,19.742511999999998,20.23,5391400
2014-12-24,20.32,20.450001,20.23,19.859621,20.35,1613800
2014-12-26,20.450001,20.51,20.33,19.927935,20.42,3085400
2014-12-29,20.379998999999998,20.51,20.35,19.869377,20.360001,3213800
2014-12-30,20.309998999999998,20.4,20.219998999999998,19.752270000000003,20.24,3521200
2014-12-31,20.26,20.41,20.139999,19.664438,20.15,3448700
2015-01-02,20.24,20.280001000000002,19.99,19.644920000000003,20.129998999999998,3233400
2015-01-05,20.139999,20.18,19.780001000000002,19.37167,19.85,5008400
2015-01-06,19.879998999999998,19.969998999999998,19.360001,19.010583999999998,19.48,6387500
2015-01-07,19.59,19.74,18.860001,18.600704,19.059998999999998,16560300
2015-01-08,19.25,19.49,19.139999,18.786127,19.25,17656100
2015-01-09,19.280001000000002,19.35,18.860001,18.444558999999998,18.9,8727900
2015-01-12,19.08,19.129998999999998,18.610001,18.405525,18.860001,8215800
2015-01-13,19.120001000000002,19.15,18.43,18.112753,18.559998999999998,6444100
2015-01-14,18.73,19.02,18.559998999999998,18.473839,18.93,9041300
2015-01-15,18.91,19.0,18.52,18.102995,18.549999,6394400
2015-01-16,19.620001000000002,20.299999,19.58,19.76203,20.25,19269600
2015-01-20,20.34,20.34,19.799999,19.732751999999998,20.219998999999998,8545300
2015-01-21,20.110001,20.18,19.93,19.615644,20.1,7115500
2015-01-22,20.16,20.6,20.049999,20.093838,20.59,7917100
2015-01-23,20.59,20.83,20.52,20.15239,20.65,5914300
2015-01-26,20.65,20.870001000000002,20.52,20.337812,20.84,5989800
2015-01-27,20.700001,20.73,20.25,19.976727,20.469998999999998,5033800
2015-01-28,20.73,20.959999,20.34,20.171909,20.67,10122000
2015-01-29,20.6,20.91,20.34,20.249981,20.75,6818300
2015-01-30,20.610001,21.190001000000002,20.459999,20.396366,20.9,10933600
2015-02-02,20.9,21.190001000000002,20.379998999999998,20.620823,21.129998999999998,9339200
2015-02-03,21.200001,21.77,21.15,21.138052,21.66,9711000
2015-02-04,21.6,21.74,21.370001000000002,21.001427,21.52,7529100
2015-02-05,21.67,21.9,21.559998999999998,21.294197,21.82,12289500
2015-02-06,20.5,22.34,20.280001000000002,21.577208,22.110001,34843700
2015-02-09,22.01,22.18,21.74,21.508896,22.040001,10617700
2015-02-10,22.07,22.34,21.889999,21.743113,22.280001000000002,11818100
2015-02-11,22.33,22.719998999999998,22.200001,22.113955999999998,22.66,10171900
2015-02-12,22.709999,23.15,22.709999,22.387207,22.940001000000002,8652900
2015-02-13,22.940001000000002,23.110001,22.77,22.553112,23.110001,5291200
2015-02-17,23.049999,23.51,22.969998999999998,22.923952,23.49,6657700
2015-02-18,23.41,23.57,23.299999,22.845881,23.41,6257100
2015-02-19,23.290001,23.35,23.0,22.758051000000002,23.32,7140400
2015-02-20,23.360001,23.360001,23.09,22.748291000000002,23.309998999999998,5211500
2015-02-23,23.34,23.450001,23.110001,22.806847,23.370001000000002,3972700
2015-02-24,23.299999,23.65,23.209999,22.972752,23.540001,3756800
2015-02-25,23.209999,23.49,23.200001,22.894676,23.459999,5441800
2015-02-26,23.299999,23.459999,23.09,22.787329,23.35,6725100
2015-02-27,23.360001,23.51,23.209999,22.758051000000002,23.32,4485200
2015-03-02,23.32,23.35,23.08,22.689737,23.25,7236600
2015-03-03,23.25,23.26,23.049999,22.543352,23.1,5073700
2015-03-04,23.01,23.1,22.709999,22.377449,22.93,5290200
2015-03-05,22.91,23.370001000000002,22.9,22.728775,23.290001,5925900
2015-03-06,23.120001000000002,23.34,22.969998999999998,22.514076,23.07,4649100
2015-03-09,23.059998999999998,23.360001,23.01,22.758051000000002,23.32,5642300
2015-03-10,23.200001,23.200001,22.620001000000002,22.192028,22.74,5722700
2015-03-11,22.67,22.9,22.440001000000002,22.260342,22.809998999999998,3627200
2015-03-12,23.030001000000002,23.280001000000002,22.77,22.240824,22.790001,6279800
2015-03-13,22.66,23.07,22.66,22.436004999999998,22.99,5055700
2015-03-16,23.02,23.27,22.99,22.621426,23.18,3926600
2015-03-17,23.030001000000002,23.209999,22.950001,22.553112,23.110001,3781900
2015-03-18,23.0,23.690001000000002,22.950001,23.011785999999997,23.58,4476900
2015-03-19,23.6,23.629998999999998,23.07,22.592148,23.15,4847100
2015-03-20,23.4,23.49,23.25,22.85564,23.42,6118300
2015-03-23,23.389999,23.440001000000002,23.120001000000002,22.621426,23.18,4803200
2015-03-24,23.209999,23.42,23.0,22.621426,23.18,4808000
2015-03-25,23.16,23.219998999999998,22.67,22.152992,22.700001,6718100
2015-03-26,22.459999,22.58,22.309998999999998,22.162848999999998,22.48,5436700
2015-03-27,22.48,22.809998999999998,22.299999,22.438898000000002,22.76,3314500
2015-03-30,22.83,23.200001,22.83,22.695232,23.02,3791700
2015-03-31,22.870001000000002,22.9,22.5,22.409321,22.73,5902500
2015-04-01,22.73,22.780001000000002,22.280001000000002,22.113556,22.43,4826800
2015-04-02,22.469998999999998,22.82,22.42,22.320591,22.639999,2873600
2015-04-06,22.530001000000002,22.85,22.43,22.350168,22.67,3229700
2015-04-07,22.559998999999998,23.030001000000002,22.51,22.448759,22.77,2840100
2015-04-08,22.76,23.07,22.67,22.636078,22.959999,5221100
2015-04-09,22.9,23.049999,22.75,22.675514,23.0,3326900
2015-04-10,23.09,23.09,22.799999,22.606501,22.93,3310200
2015-04-13,22.85,23.030001000000002,22.780001000000002,22.468477,22.790001,1912400
2015-04-14,22.790001,22.959999,22.620001000000002,22.596642000000003,22.92,3515900
2015-04-15,23.059998999999998,23.43,22.9,22.576923,22.9,5687900
2015-04-16,22.870001000000002,23.219998999999998,22.719998999999998,22.862833,23.190001000000002,3853300
2015-04-17,23.02,23.120001000000002,22.74,22.488194,22.809998999999998,2722100
2015-04-20,22.879998999999998,23.299999,22.84,22.754385,23.08,3435700
2015-04-21,23.190001000000002,23.5,23.110001,23.060011,23.389999,3163000
2015-04-22,23.379998999999998,23.629998999999998,23.370001000000002,23.1586,23.49,4320100
2015-04-23,23.389999,23.889999,23.379998999999998,23.414932,23.75,3507300
2015-04-24,23.93,24.030001000000002,23.799999,23.602251000000003,23.940001000000002,4273400
2015-04-27,23.98,24.02,23.65,23.385353,23.719998999999998,3436100
2015-04-28,23.65,23.799999,23.370001000000002,23.138882000000002,23.469998999999998,4610300
2015-04-29,23.299999,23.59,23.1,22.862833,23.190001000000002,6498000
2015-04-30,23.200001,23.32,22.629998999999998,22.498053,22.82,7416200
2015-05-01,22.790001,23.09,22.790001,22.724808,23.049999,3608400
2015-05-04,23.110001,23.27,22.92,22.862833,23.190001000000002,3453000
2015-05-05,23.16,23.16,22.709999,22.389605,22.709999,4141300
2015-05-06,22.77,23.219998999999998,22.66,22.872692,23.200001,8281300
2015-05-07,23.24,24.6,23.129998999999998,24.065620000000003,24.41,15115800
2015-05-08,24.65,25.15,24.530001000000002,24.69659,25.049999,8489600
2015-05-11,25.0,25.059998999999998,24.620001000000002,24.292376,24.639999,5685800
2015-05-12,24.540001,24.68,24.27,24.2628,24.610001,5982000
2015-05-13,24.799999,24.969998999999998,24.58,24.282516,24.629998999999998,3733700
2015-05-14,24.790001,25.280001000000002,24.719998999999998,24.814899,25.17,5667000
2015-05-15,25.32,25.66,25.15,25.061373,25.42,8220100
2015-05-18,25.360001,25.620001000000002,25.290001,25.061373,25.42,3815400
2015-05-19,25.6,25.65,25.360001,25.120525,25.48,3501500
2015-05-20,25.49,25.77,25.4,25.386715,25.75,4759400
2015-05-21,25.639999,25.719998999999998,25.459999,25.258553,25.620001000000002,4636800
2015-05-22,25.5,25.75,25.379998999999998,25.130384,25.49,2892600
2015-05-26,25.389999,25.450001,25.17,25.051512,25.41,3156600
2015-05-27,25.49,25.76,25.33,25.347281,25.709999,3720300
2015-05-28,25.67,25.879998999999998,25.559998999999998,25.366997,25.73,4347200
2015-05-29,25.889999,25.950001,25.190001000000002,24.903629000000002,25.26,7912600
2015-06-01,25.440001000000002,25.65,25.15,25.041655,25.4,4281000
2015-06-02,25.309998999999998,25.76,25.27,25.169819,25.530001000000002,3872000
2015-06-03,25.76,26.059998999999998,25.67,25.593754,25.959999,5347500
2015-06-04,25.77,26.09,25.610001,25.327562,25.690001000000002,3883500
2015-06-05,25.629998999999998,25.83,25.549999,25.406435000000002,25.77,2612500
2015-06-08,25.77,25.780001000000002,25.23,25.081089000000002,25.440001000000002,6261000
2015-06-09,25.450001,25.879998999999998,25.200001,25.159962,25.52,7873400
2015-06-10,25.5,25.6,25.15,25.140242,25.5,5329200
2015-06-11,25.08,25.389999,24.93,24.943064,25.299999,13168900
2015-06-12,25.25,25.440001000000002,25.059998999999998,25.041655,25.4,8228100
2015-06-15,25.26,25.27,24.48,24.193787,24.540001,11421100
2015-06-16,24.790001,24.9,24.65,24.390964999999998,24.74,8906500
2015-06-17,24.879998999999998,24.969998999999998,24.68,24.519133,24.870001000000002,6207600
2015-06-18,24.91,25.27,24.9,24.785322,25.139999,7218100
2015-06-19,25.190001000000002,25.200001,24.879998999999998,24.657156,25.01,6717100
2015-06-22,25.16,25.26,25.110001,24.874052,25.23,4433300
2015-06-23,25.24,25.469998999999998,25.16,25.061373,25.42,3777200
2015-06-24,25.389999,25.559998999999998,25.24,25.081089000000002,25.440001000000002,6549000
2015-06-25,25.459999,25.65,25.34,25.041655,25.4,3254300
2015-06-26,25.57,25.65,24.959999,24.686733,25.040001,11468800
2015-06-29,24.709999,24.870001000000002,24.440001000000002,24.144493,24.49,4749700
2015-06-30,24.65,24.68,24.15,23.868443,24.209999,7165600
2015-07-01,24.4,24.959999,24.32,24.381104999999998,24.73,8808500
2015-07-02,24.700001,24.75,24.469998999999998,24.282516,24.629998999999998,4763200
2015-07-06,24.41,25.01,24.370001000000002,24.469835,24.82,3735300
2015-07-07,25.01,25.25,24.370001000000002,24.69659,25.049999,7117100
2015-07-08,24.84,25.15,24.75,24.450119,24.799999,8784000
2015-07-09,25.09,25.24,24.9,24.775461,25.129998999999998,9879800
2015-07-10,25.370001000000002,25.610001,25.23,25.002218,25.360001,5420800
2015-07-13,25.540001,25.889999,25.48,25.524739999999998,25.889999,6138100
2015-07-14,25.82,26.209999,25.68,25.692341,26.059998999999998,9132000
2015-07-15,25.940001000000002,26.09,25.559998999999998,25.406435000000002,25.77,5554700
2015-07-16,25.889999,26.0,25.74,25.485306,25.85,3601100
2015-07-17,25.98,26.02,25.639999,25.445868,25.809998999999998,3550200
2015-07-20,25.809998999999998,26.41,25.76,25.879662,26.25,6105300
2015-07-21,26.25,26.450001,26.08,25.721918,26.09,4711100
2015-07-22,25.99,26.09,25.84,25.583895000000002,25.950001,3259600
2015-07-23,25.950001,26.26,25.809998999999998,25.574036,25.940001000000002,3524500
2015-07-24,26.030001000000002,26.27,25.84,25.81065,26.18,5567600
2015-07-27,26.040001,26.1,25.5,25.248692000000002,25.610001,8092700
2015-07-28,25.799999,25.870001000000002,25.379998999999998,25.347281,25.709999,4401200
2015-07-29,25.620001000000002,26.030001000000002,25.5,25.61347,25.98,3334400
2015-07-30,25.85,26.18,25.709999,25.692341,26.059998999999998,5150600
2015-07-31,26.040001,26.139999,25.66,25.426153,25.790001,5169800
2015-08-03,25.879998999999998,25.99,25.33,25.159962,25.52,5906600
2015-08-04,25.57,25.84,25.440001000000002,25.307844,25.67,8484600
2015-08-05,27.73,29.200001,27.68,28.304955,28.709999,24987100
2015-08-06,28.799999,29.08,28.49,28.304955,28.709999,9293000
2015-08-07,28.66,28.83,28.24,28.373967999999998,28.780001000000002,6945200
2015-08-10,28.879998999999998,29.18,28.790001,28.403543,28.809998999999998,5999600
2015-08-11,28.6,28.860001,28.27,28.058483000000003,28.459999,6280300
2015-08-12,28.209999,28.76,27.82,28.255661,28.66,8297900
2015-08-13,28.57,29.059998999999998,28.42,28.442982,28.85,7351700
2015-08-14,28.74,28.889999,28.469998999999998,28.275378999999997,28.68,2596900
2015-08-17,28.68,29.42,28.440001000000002,28.886633000000003,29.299999,5885600
2015-08-18,29.5,29.700001,29.09,28.80776,29.219998999999998,4312000
2015-08-19,29.209999,29.34,28.76,28.571146000000002,28.98,4980300
2015-08-20,28.639999,28.73,27.93,27.585255,27.98,5904000
2015-08-21,27.540001,27.77,27.17,26.835976000000002,27.219998999999998,8386700
2015-08-24,25.01,27.07,24.040001,25.790932,26.16,8461300
2015-08-25,27.35,27.35,26.030001000000002,25.81065,26.18,6895700
2015-08-26,26.860001,27.41,26.16,26.904991,27.290001,8077600
2015-08-27,27.52,28.33,27.25,27.535959000000002,27.93,7476200
2015-08-28,29.690001000000002,30.0,28.91,28.80776,29.219998999999998,133082400
2015-08-31,29.34,29.35,28.540001,28.226084000000004,28.629998999999998,13981100
2015-09-01,27.860001,28.280001000000002,27.51,27.466949,27.860001,12062800
2015-09-02,28.75,28.77,27.99,27.969753000000004,28.370001000000002,14410500
2015-09-03,28.379998999999998,29.040001,28.379998999999998,28.196508,28.6,10380600
2015-09-04,28.209999,28.719998999999998,27.969998999999998,27.703561999999998,28.1,10456300
2015-09-08,28.629998999999998,28.889999,28.35,28.462698,28.870001000000002,8110700
2015-09-09,29.1,29.24,28.620001000000002,28.285238,28.690001000000002,6723900
2015-09-10,28.51,29.26,28.35,28.650017,29.059998999999998,5553800
2015-09-11,28.83,29.16,28.51,28.738746999999996,29.15,4479900
2015-09-14,29.15,29.280001000000002,28.98,28.797898999999997,29.209999,4787700
2015-09-15,29.33,30.08,29.27,29.379578000000002,29.799999,8044600
2015-09-16,29.799999,30.59,29.790001,30.08942,30.52,8173600
2015-09-17,30.370001000000002,31.469998999999998,30.370001000000002,30.533071999999997,30.969998999999998,10016800
2015-09-18,30.610001,31.24,30.469998999999998,30.661238,31.1,11173100
2015-09-21,31.110001,31.65,31.110001,31.075312,31.52,8410300
2015-09-22,31.26,31.459999,31.1,30.966864,31.41,8119800
2015-09-23,31.33,31.690001000000002,31.0,31.173903000000003,31.620001000000002,7788000
2015-09-24,31.360001,31.700001,30.969998999999998,31.045734000000003,31.49,9845100
2015-09-25,31.709999,32.5,31.59,31.607695,32.060001,12107900
2015-09-28,32.220001,32.450001,31.200001,30.868275,31.309998999999998,12049300
2015-09-29,31.25,31.27,30.309998999999998,30.227446,30.66,11385200
2015-09-30,31.01,31.24,30.43,30.454201,30.889999,9411500
2015-10-01,31.389999,31.459999,30.620001000000002,30.464058,30.9,8515700
2015-10-02,30.57,31.459999,30.25,31.016157,31.459999,9430200
2015-10-05,31.82,32.060001,31.549999,31.518963,31.969998999999998,8559100
2015-10-06,31.85,32.240002000000004,31.51,31.459809999999997,31.91,6608700
2015-10-07,32.080002,32.290001000000004,31.379998999999998,31.489388,31.940001000000002,6744300
2015-10-08,31.76,31.85,31.01,31.282351000000002,31.73,8725400
2015-10-09,31.629998999999998,32.09,31.33,31.617554,32.07,6321000
2015-10-12,31.879998999999998,32.900002,31.809998999999998,32.120360999999995,32.580002,5199600
2015-10-13,32.5,33.189999,32.200001,32.416126,32.880001,12662700
2015-10-14,32.77,33.41,32.68,32.554153,33.02,9086800
2015-10-15,33.18,33.810001,32.970001,33.323143,33.799999,10559300
2015-10-16,34.060001,34.310001,33.790001000000004,33.687923,34.169998,7672200
2015-10-19,33.939999,34.169998,33.34,33.273849,33.75,5443200
2015-10-20,33.759997999999996,33.849998,33.490002000000004,33.342865,33.82,5382200
2015-10-21,34.0,34.110001000000004,33.669998,33.303425,33.779999,4699900
2015-10-22,33.880001,35.130001,33.880001,34.259743,34.75,9641600
2015-10-23,35.259997999999996,35.439999,34.75,34.407631,34.900002,9147900
2015-10-26,35.009997999999996,35.049999,34.759997999999996,34.387909,34.880001,3783000
2015-10-27,34.900002,35.130001,34.689999,34.387909,34.880001,6001000
2015-10-28,35.0,35.41,34.799999,34.782265,35.279999,6129800
2015-10-29,35.200001,35.389998999999996,34.52,34.496357,34.990002000000004,5697400
2015-10-30,34.84,35.200001,34.200001,34.2696,34.759997999999996,8679000
2015-11-02,34.25,34.860001000000004,33.830002,34.082283000000004,34.57,7385300
2015-11-03,33.349998,37.799999,32.389998999999996,35.314648,35.82,43548400
2015-11-04,36.150002,37.560001,36.009997999999996,36.468143,36.990002000000004,17829500
2015-11-05,37.450001,37.860001000000004,36.759997999999996,36.83292,37.360001000000004,10398100
2015-11-06,37.77,37.77,34.849998,34.506218,35.0,20663200
2015-11-09,35.299999,35.869999,33.709998999999996,33.569618,34.049999,15949100
2015-11-10,33.849998,33.950001,33.32,33.382298,33.860001000000004,8898400
2015-11-11,34.349998,34.889998999999996,33.580002,34.082283000000004,34.57,8541700
2015-11-12,34.610001000000004,35.509997999999996,34.610001000000004,34.516075,35.009997999999996,9767300
2015-11-13,34.779999,35.009997999999996,34.18,34.101997,34.59,6818400
2015-11-16,34.490002000000004,35.099998,33.779999,34.456924,34.950001,8677200
2015-11-17,34.970001,36.240002000000004,34.849998,35.610413,36.119999,9977800
2015-11-18,36.23,36.950001,35.82,36.349834,36.869999,8259300
2015-11-19,37.0,37.57,36.919998,36.487858,37.009997999999996,5263900
2015-11-20,37.099998,38.029999,36.610001000000004,36.980804,37.509997999999996,8262200
2015-11-23,37.32,37.580002,36.529999,36.823059,37.349998,8400800
2015-11-24,37.18,37.279999,36.509997999999996,36.320254999999996,36.84,5809900
2015-11-25,37.02,37.459998999999996,36.75,36.704754,37.23,4218100
2015-11-27,37.200001,37.400002,37.150002,36.714615,37.240002000000004,1369100
2015-11-30,37.450001,37.68,36.689999,37.128689,37.66,7971400
2015-12-01,37.860001000000004,38.759997999999996,37.849998,38.025852,38.57,8410300
2015-12-02,38.57,39.0,38.279999,37.838531,38.380001,5560600
2015-12-03,38.630001,38.93,37.360001000000004,37.089252,37.619999,7660800
2015-12-04,37.560001,38.98,37.540001000000004,38.341335,38.889998999999996,5040600
2015-12-07,38.919998,39.029999,38.389998999999996,38.144157,38.689999,6738400
2015-12-08,38.330002,39.459998999999996,38.130001,38.804707,39.360001000000004,5634200
2015-12-09,39.200001,39.349998,37.860001000000004,38.045567,38.59,7247800
2015-12-10,38.709998999999996,38.82,38.080002,37.838531,38.380001,5204400
2015-12-11,37.759997999999996,38.259997999999996,36.759997999999996,36.694897,37.220001,10795300
2015-12-14,37.27,38.0,36.889998999999996,37.424454,37.959998999999996,5666400
2015-12-15,38.330002,39.549999,38.240002000000004,38.163872,38.709998999999996,7958900
2015-12-16,38.939999,39.43,38.139998999999996,38.656818,39.209998999999996,6277300
2015-12-17,39.360001000000004,39.799999,38.849998,38.321616999999996,38.869999,7383300
2015-12-18,38.470001,39.130001,38.310001,37.927261,38.470001,12539000
2015-12-21,38.860001000000004,39.290001000000004,38.099998,38.193455,38.740002000000004,5771100
2015-12-22,39.560001,39.779999,38.790001000000004,38.656818,39.209998999999996,4134600
2015-12-23,39.380001,39.450001,37.599998,38.292038,38.84,5419200
2015-12-24,38.939999,39.110001000000004,38.529999,38.370911,38.919998,1927400
2015-12-28,38.759997999999996,39.029999,38.259997999999996,38.479359,39.029999,3299400
2015-12-29,39.34,39.93,39.23,39.021603000000006,39.580002,4996800
2015-12-30,39.57,39.740002000000004,39.349998,38.873718,39.43,2852700
2015-12-31,39.240002000000004,39.380001,38.52,38.163872,38.709998999999996,5007500
2016-01-04,38.049999,38.09,36.98,37.089252,37.619999,8926100
2016-01-05,37.790001000000004,37.889998999999996,36.939999,36.616023999999996,37.139998999999996,11150200
2016-01-06,36.32,36.799999,36.080002,36.270962,36.790001000000004,17867300
2016-01-07,35.790001000000004,37.009997999999996,35.43,35.758301,36.27,10489200
2016-01-08,36.790001000000004,36.790001000000004,35.540001000000004,35.2062,35.709998999999996,8412700
2016-01-11,35.900002,36.650002,35.790001000000004,35.699146,36.209998999999996,8151700
2016-01-12,36.650002,37.830002,36.529999,36.596306,37.119999,6984500
2016-01-13,37.48,37.48,34.700001,34.368190999999996,34.860001000000004,53119700
2016-01-14,34.919998,35.66,34.169998,34.900574,35.400002,9527700
2016-01-15,34.310001,35.349998,33.509997999999996,34.417484,34.91,11915600
2016-01-19,35.52,35.630001,34.700001,34.654099,35.150002,5843600
2016-01-20,34.529999,35.060001,33.459998999999996,34.220306,34.709998999999996,8084300
2016-01-21,34.790001000000004,35.450001,34.380001,34.072426,34.560001,8859500
2016-01-22,35.080002,36.209998999999996,34.82,35.413235,35.919998,6601600
2016-01-25,35.759997999999996,35.869999,34.630001,34.240025,34.73,8582500
2016-01-26,34.849998,35.459998999999996,34.830002,34.801983,35.299999,5501700
2016-01-27,35.25,35.400002,33.919998,33.589335999999996,34.07,7862600
2016-01-28,34.529999,34.93,33.169998,33.313286,33.790001000000004,13813600
2016-01-29,33.630001,34.880001,32.549999,34.328753999999996,34.82,20543900
2016-02-01,34.599998,35.259997999999996,34.43,34.18087,34.669998,8915900
2016-02-02,34.240002000000004,34.57,33.119999,32.948505,33.419998,8704700
2016-02-03,33.810001,33.849998,32.330002,32.652737,33.119999,10319100
2016-02-04,33.139998999999996,33.25,31.33,31.489388,31.940001000000002,17559800
2016-02-05,31.77,31.799999,30.389999,30.099279,30.530001000000002,17261300
2016-02-08,29.690001000000002,29.889999,28.129998999999998,28.314814000000002,28.719998999999998,17084100
2016-02-09,28.41,29.75,28.049999,28.403543,28.809998999999998,14216700
2016-02-10,29.059998999999998,30.549999,29.049999,29.72464,30.15,14315500
2016-02-11,29.6,30.719998999999998,29.49,30.08942,30.52,17176400
2016-02-12,28.66,29.040001,26.49,27.72328,28.120001000000002,42849800
2016-02-16,28.559998999999998,29.65,28.549999,29.00494,29.42,15564900
2016-02-17,29.76,30.02,29.32,29.034516999999997,29.450001,15154900
2016-02-18,29.879998999999998,30.0,28.790001,28.472557000000002,28.879998999999998,8244200
2016-02-19,28.85,30.35,28.65,29.764076,30.190001000000002,11537100
2016-02-22,30.51,31.85,30.48,31.075312,31.52,10579000
2016-02-23,31.35,31.91,30.549999,30.296457,30.73,9504100
2016-02-24,30.440001000000002,31.77,30.24,31.262629999999998,31.709999,8306200
2016-02-25,31.98,32.619999,31.75,31.864025,32.32,8611400
2016-02-26,32.380001,32.630001,31.65,31.440092,31.889999,7114300
2016-02-29,31.73,32.220001,31.32,31.223196,31.67,7479300
2016-03-01,31.959999,32.400002,31.450001,31.755577000000002,32.209998999999996,7543600
2016-03-02,32.0,32.209998999999996,31.51,31.558396999999996,32.009997999999996,8292800
2016-03-03,31.809998999999998,31.9,31.02,31.075312,31.52,5454900
2016-03-04,31.84,31.84,30.709999,30.749968,31.190001000000002,6125800
2016-03-07,31.0,31.48,30.51,30.542931,30.98,7751300
2016-03-08,30.700001,31.15,30.51,30.345753000000002,30.780001000000002,6958300
2016-03-09,30.82,31.049999,30.370001000000002,30.424625,30.860001,6527100
2016-03-10,30.9,31.51,30.700001,30.809122,31.25,7588900
2016-03-11,31.51,32.029999,31.48,31.075312,31.52,7747200
2016-03-14,31.65,32.669998,31.57,31.952755,32.41,7123600
2016-03-15,32.34,32.869999,32.18,32.021767,32.48,5373400
2016-03-16,32.490002000000004,32.91,32.200001,32.327396,32.790001000000004,5080400
2016-03-17,32.68,33.080002,32.02,32.140071999999996,32.599998,6275600
2016-03-18,32.68,32.68,31.77,31.745720000000002,32.200001,11477100
2016-03-21,32.23,32.32,31.809998999999998,31.587978000000003,32.040001000000004,3060500
2016-03-22,31.889999,32.57,31.860001,32.080921000000004,32.540001000000004,4683600
2016-03-23,32.48,32.810001,32.419998,32.120360999999995,32.580002,4115900
2016-03-24,32.439999,32.580002,31.91,31.755577000000002,32.209998999999996,3764400
2016-03-28,32.099998,32.34,31.709999,31.94442,32.139998999999996,3263300
2016-03-29,32.27,33.349998,32.25,33.037727000000004,33.240002000000004,6150600
2016-03-30,33.599998,34.290001000000004,33.509997999999996,33.862675,34.07,8354300
2016-03-31,33.98,34.5,33.700001,33.634075,33.84,7040400
2016-04-01,33.810001,34.529999,33.549999,34.210545,34.419998,4998000
2016-04-04,34.419998,34.66,33.959998999999996,34.021702000000005,34.23,4823200
2016-04-05,33.91,34.349998,33.599998,33.504868,33.709998999999996,5672900
2016-04-06,33.889998999999996,34.169998,33.540001000000004,33.793102000000005,34.0,4550200
2016-04-07,33.869999,33.970001,33.310001,33.216629,33.419998,5796000
2016-04-08,33.700001,34.16,33.52,33.763287,33.970001,4591900
2016-04-11,34.299999,34.380001,33.41,33.206692,33.41,4487200
2016-04-12,33.43,33.66,33.029999,33.276268,33.48,5235900
2016-04-13,33.919998,35.299999,33.849998,34.946045,35.16,8358500
2016-04-14,35.290001000000004,35.290001000000004,34.779999,34.697563,34.91,3898200
2016-04-15,35.02,35.07,34.34,34.359634,34.57,5357200
2016-04-18,34.560001,35.450001,34.130001,35.224339,35.439999,4524600
2016-04-19,35.48,35.599998,34.799999,34.995739,35.209998999999996,4159900
2016-04-20,35.34,35.450001,34.93,35.035496,35.25,3502300
2016-04-21,35.169998,35.439999,34.959998999999996,34.975861,35.189999,3113900
2016-04-22,34.869999,35.43,34.52,34.439147999999996,34.650002,4673200
2016-04-25,34.610001000000004,34.959998999999996,34.560001,34.707504,34.919998,2743400
2016-04-26,35.080002,35.43,34.990002000000004,34.995739,35.209998999999996,3567000
2016-04-27,34.93,35.130001,33.830002,34.160851,34.369999,6867200
2016-04-28,34.240002000000004,34.869999,33.779999,33.693714,33.900002,5250200
2016-04-29,33.599998,34.580002,33.549999,34.260242,34.470001,6444500
2016-05-02,34.700001,34.75,33.939999,34.369576,34.580002,7586300
2016-05-03,34.16,34.59,33.939999,33.902435,34.110001000000004,4309600
2016-05-04,33.82,34.34,33.610001000000004,34.071396,34.279999,5769800
2016-05-05,34.34,35.209998999999996,34.169998,34.697563,34.91,9968800
2016-05-06,36.990002000000004,38.0,36.66,37.639553,37.869999,19054100
2016-05-09,37.790001000000004,37.869999,36.82,36.923935,37.150002,10814800
2016-05-10,37.23,37.27,36.060001,36.188438,36.41,14277800
2016-05-11,36.610001000000004,37.330002,36.459998999999996,36.884178000000006,37.110001000000004,10242700
2016-05-12,37.169998,37.990002000000004,37.049999,37.67931,37.91,8132300
2016-05-13,38.0,38.98,37.990002000000004,38.056999,38.290001000000004,10209800
2016-05-16,38.450001,39.48,38.310001,39.150303,39.389998999999996,7785300
2016-05-17,39.099998,39.349998,37.630001,37.888031,38.119999,10669600
2016-05-18,37.98,38.720001,37.860001000000004,38.235904999999995,38.470001,7676300
2016-05-19,38.23,38.369999,37.540001000000004,37.569977,37.799999,7602500
2016-05-20,37.810001,37.939999,37.16,37.30162,37.529999,11641800
2016-05-23,37.630001,37.990002000000004,37.310001,37.500403999999996,37.73,5634600
2016-05-24,37.919998,39.029999,37.779999,38.782555,39.02,7620600
2016-05-25,39.189999,39.549999,38.599998,38.712982000000004,38.950001,7680700
2016-05-26,38.91,39.400002,38.470001,38.862068,39.099998,8255700
2016-05-27,39.130001,39.990002000000004,39.07,39.100609000000006,39.34,6265400
2016-05-31,39.540001000000004,39.689999,39.130001,39.021091,39.259997999999996,8466700
2016-06-01,39.259997999999996,39.290001000000004,38.509997999999996,38.414806,38.650002,8432100
2016-06-02,38.720001,38.75,38.209998999999996,38.454563,38.689999,6580900
2016-06-03,38.689999,38.91,37.630001,37.579918,37.810001,9685200
2016-06-06,37.650002,37.810001,36.830002,37.53022,37.759997999999996,7727300
2016-06-07,37.950001,38.5,37.939999,37.897971999999996,38.130001,7315900
2016-06-08,38.099998,38.240002000000004,37.540001000000004,37.888031,38.119999,11260500
2016-06-09,37.990002000000004,39.02,37.950001,38.305477,38.540001000000004,23555700
2016-06-10,38.130001,38.450001,37.529999,37.540161,37.77,13435000
2016-06-13,37.529999,38.209998999999996,37.360001000000004,37.401016,37.630001,7167100
2016-06-14,37.459998999999996,38.560001,37.240002000000004,38.176266,38.41,19995500
2016-06-15,38.459998999999996,38.82,38.02,38.096756,38.330002,10464800
2016-06-16,38.25,39.150002,38.0,38.792491999999996,39.029999,10063900
2016-06-17,39.029999,39.049999,37.830002,37.848278,38.080002,13336300
2016-06-20,38.560001,38.959998999999996,38.360001000000004,38.454563,38.689999,9354200
2016-06-21,38.75,39.23,38.560001,38.424744,38.66,7156100
2016-06-22,38.740002000000004,38.889998999999996,38.209998999999996,38.086815,38.32,4725000
2016-06-23,38.66,39.060001,38.400002,38.683163,38.919998,5674100
2016-06-24,37.5,38.049999,36.82,36.754967,36.98,23589200
2016-06-27,36.599998,36.66,35.77,35.930019,36.150002,9337000
2016-06-28,36.66,37.220001,36.400002,36.953751000000004,37.18,6306600
2016-06-29,37.810001,38.25,37.5,37.788639,38.02,7641400
2016-06-30,38.23,39.98,38.139998999999996,39.388844,39.630001,15053000
2016-07-01,39.689999,40.709998999999996,39.419998,39.368965,39.610001000000004,8179300
2016-07-05,39.400002,40.150002,39.279999,39.905682,40.150002,7336700
2016-07-06,39.779999,40.59,39.529999,40.263484999999996,40.509997999999996,9232700
2016-07-07,40.52,40.77,40.139998999999996,40.144218,40.389998999999996,6272900
2016-07-08,40.639998999999996,41.32,40.419998,41.038742,41.290001000000004,6617400
2016-07-11,41.439999,42.259997999999996,41.169998,41.943203000000004,42.200001,14715600
2016-07-12,42.41,42.75,41.880001,42.400406,42.66,10540400
2016-07-13,42.790001000000004,43.049999,42.049999,41.853752,42.110001000000004,11462100
2016-07-14,42.360001000000004,42.529999,41.66,41.595333000000004,41.849998,9624800
2016-07-15,41.959998999999996,42.23,41.75,41.943203000000004,42.200001,5083100
2016-07-18,42.400002,42.439999,42.049999,41.883568,42.139998999999996,5927700
2016-07-19,42.0,42.07,41.400002,41.267342,41.52,9314000
2016-07-20,41.68,41.709998999999996,41.220001,41.128192999999996,41.380001,5973700
2016-07-21,41.41,41.82,41.060001,41.018864,41.27,6440300
2016-07-22,41.349998,41.68,40.93,41.187828,41.439999,4454500
2016-07-25,41.959998999999996,42.630001,41.599998,42.141987,42.400002,9409800
2016-07-26,42.400002,42.669998,41.189999,41.307097999999996,41.560001,8253700
2016-07-27,41.52,41.639998999999996,40.790001000000004,40.641174,40.889998999999996,13737800
2016-07-28,40.290001000000004,40.639998999999996,40.049999,40.024947999999995,40.27,11112000
2016-07-29,40.299999,40.880001,39.73,39.915619,40.16,13731000
2016-08-01,40.389998999999996,40.52,39.970001,39.826164,40.07,6581700
2016-08-02,40.07,40.240002000000004,39.529999,39.508114,39.75,6676600
2016-08-03,39.639998999999996,40.75,39.630001,40.134281,40.380001,8760400
2016-08-04,40.939999,41.110001000000004,40.529999,40.581542999999996,40.830002,10976800
2016-08-05,42.25,42.450001,40.009997999999996,40.313187,40.560001,20866600
2016-08-08,40.73,40.91,40.450001,40.362881,40.610001000000004,8080200
2016-08-09,40.52,41.529999,40.450001,40.998985,41.25,8535300
2016-08-10,41.139998999999996,41.509997999999996,41.0,40.849895000000004,41.099998,5463500
2016-08-11,41.139998999999996,41.709998999999996,41.139998999999996,41.05862,41.310001,6542400
2016-08-12,41.139998999999996,41.299999,40.830002,40.889652000000005,41.139998999999996,6413900
2016-08-15,41.610001000000004,41.990002000000004,41.27,41.227585,41.48,5800000
2016-08-16,40.25,40.75,39.290001000000004,39.070793,39.310001,26068600
2016-08-17,39.549999,39.959998999999996,39.34,39.637321,39.880001,11513500
2016-08-18,39.990002000000004,40.32,39.84,39.77647,40.02,7273100
2016-08-19,40.130001,40.290001000000004,39.779999,39.736713,39.98,6064300
2016-08-22,39.990002000000004,40.169998,39.810001,39.875858,40.119999,4581900
2016-08-23,40.23,40.720001,40.23,40.392696,40.639998999999996,6391000
2016-08-24,40.68,40.75,40.439999,40.422512,40.669998,5037800
2016-08-25,40.470001,41.009997999999996,40.400002,40.74057,40.990002000000004,7901500
2016-08-26,40.950001,41.209998999999996,40.650002,40.800201,41.049999,6890800
2016-08-29,41.110001000000004,41.599998,41.02,41.038742,41.290001000000004,5917400
2016-08-30,41.330002,41.630001,41.130001,41.326977,41.580002,5657900
2016-08-31,41.41,41.57,41.119999,41.118252000000005,41.369999,5751200
2016-09-01,41.439999,42.279999,41.41,41.893509,42.150002,7821200
2016-09-02,42.290001000000004,43.099998,42.23,42.539551,42.799999,8730700
2016-09-06,43.0,43.689999,42.599998,43.245232,43.509997999999996,13586000
2016-09-07,43.740002000000004,44.23,43.23,43.116023999999996,43.380001,9686800
2016-09-08,43.360001000000004,43.380001,42.73,43.03651,43.299999,8130100
2016-09-09,42.790001000000004,43.150002,42.290001000000004,42.032658000000005,42.290001000000004,8149600
2016-09-12,41.950001,43.540001000000004,41.849998,43.195534,43.459998999999996,11055500
2016-09-13,43.220001,43.57,42.790001000000004,43.14584,43.41,9135000
2016-09-14,43.48,44.029999,43.43,43.394318,43.66,7760600
2016-09-15,43.619999,44.759997999999996,43.5,44.318661,44.59,12341300
2016-09-16,44.669998,44.669998,44.049999,44.149693,44.419998,40786800
2016-09-19,44.580002,44.84,44.0,43.851521000000005,44.119999,8135700
2016-09-20,44.259997999999996,44.779999,44.099998,43.861462,44.130001,6055500
2016-09-21,44.889998999999996,44.889998999999996,43.849998,44.39817,44.669998,9032900
2016-09-22,44.860001000000004,45.119999,44.41,44.239146999999996,44.509997999999996,5873400
2016-09-23,44.98,45.119999,44.099998,44.090061,44.360001000000004,8694700
2016-09-26,44.220001,44.34,43.93,43.712371999999995,43.98,4426600
2016-09-27,43.91,44.27,43.669998,43.940971000000005,44.209998999999996,8862000
2016-09-28,44.200001,44.419998,43.759997999999996,43.891277,44.16,5579700
2016-09-29,44.150002,44.43,43.830002,43.940971000000005,44.209998999999996,8464700
2016-09-30,44.369999,44.459998999999996,43.990002000000004,44.030426,44.299999,7844500
2016-10-03,44.299999,44.549999,43.959998999999996,43.831641999999995,44.099998,5452200
2016-10-04,44.200001,44.349998,43.779999,43.861462,44.130001,5786500
2016-10-05,44.099998,44.610001000000004,43.990002000000004,44.259026,44.529999,5807000
2016-10-06,44.549999,44.599998,43.759997999999996,43.722313,43.990002000000004,6222500
2016-10-07,44.09,44.470001,43.720001,43.652737,43.919998,5604200
2016-10-10,43.959998999999996,44.240002000000004,43.700001,43.523528999999996,43.790001000000004,4564400
2016-10-11,43.560001,43.639998999999996,42.509997999999996,42.638946999999995,42.900002,7005600
2016-10-12,42.790001000000004,43.41,42.700001,43.06633,43.330002,5586500
2016-10-13,42.98,43.43,42.630001,42.897362,43.16,4186400
2016-10-14,43.57,44.330002,43.41,43.424137,43.689999,8669000
2016-10-17,43.630001,43.700001,43.330002,43.26511,43.529999,4725800
2016-10-18,44.009997999999996,44.75,43.959998999999996,43.911156,44.18,7676300
2016-10-19,44.23,44.290001000000004,43.720001,43.523528999999996,43.790001000000004,4531100
2016-10-20,43.919998,44.389998999999996,43.52,44.050304,44.32,4866800
2016-10-21,44.32,44.650002,43.91,44.268966999999996,44.540001000000004,4296700
2016-10-24,44.900002,45.490002000000004,44.650002,45.193306,45.470001,6608300
2016-10-25,45.529999,45.549999,44.959998999999996,44.785801,45.060001,3680400
2016-10-26,44.950001,45.009997999999996,44.400002,44.169571000000005,44.439999,4894600
2016-10-27,44.650002,44.82,43.700001,43.453957,43.720001,5590600
2016-10-28,43.639998999999996,43.860001000000004,42.959998999999996,43.056389,43.32,8982000
2016-10-31,43.419998,43.630001,43.0,42.907299,43.169998,7174000
2016-11-01,43.27,43.369999,42.43,42.340767,42.599998,11286800
2016-11-02,42.630001,43.09,42.259997999999996,42.340767,42.599998,7792900
2016-11-03,42.959998999999996,43.669998,42.630001,43.106083,43.369999,12822700
2016-11-04,41.040001000000004,43.25,40.860001000000004,41.446247,41.700001,18751900
2016-11-07,42.52,42.560001,40.860001000000004,40.839958,41.09,17854200
2016-11-08,41.009997999999996,41.490002000000004,40.82,40.760445000000004,41.009997999999996,15018100
2016-11-09,40.189999,40.700001,39.349998,39.905682,40.150002,13193900
2016-11-10,40.349998,40.400002,38.470001,38.464504,38.700001,15002400
2016-11-11,38.43,39.450001,38.23,39.170181,39.41,10625300
2016-11-14,39.209998999999996,39.529999,37.740002000000004,37.540161,37.77,14885800
2016-11-15,38.0,39.139998999999996,37.939999,38.295536,38.529999,13211700
2016-11-16,38.509997999999996,39.049999,38.139998999999996,38.732861,38.970001,8134100
2016-11-17,39.07,40.189999,38.950001,39.696957,39.939999,11680300
2016-11-18,39.919998,40.200001,38.130001,38.156387,38.389998999999996,18679100
2016-11-21,38.580002,38.639998999999996,37.759997999999996,38.196144,38.43,11460200
2016-11-22,38.43,38.490002000000004,36.889998999999996,36.94381,37.169998,22636200
2016-11-23,36.549999,37.549999,36.32,37.033264,37.259997999999996,11774900
2016-11-25,37.450001,37.580002,37.200001,36.993511,37.220001,3206300
2016-11-28,37.369999,37.73,37.279999,37.142593,37.369999,5780000
2016-11-29,37.299999,38.029999,37.060001,37.719066999999995,37.950001,9710800
2016-11-30,38.060001,38.16,36.580002,36.387221999999994,36.610001000000004,12091500
2016-12-01,36.650002,36.73,35.459998999999996,35.363490999999996,35.580002,12374400
2016-12-02,35.66,36.02,35.119999,35.492695,35.709998999999996,7256500
2016-12-05,36.009997999999996,36.580002,35.889998999999996,36.258010999999996,36.48,8661500
2016-12-06,36.599998,37.040001000000004,36.389998999999996,36.476673,36.700001,7291100
2016-12-07,36.740002000000004,37.549999,36.689999,37.222111,37.450001,7164800
2016-12-08,37.450001,37.619999,37.18,37.162471999999994,37.389998999999996,7015500
2016-12-09,37.200001,37.389998999999996,36.349998,36.566124,36.790001000000004,9202300
2016-12-12,36.77,37.310001,36.560001,36.94381,37.169998,5379900
2016-12-13,37.389998999999996,38.16,37.189999,37.092898999999996,37.32,9555900
2016-12-14,37.23,37.279999,36.119999,36.51643,36.740002000000004,13216400
2016-12-15,36.900002,37.450001,36.610001000000004,36.764908,36.990002000000004,6676600
2016-12-16,37.049999,37.23,36.32,36.248074,36.470001,7632400
2016-12-19,36.330002,36.779999,35.860001000000004,36.407101000000004,36.630001,4941200
2016-12-20,36.669998,37.200001,36.639998999999996,36.605885,36.830002,5730900
2016-12-21,36.919998,37.16,36.57,36.675457,36.900002,6008700
2016-12-22,36.900002,36.939999,36.259997999999996,36.218253999999995,36.439999,5128800
2016-12-23,36.439999,36.75,36.400002,36.277889,36.5,2713900
2016-12-27,36.549999,36.799999,36.470001,36.307705,36.529999,2552300
2016-12-28,36.66,36.93,36.220001,36.208317,36.43,4926000
2016-12-29,36.5,36.779999,36.290001000000004,36.258010999999996,36.48,3855100
2016-12-30,36.529999,36.560001,35.950001,35.890263,36.110001000000004,5090500
2017-01-03,36.439999,36.790001000000004,36.18,36.417038,36.639998999999996,8360600
2017-01-04,36.77,37.529999,36.639998999999996,37.132656,37.360001000000004,7643000
2017-01-05,37.5,38.27,37.389998999999996,37.709126,37.939999,9814400
2017-01-06,37.950001,38.189999,37.82,37.67931,37.91,8364900
2017-01-09,38.09,38.16,37.369999,37.470589000000004,37.700001,5432400
2017-01-10,37.669998,38.490002000000004,37.490002000000004,38.14645,38.380001,7641000
2017-01-11,38.470001,39.279999,38.299999,38.961459999999995,39.200001,9481800
2017-01-12,38.990002000000004,39.400002,38.560001,38.891888,39.130001,7859500
2017-01-13,38.68,39.360001000000004,38.59,38.712982000000004,38.950001,6372900
2017-01-17,38.950001,39.240002000000004,38.669998,38.712982000000004,38.950001,5458400
2017-01-18,39.0,39.130001,38.709998999999996,38.84219,39.080002,4404500
2017-01-19,39.049999,39.150002,38.810001,38.623528,38.860001000000004,4611300
2017-01-20,39.009997999999996,39.25,38.650002,38.732861,38.970001,6106800
2017-01-23,38.959998999999996,39.110001000000004,38.490002000000004,38.295536,38.529999,5130900
2017-01-24,38.560001,39.150002,38.380001,38.862068,39.099998,8364600
2017-01-25,39.380001,39.59,39.119999,39.319271,39.560001,4540400
2017-01-26,39.68,39.689999,39.32,39.229816,39.470001,3206200
2017-01-27,39.68,39.73,39.41,39.368965,39.610001000000004,5050500
2017-01-30,39.57,39.759997999999996,39.459998999999996,39.368965,39.610001000000004,5838200
2017-01-31,39.599998,40.279999,39.52,39.965313,40.209998999999996,10040000
2017-02-01,40.32,40.560001,39.150002,40.223732,40.470001,10384700
2017-02-02,40.459998999999996,40.599998,40.029999,40.223732,40.470001,6111900
2017-02-03,40.709998999999996,40.73,39.900002,39.766529,40.009997999999996,9142800
2017-02-06,40.040001000000004,40.220001,39.650002,39.945434999999996,40.189999,8967800
2017-02-07,40.220001,40.650002,39.849998,39.806286,40.049999,9390800
2017-02-08,40.099998,40.119999,39.150002,38.951519,39.189999,12140700
2017-02-09,39.41,39.779999,38.93,39.488234999999996,39.73,15752200
2017-02-10,45.0,47.639998999999996,44.93,46.942596,47.23,51703500
2017-02-13,46.040001000000004,46.700001,45.389998999999996,45.421906,45.700001,26382700
2017-02-14,45.25,45.84,44.75,44.706286999999996,44.98,15305700
2017-02-15,44.720001,45.630001,44.470001,45.203243,45.48,11280800
2017-02-16,45.369999,45.650002,45.07,45.113792,45.389998999999996,8534800
2017-02-17,45.400002,45.439999,44.93,45.054157000000004,45.330002,5442100
2017-02-21,45.41,45.75,45.310001,45.064095,45.34,6675000
2017-02-22,45.049999,45.43,44.68,44.954765,45.23,6311100
2017-02-23,45.299999,45.389998999999996,44.599998,44.805679,45.080002,5617300
2017-02-24,44.939999,45.630001,44.84,45.272816,45.549999,5992200
2017-02-27,45.330002,46.07,45.02,45.411964000000005,45.689999,5205700
2017-02-28,45.5,45.950001,44.950001,44.855373,45.130001,9161100
2017-03-01,45.470001,47.330002,45.18,46.853142,47.139998999999996,15286300
2017-03-02,47.130001,47.27,46.560001,46.395943,46.68,7556100
2017-03-03,46.549999,47.16,46.5,46.783569,47.07,5057700
2017-03-06,46.75,47.91,46.75,47.519065999999995,47.810001,8143900
2017-03-07,47.73,48.360001000000004,47.57,47.767548,48.060001,8044500
2017-03-08,48.119999,48.77,48.0,48.284382,48.580002,6803400
2017-03-09,48.669998,49.09,48.529999,48.721703000000005,49.02,7193000
2017-03-10,49.330002,49.57,48.799999,48.900608,49.200001,6811900
2017-03-13,49.299999,49.700001,49.130001,49.19878,49.5,7132600
2017-03-14,49.209998999999996,49.349998,48.959998999999996,48.781338,49.080002,6286700
2017-03-15,49.060001,49.439999,48.619999,48.920486,49.220001,5749200
2017-03-16,49.299999,49.459998999999996,48.93,48.801216,49.099998,4771300
2017-03-17,49.389998999999996,49.389998999999996,48.860001000000004,48.831036,49.130001,7888700
2017-03-20,49.16,49.389998999999996,48.580002,48.662067,48.959998999999996,4627200
2017-03-21,49.099998,49.450001,48.169998,47.926571,48.220001,9737800
2017-03-22,48.07,48.720001,47.799999,48.383774,48.68,6831900
2017-03-23,48.639998999999996,48.880001,48.130001,48.483162,48.779999,5563700
2017-03-24,48.970001,49.41,48.740002000000004,48.821095,49.119999,5562800
2017-03-27,48.740002000000004,49.66,48.740002000000004,48.999996,49.299999,6153000
2017-03-28,49.240002000000004,49.98,49.099998,49.759997999999996,49.759997999999996,11900000
2017-03-29,49.990002000000004,50.32,49.93,50.139998999999996,50.139998999999996,6115600
2017-03-30,50.119999,50.400002,50.029999,50.189999,50.189999,6779300
2017-03-31,50.02,50.09,49.610001000000004,49.860001000000004,49.860001000000004,6801700
2017-04-03,49.860001000000004,50.07,49.25,49.529999,49.529999,4992200
2017-04-04,49.369999,49.5,48.880001,49.040001000000004,49.040001000000004,5724900
2017-04-05,49.189999,49.75,48.860001000000004,49.200001,49.200001,4606900
2017-04-06,49.189999,49.389998999999996,48.950001,49.360001000000004,49.360001000000004,3412100
2017-04-07,49.299999,49.720001,49.220001,49.610001000000004,49.610001000000004,4050400
2017-04-10,49.5,49.639998999999996,48.869999,49.040001000000004,49.040001000000004,4273300
2017-04-11,48.900002,49.139998999999996,48.619999,49.080002,49.080002,3558900
2017-04-12,48.91,49.02,48.439999,48.639998999999996,48.639998999999996,3634900
2017-04-13,48.709998999999996,49.189999,48.41,48.419998,48.419998,3906300
2017-04-17,48.560001,49.259997999999996,48.5,48.799999,48.799999,5390600
2017-04-18,48.619999,49.369999,48.509997999999996,49.169998,49.169998,3751100
2017-04-19,49.209998999999996,49.66,49.169998,49.349998,49.349998,3216800
2017-04-20,49.639998999999996,50.060001,49.400002,49.950001,49.950001,3965200
2017-04-21,49.990002000000004,50.040001000000004,49.59,49.869999,49.869999,3352000
2017-04-24,50.5,50.91,50.360001000000004,50.880001,50.880001,3797400
2017-04-25,51.02,51.66,51.0,51.360001000000004,51.360001000000004,6042200
2017-04-26,51.360001000000004,51.5,50.91,51.360001000000004,51.360001000000004,4502500
2017-04-27,51.529999,52.279999,51.41,51.91,51.91,4145200
2017-04-28,51.900002,52.27,51.509997999999996,52.25,52.25,6311800
2017-05-01,52.630001,53.029999,52.32,52.700001,52.700001,5212400
2017-05-02,53.169998,53.389998999999996,52.77,53.029999,53.029999,4662300
2017-05-03,53.150002,53.310001,52.549999,52.84,52.84,4775900
2017-05-04,52.970001,53.380001,52.459998999999996,53.099998,53.099998,7891800
2017-05-05,54.009997999999996,54.75,53.080002,53.830002,53.830002,10514100
2017-05-08,53.810001,54.099998,53.349998,53.990002000000004,53.990002000000004,5184300
2017-05-09,53.939999,54.790001000000004,53.759997999999996,54.619999,54.619999,4718100
2017-05-10,55.259997999999996,56.23,54.959998999999996,55.990002000000004,55.990002000000004,8243700
2017-05-11,55.970001,55.98,55.310001,55.75,55.75,4864300
2017-05-12,55.900002,56.099998,55.509997999999996,56.009997999999996,56.009997999999996,3793900
2017-05-15,56.009997999999996,56.599998,55.91,56.41,56.41,6882300
2017-05-16,56.709998999999996,57.299999,56.459998999999996,56.779999,56.779999,5304600
2017-05-17,56.099998,56.150002,54.18,54.23,54.23,10298400
2017-05-18,53.900002,55.389998999999996,53.66,55.150002,55.150002,9242400
2017-05-19,55.32,55.98,54.939999,55.880001,55.880001,6032600
2017-05-22,56.200001,57.23,55.759997999999996,57.119999,57.119999,6976600
2017-05-23,59.369999,60.130001,57.139998999999996,57.799999,57.799999,10327400
2017-05-24,57.939999,58.529999,56.880001,58.509997999999996,58.509997999999996,7286700
2017-05-25,58.970001,59.439999,58.73,59.220001,59.220001,7899100
2017-05-26,59.16,59.200001,58.009997999999996,58.279999,58.279999,7013400
2017-05-30,58.48,58.669998,57.77,58.580002,58.580002,5037400
2017-05-31,58.599998,58.810001,58.119999,58.580002,58.580002,9548000
2017-06-01,58.810001,59.57,58.700001,59.560001,59.560001,10169600
2017-06-02,59.650002,59.740002000000004,59.02,59.650002,59.650002,4950700
2017-06-05,59.759997999999996,60.459998999999996,59.560001,59.799999,59.799999,3818300
2017-06-06,59.93,60.240002000000004,59.439999,59.84,59.84,3923100
2017-06-07,60.060001,60.849998,60.02,60.529999,60.529999,6441400
2017-06-08,60.650002,60.689999,59.560001,60.549999,60.549999,6513700
2017-06-09,60.630001,61.099998,56.950001,58.029999,58.029999,12888000
2017-06-12,57.060001,57.169998,55.41,56.759997999999996,56.759997999999996,16120500
2017-06-13,57.459998999999996,58.049999,56.689999,57.900002,57.900002,7157700
2017-06-14,58.029999,59.029999,57.580002,58.450001,58.450001,8272500
2017-06-15,57.400002,59.470001,57.189999,58.91,58.91,8690600
2017-06-16,58.759997999999996,59.389998999999996,58.48,58.799999,58.799999,9273400
2017-06-19,59.16,60.419998,59.16,60.32,60.32,5140300
2017-06-20,60.490002000000004,61.099998,60.09,60.150002,60.150002,5876700
2017-06-21,60.5,60.939999,60.139998999999996,60.68,60.68,5385300
2017-06-22,60.73,61.580002,60.34,61.16,61.16,5402100
2017-06-23,61.029999,61.09,60.16,60.439999,60.439999,13794600
2017-06-26,60.68,61.18,59.580002,60.220001,60.220001,4319100
2017-06-27,60.110001000000004,60.110001000000004,58.060001,58.290001000000004,58.290001000000004,7195100
2017-06-28,58.549999,58.830002,57.799999,58.810001,58.810001,7829700
2017-06-29,58.400002,58.5,56.220001,57.580002,57.580002,8881400
2017-06-30,57.93,58.119999,57.169998,57.57,57.57,6347700
2017-07-03,57.77,57.990002000000004,56.150002,56.259997999999996,56.259997999999996,4136000
2017-07-05,56.66,57.549999,55.860001000000004,57.16,57.16,6107700
2017-07-06,56.57,57.09,56.310001,56.619999,56.619999,6628500
2017-07-07,56.75,58.360001000000004,56.610001000000004,58.09,58.09,6223300
2017-07-10,58.279999,58.919998,57.970001,58.509997999999996,58.509997999999996,4690400
2017-07-11,58.43,58.57,57.68,57.98,57.98,4493400
