Date,Open,High,Low,Close,Adj Close,Volume
2010-01-04,8.41,8.78,8.27,8.74,8.74,173800
2010-01-05,8.74,8.9,8.58,8.61,8.61,197600
2010-01-06,8.6,8.69,8.09,8.14,8.14,296100
2010-01-07,8.11,8.25,8.03,8.22,8.22,94400
2010-01-08,8.23,8.29,8.17,8.28,8.28,99000
2010-01-11,8.32,8.59,8.32,8.57,8.57,173300
2010-01-12,8.52,8.52,8.2,8.4,8.4,138600
2010-01-13,8.4,8.52,8.22,8.49,8.49,160500
2010-01-14,8.5,8.6,8.36,8.58,8.58,121200
2010-01-15,8.62,8.62,8.25,8.52,8.52,318500
2010-01-19,8.5,8.74,8.43,8.67,8.67,223700
2010-01-20,8.6,8.7,8.24,8.4,8.4,189500
2010-01-21,8.43,8.48,8.06,8.07,8.07,293700
2010-01-22,8.06,8.09,7.72,7.82,7.82,240500
2010-01-25,7.68,8.63,7.68,7.89,7.89,268700
2010-01-26,7.88,8.01,7.51,7.97,7.97,823800
2010-01-27,7.91,7.92,7.53,7.69,7.69,452800
2010-01-28,7.72,7.72,7.29,7.38,7.38,495800
2010-01-29,7.41,7.74,7.22,7.27,7.27,309100
2010-02-01,7.28,7.49,7.23,7.27,7.27,824400
2010-02-02,7.27,7.41,7.13,7.13,7.13,472600
2010-02-03,7.13,7.15,6.98,7.03,7.03,272600
2010-02-04,6.97,7.05,6.8,6.91,6.91,641400
2010-02-05,6.95,7.16,6.75,6.78,6.78,669900
2010-02-08,6.74,6.99,6.6,6.62,6.62,331300
2010-02-09,6.68,6.8,6.57,6.59,6.59,287600
2010-02-10,6.58,6.64,6.29,6.59,6.59,380300
2010-02-11,6.6,6.87,6.48,6.85,6.85,305600
2010-02-12,6.75,6.88,6.44,6.78,6.78,711400
2010-02-16,6.8,7.05,6.67,7.05,7.05,315700
2010-02-17,7.08,7.13,6.9,6.92,6.92,188600
2010-02-18,6.9,7.28,6.78,7.28,7.28,335400
2010-02-19,7.26,7.38,7.2,7.25,7.25,168800
2010-02-22,7.25,7.34,7.18,7.29,7.29,268000
2010-02-23,7.3,7.3,7.01,7.09,7.09,235700
2010-02-24,7.08,7.23,7.0,7.14,7.14,169000
2010-02-25,7.08,7.14,6.92,7.13,7.13,171200
2010-02-26,7.71,7.97,7.21,7.39,7.39,787500
2010-03-01,7.46,7.97,7.41,7.94,7.94,595800
2010-03-02,7.94,8.22,7.94,8.16,8.16,564200
2010-03-03,8.14,8.4,8.08,8.15,8.15,240800
2010-03-04,8.16,8.32,8.1,8.25,8.25,138100
2010-03-05,8.29,8.47,8.27,8.46,8.46,493000
2010-03-08,8.49,8.52,8.28,8.35,8.35,440600
2010-03-09,8.31,8.33,8.07,8.12,8.12,249600
2010-03-10,8.09,8.15,7.82,7.89,7.89,388300
2010-03-11,7.83,8.02,7.74,8.01,8.01,467900
2010-03-12,8.06,8.14,7.96,8.1,8.1,391300
2010-03-15,8.1,8.2,8.04,8.09,8.09,293600
2010-03-16,8.09,8.23,8.0,8.09,8.09,552400
2010-03-17,8.13,8.21,8.07,8.08,8.08,183900
2010-03-18,8.05,8.3,7.95,8.25,8.25,188200
2010-03-19,8.3,8.31,8.09,8.2,8.2,552700
2010-03-22,8.05,8.48,8.05,8.45,8.45,238600
2010-03-23,8.49,8.67,8.33,8.65,8.65,329900
2010-03-24,8.61,8.66,8.35,8.37,8.37,160600
2010-03-25,8.42,8.68,8.26,8.35,8.35,328600
2010-03-26,8.35,8.54,8.19,8.19,8.19,237100
2010-03-29,8.18,8.29,8.11,8.27,8.27,182700
2010-03-30,8.29,8.5,8.09,8.21,8.21,200400
2010-03-31,8.13,8.22,7.97,7.99,7.99,269800
2010-04-01,8.04,8.5,7.9,8.49,8.49,312400
2010-04-05,8.49,8.84,8.49,8.84,8.84,213000
2010-04-06,8.75,9.46,8.58,9.44,9.44,704900
2010-04-07,9.37,9.44,9.0,9.15,9.15,683600
2010-04-08,9.11,9.25,9.04,9.1,9.1,384800
2010-04-09,9.08,9.25,9.0,9.14,9.14,237400
2010-04-12,9.14,9.27,8.99,9.02,9.02,128000
2010-04-13,8.98,9.16,8.87,9.13,9.13,103900
2010-04-14,9.13,9.46,9.11,9.46,9.46,164200
2010-04-15,9.46,9.67,9.43,9.59,9.59,153400
2010-04-16,9.6,9.84,9.35,9.37,9.37,343700
2010-04-19,9.33,9.46,9.14,9.34,9.34,288900
2010-04-20,9.35,9.48,9.32,9.44,9.44,218600
2010-04-21,9.4,9.46,9.2,9.31,9.31,114100
2010-04-22,9.18,9.25,9.06,9.25,9.25,119000
2010-04-23,9.31,9.42,9.12,9.38,9.38,180600
2010-04-26,9.4,9.5,9.34,9.41,9.41,157500
2010-04-27,9.4,9.43,9.06,9.09,9.09,190000
2010-04-28,9.1,9.19,8.96,9.06,9.06,290400
2010-04-29,9.1,9.28,9.07,9.2,9.2,170900
2010-04-30,8.44,9.07,7.84,8.95,8.95,800700
2010-05-03,8.96,8.96,8.22,8.4,8.4,856600
2010-05-04,8.3,8.3,7.7,7.72,7.72,759800
2010-05-05,7.71,8.0,7.56,7.85,7.85,636200
2010-05-06,7.78,7.9,7.3,7.79,7.79,528700
2010-05-07,7.79,7.79,7.27,7.32,7.32,647400
2010-05-10,7.65,7.68,7.43,7.52,7.52,428500
2010-05-11,7.4,7.54,7.37,7.49,7.49,311200
2010-05-12,7.56,7.92,7.52,7.85,7.85,336500
2010-05-13,7.88,8.29,7.5,7.55,7.55,309300
2010-05-14,7.5,7.58,7.09,7.1,7.1,313300
2010-05-17,7.18,7.44,7.0,7.17,7.17,337600
2010-05-18,7.25,7.45,7.0,7.09,7.09,234700
2010-05-19,7.04,7.35,6.96,7.28,7.28,528600
2010-05-20,7.15,7.15,6.75,6.86,6.86,341800
2010-05-21,6.72,7.0,6.5,6.55,6.55,571500
2010-05-24,6.57,6.65,6.43,6.45,6.45,171700
2010-05-25,6.3,6.3,6.0,6.28,6.28,242400
2010-05-26,6.31,6.47,6.28,6.35,6.35,287600
2010-05-27,6.48,6.64,6.35,6.63,6.63,278100
2010-05-28,6.56,6.66,6.42,6.49,6.49,174300
2010-06-01,6.42,6.47,5.94,5.96,5.96,226700
2010-06-02,6.02,6.49,5.75,6.44,6.44,952300
2010-06-03,6.41,6.45,6.19,6.3,6.3,295600
2010-06-04,6.06,6.2,6.0,6.0,6.0,272400
2010-06-07,6.01,6.2,5.97,6.03,6.03,404500
2010-06-08,6.03,6.53,6.03,6.51,6.51,639200
2010-06-09,6.54,6.79,6.43,6.55,6.55,542800
2010-06-10,6.69,6.8,6.56,6.79,6.79,538300
2010-06-11,6.73,6.91,6.5,6.91,6.91,215500
2010-06-14,6.96,7.06,6.88,6.94,6.94,208300
2010-06-15,6.96,7.0,6.74,6.87,6.87,310200
2010-06-16,6.82,6.84,6.63,6.65,6.65,175400
2010-06-17,6.72,6.86,6.68,6.82,6.82,272400
2010-06-18,6.87,6.94,6.52,6.53,6.53,337900
2010-06-21,6.64,6.68,6.29,6.32,6.32,191400
2010-06-22,6.36,6.41,6.07,6.1,6.1,304600
2010-06-23,6.09,6.16,5.93,5.97,5.97,380600
2010-06-24,5.95,5.97,5.76,5.76,5.76,220500
2010-06-25,5.8,5.91,5.68,5.73,5.73,1014600
2010-06-28,5.71,5.95,5.65,5.84,5.84,288100
2010-06-29,5.72,5.73,5.19,5.25,5.25,846200
2010-06-30,5.23,5.56,5.17,5.24,5.24,593100
2010-07-01,5.26,5.29,5.03,5.21,5.21,517200
2010-07-02,5.25,5.43,5.21,5.43,5.43,434400
2010-07-06,5.49,5.54,5.21,5.24,5.24,547200
2010-07-07,5.24,5.51,5.17,5.47,5.47,506300
2010-07-08,5.53,5.88,5.46,5.86,5.86,300600
2010-07-09,5.88,6.01,5.81,6.01,6.01,145600
2010-07-12,6.0,6.1,5.85,5.92,5.92,734300
2010-07-13,6.02,6.26,5.87,6.26,6.26,356500
2010-07-14,6.21,6.43,6.12,6.41,6.41,165900
2010-07-15,6.4,6.53,6.27,6.49,6.49,248700
2010-07-16,6.41,6.46,6.32,6.35,6.35,295300
2010-07-19,6.35,6.42,6.24,6.26,6.26,313300
2010-07-20,6.16,6.46,6.16,6.46,6.46,199500
2010-07-21,6.52,6.74,6.46,6.64,6.64,308900
2010-07-22,6.72,6.75,6.54,6.65,6.65,559500
2010-07-23,6.6,6.6,6.23,6.5,6.5,290100
2010-07-26,6.57,6.57,6.32,6.49,6.49,273600
2010-07-27,6.56,6.62,6.46,6.46,6.46,197300
2010-07-28,6.47,6.55,6.19,6.25,6.25,270600
2010-07-29,6.34,6.44,6.15,6.26,6.26,194600
2010-07-30,5.54,5.75,4.25,4.25,4.25,5100700
2010-08-02,4.55,4.55,4.21,4.3,4.3,2663000
2010-08-03,4.34,4.39,4.15,4.17,4.17,1136000
2010-08-04,4.25,4.25,4.15,4.17,4.17,698400
2010-08-05,4.22,4.27,4.12,4.24,4.24,1647800
2010-08-06,4.28,4.57,4.22,4.54,4.54,1723900
2010-08-09,4.54,4.89,4.49,4.83,4.83,1498100
2010-08-10,4.77,5.05,4.7,4.97,4.97,1584000
2010-08-11,4.82,4.92,4.66,4.7,4.7,781200
2010-08-12,4.62,4.75,4.52,4.69,4.69,330500
2010-08-13,4.65,4.7,4.6,4.62,4.62,255700
2010-08-16,4.57,4.68,4.5,4.62,4.62,444000
2010-08-17,4.69,4.97,4.62,4.82,4.82,442900
2010-08-18,4.8,4.84,4.72,4.76,4.76,273600
2010-08-19,4.72,4.84,4.55,4.61,4.61,383900
2010-08-20,4.57,4.72,4.5,4.55,4.55,368800
2010-08-23,4.58,4.74,4.58,4.72,4.72,255200
2010-08-24,4.64,4.76,4.58,4.69,4.69,494700
2010-08-25,4.74,5.01,4.72,4.99,4.99,455300
2010-08-26,5.0,5.09,4.9,4.95,4.95,519500
2010-08-27,5.0,5.11,4.95,5.11,5.11,343200
2010-08-30,5.05,5.18,5.02,5.04,5.04,250500
2010-08-31,5.05,5.05,4.75,4.85,4.85,515000
2010-09-01,4.95,5.16,4.86,5.15,5.15,305300
2010-09-02,5.13,5.13,4.98,5.05,5.05,220600
2010-09-03,5.13,5.13,4.8,5.07,5.07,306900
2010-09-07,5.06,5.07,4.92,4.93,4.93,152500
2010-09-08,4.96,5.06,4.89,4.94,4.94,176200
2010-09-09,5.02,5.06,4.92,5.02,5.02,135400
2010-09-10,5.01,5.1,5.01,5.05,5.05,177200
2010-09-13,5.12,5.26,5.08,5.21,5.21,353000
2010-09-14,5.2,5.23,5.08,5.19,5.19,177000
2010-09-15,5.15,5.16,5.05,5.09,5.09,147300
2010-09-16,5.09,5.12,4.9,4.9,4.9,213800
2010-09-17,4.97,4.97,4.53,4.61,4.61,882600
2010-09-20,4.61,4.78,4.59,4.72,4.72,759100
2010-09-21,4.72,5.28,4.72,5.23,5.23,1701700
2010-09-22,5.2,5.45,5.12,5.21,5.21,651500
2010-09-23,5.2,5.2,5.03,5.08,5.08,534800
2010-09-24,5.17,5.23,5.07,5.21,5.21,305400
2010-09-27,5.23,5.25,5.02,5.02,5.02,355600
2010-09-28,5.05,5.21,4.95,5.0,5.0,661800
2010-09-29,5.06,5.3,5.06,5.18,5.18,701800
2010-09-30,5.25,5.28,5.1,5.16,5.16,449800
2010-10-01,5.22,5.24,5.1,5.11,5.11,302900
2010-10-04,5.11,5.35,5.11,5.28,5.28,358700
2010-10-05,5.37,5.39,5.14,5.3,5.3,445500
2010-10-06,5.25,5.29,5.14,5.19,5.19,214000
2010-10-07,5.22,5.29,5.19,5.25,5.25,199100
2010-10-08,5.27,5.39,5.2,5.37,5.37,170300
2010-10-11,5.38,5.67,5.35,5.61,5.61,271400
2010-10-12,5.61,5.81,5.48,5.72,5.72,369100
2010-10-13,5.77,5.93,5.64,5.86,5.86,263700
2010-10-14,5.87,5.96,5.76,5.93,5.93,365500
2010-10-15,6.0,6.09,5.81,5.84,5.84,315400
2010-10-18,5.91,5.91,5.8,5.86,5.86,168400
2010-10-19,5.81,5.89,5.62,5.66,5.66,332300
2010-10-20,5.71,5.85,5.66,5.71,5.71,184000
2010-10-21,5.77,5.84,5.68,5.79,5.79,200400
2010-10-22,5.83,5.88,5.69,5.72,5.72,110200
2010-10-25,5.78,5.88,5.74,5.76,5.76,115600
2010-10-26,5.72,5.78,5.62,5.7,5.7,246300
2010-10-27,5.69,5.7,5.5,5.63,5.63,300800
2010-10-28,5.66,5.67,5.45,5.5,5.5,283000
2010-10-29,5.49,5.71,5.46,5.63,5.63,468800
2010-11-01,5.71,5.71,5.5,5.63,5.63,330100
2010-11-02,4.51,4.58,4.01,4.2,4.2,4416000
2010-11-03,4.49,4.49,4.34,4.42,4.42,1298400
2010-11-04,4.54,4.64,4.5,4.54,4.54,762800
2010-11-05,4.59,4.65,4.46,4.54,4.54,526800
2010-11-08,4.55,4.62,4.46,4.61,4.61,350600
2010-11-09,4.61,4.67,4.4,4.4,4.4,370100
2010-11-10,4.4,4.5,4.4,4.5,4.5,281200
2010-11-11,4.47,4.5,4.43,4.44,4.44,193300
2010-11-12,4.4,4.44,4.31,4.35,4.35,194600
2010-11-15,4.42,4.73,4.38,4.39,4.39,300800
2010-11-16,4.38,4.49,4.25,4.27,4.27,398700
2010-11-17,4.3,4.37,4.12,4.14,4.14,465200
2010-11-18,4.18,4.31,4.14,4.31,4.31,475300
2010-11-19,4.31,4.31,4.21,4.26,4.26,195500
2010-11-22,4.26,4.27,4.13,4.26,4.26,207400
2010-11-23,4.19,4.25,4.1,4.15,4.15,333100
2010-11-24,4.19,4.23,4.15,4.18,4.18,222500
2010-11-26,4.17,4.18,4.06,4.09,4.09,125000
2010-11-29,4.07,4.11,4.02,4.09,4.09,215300
2010-11-30,4.05,4.12,4.0,4.04,4.04,278900
2010-12-01,4.11,4.51,4.08,4.49,4.49,892300
2010-12-02,4.51,4.7,4.49,4.54,4.54,372000
2010-12-03,4.51,4.54,4.41,4.54,4.54,629100
2010-12-06,4.52,4.57,4.47,4.5,4.5,283100
2010-12-07,4.54,4.62,4.5,4.52,4.52,235200
2010-12-08,4.55,4.62,4.53,4.56,4.56,207200
2010-12-09,4.57,4.63,4.54,4.55,4.55,359200
2010-12-10,4.54,5.09,4.5,5.0,5.0,761200
2010-12-13,5.0,5.29,4.95,5.22,5.22,444200
2010-12-14,5.21,5.21,5.0,5.09,5.09,365100
2010-12-15,5.11,5.14,5.0,5.02,5.02,302200
2010-12-16,5.02,5.12,5.02,5.1,5.1,288900
2010-12-17,5.12,5.12,4.98,5.05,5.05,497100
2010-12-20,5.05,5.12,4.99,5.08,5.08,287200
2010-12-21,5.08,5.15,5.05,5.1,5.1,124400
2010-12-22,5.1,5.12,5.05,5.1,5.1,138600
2010-12-23,5.1,5.18,5.06,5.16,5.16,171300
2010-12-27,5.16,5.16,5.07,5.12,5.12,122700
2010-12-28,5.14,5.18,5.11,5.14,5.14,163500
2010-12-29,5.14,5.37,5.14,5.29,5.29,171200
2010-12-30,5.3,5.33,5.25,5.25,5.25,101700
2010-12-31,5.25,5.29,5.11,5.23,5.23,260100
2011-01-03,5.28,5.44,5.28,5.34,5.34,270700
2011-01-04,5.35,5.45,5.34,5.39,5.39,227800
2011-01-05,5.36,5.51,5.31,5.5,5.5,217900
2011-01-06,5.5,5.52,5.31,5.4,5.4,218900
2011-01-07,5.4,5.4,5.11,5.17,5.17,396800
2011-01-10,5.15,5.15,5.01,5.05,5.05,848500
2011-01-11,5.05,5.25,5.02,5.21,5.21,194400
2011-01-12,5.23,5.27,5.17,5.26,5.26,98700
2011-01-13,5.25,5.27,5.16,5.18,5.18,114500
2011-01-14,5.19,5.25,5.06,5.1,5.1,159100
2011-01-18,5.1,5.1,5.0,5.08,5.08,317100
2011-01-19,5.07,5.07,4.88,4.96,4.96,200900
2011-01-20,4.91,5.03,4.87,4.99,4.99,335900
2011-01-21,5.02,5.03,4.94,4.99,4.99,298400
2011-01-24,5.0,5.05,4.94,5.01,5.01,352500
2011-01-25,4.96,4.99,4.91,4.96,4.96,277900
2011-01-26,4.99,4.99,4.9,4.98,4.98,231200
2011-01-27,4.95,5.17,4.94,5.15,5.15,292000
2011-01-28,5.12,5.17,5.07,5.11,5.11,277700
2011-01-31,5.13,5.25,5.03,5.18,5.18,369800
2011-02-01,5.1,5.16,4.66,5.1,5.1,571600
2011-02-02,5.1,5.11,4.87,4.91,4.91,358700
2011-02-03,4.92,4.99,4.72,4.72,4.72,440200
2011-02-04,4.71,4.72,4.51,4.63,4.63,312000
2011-02-07,4.62,4.75,4.61,4.65,4.65,360500
2011-02-08,4.66,4.72,4.61,4.66,4.66,543700
2011-02-09,4.65,4.7,4.62,4.66,4.66,526200
2011-02-10,4.65,4.67,4.64,4.65,4.65,279100
2011-02-11,4.65,4.8,4.64,4.78,4.78,572600
2011-02-14,4.8,4.87,4.71,4.72,4.72,250400
2011-02-15,4.71,4.73,4.64,4.69,4.69,279200
2011-02-16,4.7,4.72,4.65,4.67,4.67,130300
2011-02-17,4.67,4.71,4.59,4.66,4.66,377700
2011-02-18,4.69,4.71,4.61,4.65,4.65,347200
2011-02-22,4.6,4.64,4.5,4.53,4.53,352500
2011-02-23,4.52,4.62,4.2,4.31,4.31,755000
2011-02-24,4.25,4.35,4.21,4.25,4.25,678700
2011-02-25,4.25,4.32,4.21,4.23,4.23,574800
2011-02-28,4.25,4.25,4.2,4.22,4.22,1115100
2011-03-01,4.23,4.32,4.22,4.24,4.24,330100
2011-03-02,4.22,4.25,4.12,4.15,4.15,420600
2011-03-03,4.19,4.29,4.19,4.27,4.27,550200
2011-03-04,4.28,4.3,4.2,4.26,4.26,396100
2011-03-07,4.3,4.3,4.24,4.27,4.27,469200
2011-03-08,4.3,4.4,4.24,4.4,4.4,503500
2011-03-09,4.42,4.63,4.42,4.62,4.62,282000
2011-03-10,4.54,4.63,4.51,4.59,4.59,429900
2011-03-11,4.49,4.75,4.4,4.56,4.56,779200
2011-03-14,4.48,4.57,4.35,4.35,4.35,438000
2011-03-15,4.16,4.27,4.1,4.25,4.25,541000
2011-03-16,4.19,4.28,4.12,4.2,4.2,688800
2011-03-17,4.27,4.27,4.15,4.2,4.2,447000
2011-03-18,4.23,4.23,4.06,4.15,4.15,632400
2011-03-21,4.23,4.3,4.08,4.12,4.12,235500
2011-03-22,4.11,4.29,4.11,4.28,4.28,227300
2011-03-23,4.29,4.31,4.1,4.24,4.24,277900
2011-03-24,4.28,4.49,4.25,4.48,4.48,247700
2011-03-25,4.5,4.59,4.3,4.48,4.48,220600
2011-03-28,4.5,4.56,4.36,4.39,4.39,148800
2011-03-29,4.4,4.41,4.29,4.34,4.34,238400
2011-03-30,4.34,4.55,4.25,4.52,4.52,183500
2011-03-31,4.53,4.71,4.5,4.67,4.67,302000
2011-04-01,4.7,4.79,4.45,4.51,4.51,235000
2011-04-04,4.53,4.83,4.53,4.83,4.83,290600
2011-04-05,4.8,4.81,4.64,4.68,4.68,219800
2011-04-06,4.7,4.78,4.68,4.71,4.71,173800
2011-04-07,4.71,4.72,4.54,4.7,4.7,234700
2011-04-08,4.73,4.76,4.54,4.6,4.6,169500
2011-04-11,4.58,4.72,4.57,4.7,4.7,246300
2011-04-12,4.65,4.7,4.6,4.61,4.61,152400
2011-04-13,4.62,4.62,4.42,4.5,4.5,148700
2011-04-14,4.45,4.58,4.3,4.53,4.53,91800
2011-04-15,4.52,4.69,4.52,4.61,4.61,165000
2011-04-18,4.55,4.55,4.31,4.34,4.34,107200
2011-04-19,4.33,4.34,4.19,4.21,4.21,310600
2011-04-20,4.26,4.34,4.25,4.26,4.26,59800
2011-04-21,4.31,4.34,4.2,4.21,4.21,142800
2011-04-25,4.2,4.25,4.19,4.21,4.21,90700
2011-04-26,4.21,4.43,4.21,4.42,4.42,160900
2011-04-27,4.4,4.41,4.25,4.26,4.26,127000
2011-04-28,4.26,4.46,4.26,4.44,4.44,110000
2011-04-29,4.46,4.61,4.44,4.61,4.61,165000
2011-05-02,4.64,4.72,4.52,4.52,4.52,240000
2011-05-03,4.91,6.18,4.78,5.95,5.95,4100000
2011-05-04,5.76,6.8,5.76,6.6,6.6,2228100
2011-05-05,6.42,6.52,6.17,6.35,6.35,953200
2011-05-06,6.5,6.68,6.36,6.51,6.51,660500
2011-05-09,6.57,7.12,6.57,6.75,6.75,607300
2011-05-10,6.78,7.4,6.78,7.24,7.24,1275300
2011-05-11,7.2,7.28,7.04,7.13,7.13,549300
2011-05-12,7.1,7.1,6.68,6.93,6.93,493000
2011-05-13,6.93,7.0,6.84,6.98,6.98,271000
2011-05-16,7.03,7.22,6.95,6.99,6.99,716300
2011-05-17,6.98,7.6,6.85,7.46,7.46,682300
2011-05-18,7.51,7.61,7.32,7.41,7.41,400400
2011-05-19,7.44,7.64,7.34,7.62,7.62,359100
2011-05-20,7.53,7.78,7.22,7.41,7.41,453400
2011-05-23,7.24,7.34,6.9,7.0,7.0,480100
2011-05-24,7.08,7.24,7.04,7.04,7.04,425000
2011-05-25,7.01,7.42,7.01,7.37,7.37,554300
2011-05-26,7.36,7.5,7.17,7.49,7.49,241200
2011-05-27,7.49,7.49,7.21,7.32,7.32,235500
2011-05-31,7.38,7.68,7.36,7.65,7.65,448900
2011-06-01,7.66,7.68,7.37,7.42,7.42,351700
2011-06-02,7.44,7.85,7.38,7.84,7.84,554900
2011-06-03,7.67,7.8,7.55,7.56,7.56,536100
2011-06-06,7.56,7.62,7.3,7.34,7.34,490200
2011-06-07,7.4,7.54,7.27,7.38,7.38,320300
2011-06-08,7.35,7.45,7.22,7.22,7.22,268900
2011-06-09,7.26,7.44,7.01,7.33,7.33,238300
2011-06-10,7.28,7.42,7.0,7.08,7.08,367500
2011-06-13,7.13,7.23,7.03,7.12,7.12,279000
2011-06-14,7.18,7.27,6.93,7.03,7.03,517800
2011-06-15,6.98,7.07,6.69,6.8,6.8,321800
2011-06-16,6.78,6.84,6.47,6.49,6.49,617000
2011-06-17,6.53,6.76,6.5,6.64,6.64,515800
2011-06-20,6.6,6.99,6.42,6.84,6.84,343100
2011-06-21,6.88,7.23,6.75,7.14,7.14,235300
2011-06-22,7.08,7.12,6.64,6.68,6.68,253300
2011-06-23,6.61,6.78,6.46,6.75,6.75,170500
2011-06-24,6.74,6.74,6.52,6.62,6.62,480900
2011-06-27,6.64,6.81,6.6,6.69,6.69,219300
2011-06-28,6.71,6.78,6.54,6.7,6.7,257900
2011-06-29,6.73,6.73,6.54,6.56,6.56,273600
2011-06-30,6.56,6.66,6.3,6.49,6.49,269000
2011-07-01,6.49,6.61,6.39,6.5,6.5,297300
2011-07-05,6.49,6.6,6.42,6.53,6.53,230200
2011-07-06,6.5,6.65,6.46,6.56,6.56,291300
2011-07-07,6.62,7.0,6.62,6.86,6.86,387100
2011-07-08,6.79,6.97,6.58,6.92,6.92,154300
2011-07-11,6.76,6.94,6.55,6.6,6.6,166600
2011-07-12,6.59,6.87,6.57,6.64,6.64,121800
2011-07-13,6.67,6.88,6.5,6.58,6.58,161200
2011-07-14,6.57,6.76,6.53,6.54,6.54,145400
2011-07-15,6.56,6.84,6.55,6.77,6.77,149500
2011-07-18,6.73,6.79,6.34,6.39,6.39,149700
2011-07-19,6.45,6.78,6.39,6.77,6.77,167600
2011-07-20,6.76,6.87,6.41,6.79,6.79,188100
2011-07-21,6.81,7.53,6.81,7.46,7.46,682900
2011-07-22,7.43,7.44,7.2,7.29,7.29,304700
2011-07-25,7.17,7.29,7.13,7.17,7.17,200700
2011-07-26,7.19,7.39,7.13,7.29,7.29,242000
2011-07-27,7.3,7.37,7.05,7.09,7.09,519000
2011-07-28,7.07,7.29,7.0,7.21,7.21,232700
2011-07-29,7.09,7.24,6.83,7.18,7.18,222400
2011-08-01,7.27,7.35,6.99,7.12,7.12,339300
2011-08-02,7.06,7.24,7.02,7.08,7.08,286900
2011-08-03,7.08,7.08,6.6,6.71,6.71,260300
2011-08-04,6.63,6.67,6.12,6.13,6.13,305600
2011-08-05,6.21,6.39,5.55,6.01,6.01,565400
2011-08-08,5.06,5.87,5.0,5.44,5.44,556300
2011-08-09,5.61,5.99,5.25,5.99,5.99,548600
2011-08-10,5.68,5.95,5.45,5.52,5.52,571700
2011-08-11,5.52,5.7,5.32,5.55,5.55,468300
2011-08-12,5.6,5.84,5.27,5.69,5.69,288100
2011-08-15,5.81,6.02,5.81,6.02,6.02,257600
2011-08-16,5.93,6.18,5.84,6.02,6.02,465400
2011-08-17,6.09,6.24,5.98,6.1,6.1,255700
2011-08-18,5.83,5.97,5.7,5.7,5.7,350300
2011-08-19,5.59,6.04,5.59,5.97,5.97,388900
2011-08-22,6.15,6.18,5.56,5.7,5.7,280900
2011-08-23,5.74,6.15,5.6,6.08,6.08,273700
2011-08-24,6.05,6.32,5.88,6.29,6.29,159900
2011-08-25,6.34,6.34,5.86,5.88,5.88,159800
2011-08-26,5.85,6.12,5.73,6.12,6.12,148500
2011-08-29,6.17,6.41,6.04,6.4,6.4,154900
2011-08-30,6.34,6.41,5.9,6.36,6.36,166700
2011-08-31,6.49,6.62,6.21,6.33,6.33,211800
2011-09-01,6.37,6.58,6.03,6.09,6.09,222200
2011-09-02,5.95,6.35,5.7,5.78,5.78,215800
2011-09-06,5.57,5.84,5.56,5.78,5.78,160100
2011-09-07,5.88,6.18,5.83,6.16,6.16,202900
2011-09-08,6.12,6.22,5.78,5.82,5.82,164000
2011-09-09,5.75,5.83,5.37,5.5,5.5,252600
2011-09-12,5.42,5.68,5.38,5.54,5.54,101900
2011-09-13,5.57,5.85,5.48,5.8,5.8,134900
2011-09-14,5.87,5.98,5.73,5.88,5.88,223700
2011-09-15,5.95,5.99,5.75,5.97,5.97,117200
2011-09-16,6.02,6.04,5.81,6.03,6.03,257800
2011-09-19,5.89,6.15,5.77,6.04,6.04,162100
2011-09-20,6.08,6.25,5.85,6.07,6.07,266200
2011-09-21,6.08,6.31,6.08,6.25,6.25,248400
2011-09-22,5.9,6.01,5.33,5.4,5.4,369800
2011-09-23,5.41,5.6,5.33,5.58,5.58,340800
2011-09-26,5.65,5.65,5.31,5.61,5.61,134600
2011-09-27,5.75,5.92,5.69,5.81,5.81,234500
2011-09-28,5.89,6.49,5.89,6.09,6.09,382200
2011-09-29,6.27,6.38,6.09,6.37,6.37,342800
2011-09-30,6.26,6.68,6.09,6.36,6.36,385900
2011-10-03,6.31,6.42,5.75,5.75,5.75,494100
2011-10-04,5.61,6.24,5.61,6.24,6.24,544900
2011-10-05,6.24,6.27,6.05,6.23,6.23,273600
2011-10-06,6.19,6.76,6.19,6.74,6.74,307300
2011-10-07,6.77,6.77,6.41,6.48,6.48,553400
2011-10-10,6.6,6.81,6.43,6.58,6.58,414900
2011-10-11,6.5,6.79,6.47,6.73,6.73,363100
2011-10-12,6.78,7.04,6.59,6.97,6.97,421400
2011-10-13,6.9,7.04,6.85,6.94,6.94,264200
2011-10-14,7.05,7.05,6.88,6.99,6.99,279800
2011-10-17,6.9,6.99,6.43,6.5,6.5,419100
2011-10-18,6.49,6.59,6.31,6.51,6.51,309200
2011-10-19,6.48,6.74,6.25,6.27,6.27,190600
2011-10-20,6.27,6.47,6.02,6.11,6.11,221500
2011-10-21,6.26,6.36,6.13,6.35,6.35,226300
2011-10-24,6.35,6.46,6.16,6.45,6.45,453600
2011-10-25,6.45,6.48,6.3,6.31,6.31,203900
2011-10-26,6.45,6.61,6.19,6.54,6.54,370200
2011-10-27,6.8,6.8,6.58,6.68,6.68,414400
2011-10-28,6.66,6.92,6.65,6.84,6.84,530500
2011-10-31,6.72,6.77,6.5,6.5,6.5,243200
2011-11-01,6.26,6.37,6.06,6.21,6.21,320200
2011-11-02,6.34,6.39,6.15,6.25,6.25,301200
2011-11-03,6.36,6.62,6.23,6.6,6.6,267400
2011-11-04,6.52,6.52,6.17,6.44,6.44,350800
2011-11-07,6.4,6.5,6.17,6.44,6.44,309200
2011-11-08,6.38,6.38,5.75,5.79,5.79,659400
2011-11-09,5.62,5.69,5.33,5.37,5.37,1089400
2011-11-10,5.46,5.46,5.05,5.14,5.14,764800
2011-11-11,5.2,5.64,5.14,5.58,5.58,332100
2011-11-14,5.53,5.57,5.22,5.34,5.34,428500
2011-11-15,5.33,5.55,5.26,5.5,5.5,349200
2011-11-16,5.42,5.72,5.38,5.54,5.54,327700
2011-11-17,5.56,5.62,5.45,5.52,5.52,298800
2011-11-18,5.49,5.71,5.45,5.62,5.62,322000
2011-11-21,5.49,5.64,5.46,5.57,5.57,240200
2011-11-22,5.55,5.79,5.55,5.69,5.69,310700
2011-11-23,5.62,5.68,5.41,5.44,5.44,198900
2011-11-25,5.42,5.47,5.15,5.23,5.23,147100
2011-11-28,5.46,5.86,5.4,5.85,5.85,387800
2011-11-29,5.84,5.88,5.7,5.85,5.85,298400
2011-11-30,6.14,6.33,5.95,6.14,6.14,1595400
2011-12-01,6.1,6.14,5.83,5.98,5.98,206400
2011-12-02,6.05,6.2,5.93,5.98,5.98,178000
2011-12-05,6.1,6.2,6.0,6.13,6.13,228100
2011-12-06,6.11,6.11,5.86,5.87,5.87,200900
2011-12-07,5.85,6.01,5.71,5.99,5.99,182700
2011-12-08,5.94,5.97,5.61,5.61,5.61,192400
2011-12-09,5.64,5.81,5.61,5.68,5.68,216200
2011-12-12,5.59,5.62,5.48,5.5,5.5,286500
2011-12-13,5.55,5.68,5.35,5.39,5.39,254600
2011-12-14,5.35,5.55,5.28,5.45,5.45,216200
2011-12-15,5.52,5.52,5.3,5.5,5.5,211700
2011-12-16,5.5,5.64,5.37,5.5,5.5,305400
2011-12-19,5.52,5.53,5.17,5.22,5.22,309100
2011-12-20,5.34,5.55,5.28,5.52,5.52,337900
2011-12-21,5.52,5.55,5.25,5.39,5.39,366700
2011-12-22,5.41,5.46,5.36,5.39,5.39,140300
2011-12-23,5.38,5.38,5.29,5.36,5.36,143600
2011-12-27,5.33,5.42,5.33,5.39,5.39,110000
2011-12-28,5.39,5.39,5.21,5.24,5.24,289900
2011-12-29,5.26,5.49,5.24,5.37,5.37,185500
2011-12-30,5.37,5.48,5.35,5.46,5.46,325500
2012-01-03,5.57,5.63,5.32,5.35,5.35,254100
2012-01-04,5.31,5.43,5.23,5.34,5.34,238600
2012-01-05,5.32,5.42,5.27,5.36,5.36,137000
2012-01-06,5.37,5.47,5.22,5.22,5.22,306800
2012-01-09,5.23,5.32,5.22,5.28,5.28,221200
2012-01-10,5.32,5.37,5.28,5.31,5.31,160900
2012-01-11,5.31,5.47,5.3,5.4,5.4,220400
2012-01-12,5.41,5.45,5.33,5.36,5.36,149100
2012-01-13,5.29,5.46,5.2,5.43,5.43,302800
2012-01-17,5.49,5.7,5.39,5.42,5.42,262300
2012-01-18,5.41,5.53,5.37,5.49,5.49,225500
2012-01-19,5.5,5.5,5.24,5.4,5.4,324500
2012-01-20,5.37,5.53,5.35,5.43,5.43,252200
2012-01-23,5.45,5.54,5.31,5.34,5.34,190300
2012-01-24,5.32,5.43,5.3,5.4,5.4,153600
2012-01-25,5.42,5.6,5.35,5.55,5.55,217600
2012-01-26,5.59,5.71,5.41,5.46,5.46,246200
2012-01-27,5.42,5.5,5.35,5.45,5.45,128600
2012-01-30,5.41,5.54,5.37,5.39,5.39,250600
2012-01-31,5.44,5.48,5.35,5.41,5.41,104900
2012-02-01,5.46,5.98,5.43,5.84,5.84,415700
2012-02-02,6.85,6.96,6.09,6.72,6.72,1871700
2012-02-03,6.8,6.83,6.44,6.65,6.65,675100
2012-02-06,6.61,6.69,6.22,6.26,6.26,407900
2012-02-07,6.27,6.72,6.11,6.67,6.67,414000
2012-02-08,6.7,6.72,6.42,6.61,6.61,254700
2012-02-09,6.65,6.73,6.47,6.55,6.55,238600
2012-02-10,6.48,6.74,6.47,6.72,6.72,239600
2012-02-13,6.76,6.84,6.57,6.63,6.63,197100
2012-02-14,6.61,6.66,6.38,6.4,6.4,255400
2012-02-15,6.42,6.46,6.25,6.36,6.36,696000
2012-02-16,6.36,6.5,6.3,6.47,6.47,184600
2012-02-17,6.51,6.66,6.45,6.51,6.51,137200
2012-02-21,6.5,6.5,6.34,6.36,6.36,233700
2012-02-22,6.34,6.47,6.3,6.35,6.35,155100
2012-02-23,6.37,6.61,6.35,6.56,6.56,170500
2012-02-24,6.57,6.72,6.51,6.65,6.65,193700
2012-02-27,6.62,6.62,6.45,6.56,6.56,130800
2012-02-28,6.54,6.59,6.41,6.45,6.45,257300
2012-02-29,6.48,6.55,6.32,6.34,6.34,295800
2012-03-01,6.39,6.49,6.33,6.35,6.35,165100
2012-03-02,6.35,6.48,6.34,6.45,6.45,262100
2012-03-05,6.41,6.64,6.4,6.56,6.56,229400
2012-03-06,6.48,6.57,6.4,6.45,6.45,369800
2012-03-07,6.47,6.56,6.4,6.54,6.54,172800
2012-03-08,6.58,6.66,6.53,6.62,6.62,206200
2012-03-09,7.3,7.4,6.78,6.97,6.97,1719100
2012-03-12,7.0,7.0,6.8,6.95,6.95,296500
2012-03-13,7.0,7.0,6.72,6.81,6.81,560600
2012-03-14,6.81,6.81,6.64,6.71,6.71,380600
2012-03-15,6.73,6.8,6.69,6.71,6.71,185600
2012-03-16,6.73,6.82,6.7,6.73,6.73,277300
2012-03-19,6.7,6.83,6.53,6.75,6.75,272300
2012-03-20,6.68,6.71,6.57,6.61,6.61,195000
2012-03-21,6.62,6.68,6.57,6.61,6.61,105700
2012-03-22,6.55,6.61,6.5,6.55,6.55,124200
2012-03-23,6.56,6.72,6.5,6.7,6.7,122400
2012-03-26,6.76,6.8,6.64,6.72,6.72,163800
2012-03-27,6.71,6.76,6.64,6.64,6.64,75000
2012-03-28,6.64,6.67,6.55,6.66,6.66,139900
2012-03-29,6.59,6.82,6.55,6.78,6.78,188400
2012-03-30,6.85,6.88,6.72,6.79,6.79,142900
2012-04-02,6.74,7.01,6.65,7.01,7.01,501300
2012-04-03,6.99,7.1,6.92,7.01,7.01,801400
2012-04-04,6.9,7.0,6.86,6.9,6.9,189000
2012-04-05,6.89,6.94,6.8,6.93,6.93,102600
2012-04-09,6.79,6.91,6.72,6.9,6.9,195600
2012-04-10,6.87,6.91,6.76,6.8,6.8,274100
2012-04-11,6.88,6.91,6.81,6.85,6.85,157000
2012-04-12,6.84,7.06,6.72,6.96,6.96,307700
2012-04-13,6.95,7.0,6.83,6.87,6.87,211900
2012-04-16,6.9,6.9,6.75,6.86,6.86,73800
2012-04-17,6.93,7.05,6.88,7.01,7.01,317900
2012-04-18,6.96,7.12,6.95,7.08,7.08,317800
2012-04-19,7.11,7.42,6.99,7.39,7.39,453700
2012-04-20,7.53,7.55,7.21,7.22,7.22,629800
2012-04-23,7.11,7.21,6.99,7.1,7.1,273200
2012-04-24,7.13,7.14,7.04,7.1,7.1,173800
2012-04-25,7.17,7.26,7.08,7.24,7.24,669900
2012-04-26,7.2,7.55,7.16,7.52,7.52,290200
2012-04-27,7.55,7.68,7.29,7.53,7.53,303200
2012-04-30,7.51,7.54,7.33,7.41,7.41,193000
2012-05-01,7.39,7.84,7.39,7.5,7.5,320600
2012-05-02,7.43,7.88,7.43,7.84,7.84,439900
2012-05-03,7.84,7.84,7.66,7.77,7.77,490800
2012-05-04,7.74,7.75,7.43,7.44,7.44,197900
2012-05-07,7.39,7.75,7.22,7.52,7.52,231000
2012-05-08,7.45,7.48,7.27,7.35,7.35,211400
2012-05-09,7.25,7.39,7.05,7.33,7.33,638200
2012-05-10,7.37,7.8,7.36,7.67,7.67,413000
2012-05-11,7.57,7.67,7.47,7.64,7.64,497600
2012-05-14,7.54,7.77,7.51,7.73,7.73,312800
2012-05-15,7.7,7.79,7.61,7.65,7.65,390500
2012-05-16,7.69,7.72,7.46,7.5,7.5,330100
2012-05-17,7.49,7.5,7.1,7.1,7.1,264800
2012-05-18,7.11,7.13,6.8,6.9,6.9,584300
2012-05-21,6.91,7.16,6.85,7.0,7.0,260300
2012-05-22,7.0,7.08,6.74,6.79,6.79,221000
2012-05-23,6.7,6.86,6.61,6.82,6.82,174000
2012-05-24,6.81,6.83,6.69,6.75,6.75,240000
2012-05-25,6.77,6.79,6.65,6.73,6.73,365800
2012-05-29,6.83,6.91,6.62,6.89,6.89,335000
2012-05-30,6.79,6.79,6.68,6.71,6.71,117500
2012-05-31,6.69,6.81,6.6,6.76,6.76,239200
2012-06-01,6.6,6.69,6.43,6.44,6.44,217000
2012-06-04,6.47,6.79,6.45,6.68,6.68,342600
2012-06-05,6.64,7.0,6.64,6.97,6.97,191500
2012-06-06,7.0,7.1,6.85,6.99,6.99,198600
2012-06-07,7.08,7.08,6.8,6.82,6.82,260700
2012-06-08,6.8,7.05,6.77,7.04,7.04,215300
2012-06-11,7.13,7.14,6.83,6.83,6.83,172500
2012-06-12,6.85,7.07,6.8,6.99,6.99,163400
2012-06-13,6.96,7.01,6.83,6.87,6.87,129800
2012-06-14,6.9,6.96,6.82,6.91,6.91,160900
2012-06-15,6.97,7.25,6.9,7.24,7.24,314000
2012-06-18,7.18,7.39,7.02,7.33,7.33,162800
2012-06-19,7.36,7.54,7.25,7.51,7.51,475100
2012-06-20,7.46,7.57,7.38,7.57,7.57,161400
2012-06-21,7.58,7.59,7.3,7.55,7.55,340300
2012-06-22,7.57,7.67,7.47,7.55,7.55,1370400
2012-06-25,7.44,7.48,7.26,7.28,7.28,107000
2012-06-26,7.27,7.3,7.22,7.25,7.25,199000
2012-06-27,7.25,7.43,7.06,7.35,7.35,112100
2012-06-28,7.27,7.38,7.23,7.33,7.33,118700
2012-06-29,7.51,7.51,7.34,7.43,7.43,174000
2012-07-02,7.46,7.58,7.41,7.56,7.56,205600
2012-07-03,7.52,7.6,7.44,7.45,7.45,224900
2012-07-05,7.42,7.56,7.42,7.46,7.46,160400
2012-07-06,7.37,7.54,7.35,7.52,7.52,169600
2012-07-09,7.48,7.54,7.45,7.49,7.49,126600
2012-07-10,7.5,7.53,7.47,7.5,7.5,399600
2012-07-11,7.5,7.58,7.43,7.44,7.44,324000
2012-07-12,7.4,7.54,7.35,7.44,7.44,347600
2012-07-13,7.46,7.48,7.17,7.19,7.19,457600
2012-07-16,7.19,7.25,7.08,7.1,7.1,305600
2012-07-17,7.15,7.29,6.9,7.27,7.27,162400
2012-07-18,7.28,7.31,7.18,7.21,7.21,134800
2012-07-19,7.22,7.22,6.99,7.1,7.1,99400
2012-07-20,7.04,7.08,6.82,6.89,6.89,150100
2012-07-23,6.77,6.77,6.58,6.6,6.6,401500
2012-07-24,6.64,6.72,6.55,6.57,6.57,201200
2012-07-25,6.61,6.61,6.36,6.39,6.39,360100
2012-07-26,6.47,6.5,6.3,6.3,6.3,184600
2012-07-27,6.31,6.76,6.14,6.7,6.7,219000
2012-07-30,6.69,6.74,6.43,6.45,6.45,157200
2012-07-31,6.45,6.56,6.35,6.36,6.36,133000
2012-08-01,6.42,6.47,6.31,6.33,6.33,157800
2012-08-02,6.27,6.38,6.21,6.34,6.34,106100
2012-08-03,6.43,6.66,6.35,6.54,6.54,152300
2012-08-06,6.75,6.76,6.5,6.51,6.51,114900
2012-08-07,6.54,6.7,6.52,6.67,6.67,117800
2012-08-08,6.62,6.75,6.62,6.75,6.75,181800
2012-08-09,7.24,7.51,7.14,7.34,7.34,796600
2012-08-10,7.34,7.5,7.28,7.49,7.49,251400
2012-08-13,7.5,7.51,7.34,7.49,7.49,271300
2012-08-14,7.56,7.56,7.42,7.52,7.52,183600
2012-08-15,7.48,7.6,7.45,7.55,7.55,122600
2012-08-16,7.51,7.54,7.42,7.5,7.5,115700
2012-08-17,7.46,7.51,7.36,7.5,7.5,95800
2012-08-20,7.45,7.54,7.37,7.51,7.51,147000
2012-08-21,7.31,7.61,7.31,7.49,7.49,332400
2012-08-22,7.46,7.62,7.46,7.6,7.6,281600
2012-08-23,7.56,7.65,7.5,7.62,7.62,203000
2012-08-24,7.63,8.02,7.6,7.99,7.99,421900
2012-08-27,8.0,8.06,7.86,8.05,8.05,375700
2012-08-28,8.03,8.24,8.0,8.12,8.12,769900
2012-08-29,8.15,8.39,8.15,8.38,8.38,328400
2012-08-30,8.33,8.43,8.28,8.43,8.43,220900
2012-08-31,8.48,8.53,8.36,8.5,8.5,241000
2012-09-04,8.48,8.5,8.29,8.42,8.42,476600
2012-09-05,8.46,8.47,8.32,8.34,8.34,330900
2012-09-06,8.38,8.55,8.25,8.48,8.48,530800
2012-09-07,8.5,8.52,8.3,8.42,8.42,387200
2012-09-10,8.42,8.5,8.33,8.34,8.34,172000
2012-09-11,8.37,8.44,8.05,8.29,8.29,223300
2012-09-12,8.31,8.38,8.16,8.37,8.37,220300
2012-09-13,8.39,8.47,8.34,8.41,8.41,341400
2012-09-14,8.45,8.67,8.4,8.5,8.5,666300
2012-09-17,8.48,8.51,8.4,8.5,8.5,121200
2012-09-18,8.53,8.87,8.53,8.77,8.77,1183900
2012-09-19,8.75,8.93,8.73,8.9,8.9,447400
2012-09-20,8.82,8.94,8.78,8.91,8.91,241900
2012-09-21,9.0,9.23,8.96,9.05,9.05,753100
2012-09-24,8.94,9.03,8.81,8.88,8.88,288200
2012-09-25,8.92,9.08,8.88,8.96,8.96,398500
2012-09-26,8.95,9.05,8.89,9.03,9.03,754800
2012-09-27,9.07,9.13,9.01,9.07,9.07,542500
2012-09-28,9.01,9.15,9.01,9.11,9.11,331700
2012-10-01,9.17,9.3,9.15,9.26,9.26,464800
2012-10-02,9.3,9.37,9.2,9.33,9.33,347200
2012-10-03,9.3,9.53,9.27,9.5,9.5,417400
2012-10-04,9.51,9.54,9.32,9.35,9.35,252100
2012-10-05,9.36,9.36,9.13,9.18,9.18,469000
2012-10-08,9.15,9.38,9.11,9.31,9.31,254300
2012-10-09,9.29,9.37,9.17,9.35,9.35,378200
2012-10-10,9.39,9.76,9.22,9.61,9.61,1740000
2012-10-11,9.71,9.8,9.48,9.52,9.52,411400
2012-10-12,9.5,9.55,9.36,9.37,9.37,169000
2012-10-15,9.37,9.39,9.23,9.3,9.3,147300
2012-10-16,9.4,9.58,9.39,9.48,9.48,544300
2012-10-17,9.49,9.57,9.45,9.5,9.5,234400
2012-10-18,9.46,9.55,9.39,9.45,9.45,325000
2012-10-19,9.36,9.37,9.0,9.09,9.09,291300
2012-10-22,9.05,9.16,9.05,9.12,9.12,184400
2012-10-23,9.01,9.12,8.98,9.11,9.11,201800
2012-10-24,9.16,9.38,9.16,9.28,9.28,150100
2012-10-25,9.33,9.41,9.29,9.4,9.4,165200
2012-10-26,9.37,9.43,9.04,9.06,9.06,118000
2012-10-31,9.05,9.35,8.99,9.19,9.19,228600
2012-11-01,9.24,9.4,9.05,9.21,9.21,237500
2012-11-02,9.27,9.35,9.04,9.08,9.08,229900
2012-11-05,9.12,9.23,9.07,9.16,9.16,127300
2012-11-06,9.18,9.18,9.04,9.08,9.08,179400
2012-11-07,9.01,9.01,8.81,8.85,8.85,216600
2012-11-08,9.5,10.15,9.37,9.41,9.41,1253500
2012-11-09,9.33,9.76,9.19,9.66,9.66,474400
2012-11-12,9.67,9.92,9.25,9.76,9.76,316800
2012-11-13,9.75,9.9,9.54,9.86,9.86,354200
2012-11-14,9.91,10.0,9.71,9.77,9.77,262400
2012-11-15,9.76,9.93,9.7,9.86,9.86,330100
2012-11-16,9.83,9.88,9.65,9.85,9.85,240800
2012-11-19,9.96,10.06,9.86,10.05,10.05,235400
2012-11-20,10.06,10.33,9.98,10.21,10.21,450900
2012-11-21,10.28,10.3,9.98,10.0,10.0,217900
2012-11-23,10.0,10.11,9.97,10.01,10.01,141800
2012-11-26,10.0,10.04,9.91,9.97,9.97,630300
2012-11-27,9.96,10.06,9.75,9.95,9.95,245400
2012-11-28,9.89,9.89,9.79,9.89,9.89,306000
2012-11-29,9.95,10.2,9.93,10.2,10.2,239600
2012-11-30,10.24,10.34,10.1,10.3,10.3,195500
2012-12-03,10.35,10.42,10.23,10.33,10.33,231800
2012-12-04,10.3,10.84,10.16,10.71,10.71,296800
2012-12-05,10.76,10.96,10.63,10.63,10.63,248100
2012-12-06,10.6,10.92,10.14,10.85,10.85,229500
2012-12-07,10.9,10.91,10.65,10.81,10.81,146300
2012-12-10,10.85,10.96,10.8,10.92,10.92,187600
2012-12-11,10.98,11.06,10.83,10.92,10.92,282800
2012-12-12,10.91,10.92,10.71,10.71,10.71,257600
2012-12-13,10.94,11.04,10.7,10.8,10.8,417100
2012-12-14,10.8,10.87,10.63,10.77,10.77,320500
2012-12-17,10.81,10.82,10.53,10.61,10.61,421100
2012-12-18,10.62,10.75,10.54,10.6,10.6,416000
2012-12-19,10.62,10.84,10.48,10.77,10.77,290400
2012-12-20,10.74,10.92,10.51,10.6,10.6,341300
2012-12-21,10.55,10.58,10.37,10.53,10.53,746300
2012-12-24,10.53,10.73,10.5,10.7,10.7,143700
2012-12-26,10.69,10.85,10.68,10.7,10.7,221800
2012-12-27,10.7,10.7,10.44,10.52,10.52,244100
2012-12-28,10.47,10.63,10.41,10.51,10.51,119100
2012-12-31,10.48,10.82,10.2,10.77,10.77,171400
2013-01-02,10.91,11.22,10.89,10.98,10.98,337700
2013-01-03,11.0,11.0,10.73,10.8,10.8,202100
2013-01-04,10.87,10.97,10.57,10.88,10.88,195500
2013-01-07,10.79,11.42,10.79,11.37,11.37,516700
2013-01-08,11.39,11.53,11.35,11.4,11.4,357200
2013-01-09,11.4,11.69,11.32,11.68,11.68,371500
2013-01-10,11.75,11.75,11.5,11.52,11.52,441900
2013-01-11,11.55,11.66,11.44,11.6,11.6,422900
2013-01-14,11.53,11.57,11.36,11.47,11.47,338900
2013-01-15,11.41,11.53,11.27,11.49,11.49,205900
2013-01-16,11.5,11.52,11.27,11.46,11.46,198500
2013-01-17,11.48,11.61,11.45,11.54,11.54,233700
2013-01-18,11.57,11.7,11.43,11.51,11.51,373900
2013-01-22,11.5,11.63,11.5,11.56,11.56,189500
2013-01-23,11.53,11.65,11.51,11.58,11.58,267100
2013-01-24,11.59,11.74,11.54,11.7,11.7,340200
2013-01-25,11.9,11.99,11.74,11.79,11.79,546900
2013-01-28,11.84,11.89,11.63,11.67,11.67,319800
2013-01-29,11.67,11.81,11.67,11.77,11.77,278000
2013-01-30,11.76,11.76,11.25,11.36,11.36,510700
2013-01-31,11.37,11.55,11.2,11.23,11.23,244600
2013-02-01,11.31,11.35,11.17,11.24,11.24,268500
2013-02-04,11.2,11.23,11.11,11.17,11.17,285200
2013-02-05,11.19,11.35,11.16,11.33,11.33,364500
2013-02-06,11.29,11.31,11.07,11.22,11.22,351100
2013-02-07,11.21,11.27,11.1,11.23,11.23,259100
2013-02-08,11.28,11.32,11.2,11.24,11.24,212900
2013-02-11,11.26,11.26,11.12,11.23,11.23,191800
2013-02-12,11.26,11.34,11.11,11.3,11.3,263400
2013-02-13,11.31,11.65,11.31,11.63,11.63,189700
2013-02-14,11.62,11.78,11.51,11.76,11.76,274400
2013-02-15,11.83,11.83,11.37,11.7,11.7,464800
2013-02-19,11.64,11.91,11.6,11.91,11.91,464300
2013-02-20,11.89,11.92,11.61,11.63,11.63,238500
2013-02-21,11.66,11.74,11.36,11.59,11.59,228100
2013-02-22,11.66,11.76,11.5,11.56,11.56,183800
2013-02-25,11.61,11.61,11.02,11.05,11.05,237100
2013-02-26,11.1,11.1,10.78,10.98,10.98,233000
2013-02-27,10.96,11.03,10.76,10.87,10.87,362100
2013-02-28,10.86,11.07,10.83,10.95,10.95,194300
2013-03-01,10.89,11.04,10.82,10.91,10.91,380000
2013-03-04,10.93,10.99,10.77,10.85,10.85,325300
2013-03-05,10.91,11.03,10.8,10.9,10.9,670800
2013-03-06,10.95,11.0,10.81,10.95,10.95,303100
2013-03-07,10.99,10.99,10.82,10.87,10.87,164800
2013-03-08,10.94,11.1,10.83,11.04,11.04,412200
2013-03-11,11.02,11.18,10.84,10.9,10.9,206800
2013-03-12,12.0,12.35,11.92,12.27,12.27,2324200
2013-03-13,12.32,12.92,12.31,12.9,12.9,653000
2013-03-14,12.89,12.9,12.7,12.76,12.76,371100
2013-03-15,12.78,12.83,12.55,12.77,12.77,388400
2013-03-18,12.66,12.76,12.51,12.57,12.57,400700
2013-03-19,12.57,12.9,12.42,12.58,12.58,433100
2013-03-20,12.66,12.73,12.59,12.71,12.71,200800
2013-03-21,12.62,12.75,12.45,12.69,12.69,269600
2013-03-22,12.7,12.78,12.52,12.57,12.57,69400
2013-03-25,12.63,12.75,12.42,12.51,12.51,157000
2013-03-26,12.59,12.69,12.51,12.68,12.68,154400
2013-03-27,12.68,12.69,12.5,12.61,12.61,129000
2013-03-28,12.67,12.76,12.56,12.71,12.71,372700
2013-04-01,12.75,12.77,12.52,12.7,12.7,318500
2013-04-02,12.73,13.19,12.73,12.93,12.93,518500
2013-04-03,12.91,12.97,12.35,12.41,12.41,386600
2013-04-04,12.29,12.4,12.06,12.32,12.32,385900
2013-04-05,12.08,12.42,11.62,12.41,12.41,325400
2013-04-08,12.43,12.43,12.25,12.42,12.42,105500
2013-04-09,12.5,13.21,12.39,13.01,13.01,907800
2013-04-10,13.02,13.2,12.87,13.15,13.15,289100
2013-04-11,13.25,13.36,13.15,13.25,13.25,471900
2013-04-12,13.24,13.39,13.1,13.21,13.21,159600
2013-04-15,13.12,13.13,12.57,12.76,12.76,241700
2013-04-16,12.82,13.11,12.77,13.08,13.08,179100
2013-04-17,12.73,12.87,11.75,12.32,12.32,561000
2013-04-18,12.31,12.57,12.11,12.41,12.41,684200
2013-04-19,12.64,13.25,12.6,13.07,13.07,6857900
2013-04-22,13.07,13.16,12.75,13.0,13.0,1273100
2013-04-23,13.02,13.55,13.02,13.54,13.54,974800
2013-04-24,13.51,13.7,13.44,13.66,13.66,1120800
2013-04-25,13.65,13.82,13.56,13.66,13.66,479900
2013-04-26,13.67,13.8,13.55,13.74,13.74,700200
2013-04-29,13.81,13.84,13.56,13.79,13.79,382700
2013-04-30,13.78,13.92,13.74,13.86,13.86,1104400
2013-05-01,13.79,13.85,13.52,13.62,13.62,604400
2013-05-02,13.68,13.93,13.67,13.89,13.89,486100
2013-05-03,14.03,14.05,13.77,13.82,13.82,469100
2013-05-06,13.86,14.14,13.78,14.06,14.06,850000
2013-05-07,14.13,14.13,13.92,14.1,14.1,434200
2013-05-08,14.09,14.23,14.01,14.13,14.13,928500
2013-05-09,14.73,14.73,13.45,13.88,13.88,1355200
2013-05-10,13.87,13.99,13.65,13.83,13.83,594600
2013-05-13,13.78,13.92,13.64,13.75,13.75,706900
2013-05-14,13.85,13.9,13.65,13.7,13.7,469600
2013-05-15,13.64,13.71,13.49,13.57,13.57,299700
2013-05-16,13.59,13.59,13.05,13.35,13.35,1076100
2013-05-17,13.42,13.47,13.29,13.29,13.29,586700
2013-05-20,13.31,13.31,13.08,13.21,13.21,573800
2013-05-21,13.61,13.9,13.5,13.68,13.68,518500
2013-05-22,13.71,13.97,13.59,13.66,13.66,662500
2013-05-23,13.33,13.63,13.25,13.6,13.6,252200
2013-05-24,13.58,13.59,13.32,13.48,13.48,256100
2013-05-28,14.04,14.24,13.66,14.0,14.0,803700
2013-05-29,13.99,14.12,13.63,13.88,13.88,256600
2013-05-30,13.89,14.2,13.83,14.14,14.14,656300
2013-05-31,14.05,14.09,13.82,13.98,13.98,560300
2013-06-03,13.97,14.26,13.88,14.17,14.17,497600
2013-06-04,14.13,14.37,14.06,14.28,14.28,934600
2013-06-05,14.23,14.51,14.18,14.38,14.38,1097000
2013-06-06,14.35,14.57,14.27,14.4,14.4,363200
2013-06-07,14.49,14.56,14.3,14.52,14.52,271900
2013-06-10,14.6,14.75,14.45,14.71,14.71,320000
2013-06-11,14.64,14.64,14.25,14.42,14.42,443000
2013-06-12,14.53,14.93,14.36,14.8,14.8,476000
2013-06-13,14.84,15.12,14.73,15.05,15.05,487900
2013-06-14,15.02,15.07,14.93,15.0,15.0,375200
2013-06-17,15.55,16.16,15.32,15.79,15.79,1119300
2013-06-18,15.84,16.01,15.63,15.98,15.98,953500
2013-06-19,16.01,16.48,15.95,16.18,16.18,653600
2013-06-20,16.049999,16.33,15.93,16.24,16.24,530300
2013-06-21,16.33,16.93,16.290001,16.549999,16.549999,1005000
2013-06-24,16.49,16.559998999999998,16.200001,16.459999,16.459999,525100
2013-06-25,16.51,16.51,16.08,16.389999,16.389999,850400
2013-06-26,16.51,16.629998999999998,16.4,16.469998999999998,16.469998999999998,331500
2013-06-27,16.58,16.780001000000002,16.41,16.74,16.74,395200
2013-06-28,16.59,16.690001000000002,16.120001000000002,16.5,16.5,2303000
2013-07-01,16.57,16.73,16.16,16.4,16.4,803800
2013-07-02,16.43,16.6,16.33,16.52,16.52,579600
2013-07-03,16.52,16.67,16.209999,16.4,16.4,320000
2013-07-05,16.5,16.629998999999998,16.4,16.530001000000002,16.530001000000002,238300
2013-07-08,16.6,17.33,16.530001000000002,17.23,17.23,1014900
2013-07-09,17.34,17.620001000000002,16.139999,16.34,16.34,913600
2013-07-10,15.98,16.379998999999998,15.56,16.059998999999998,16.059998999999998,1142700
2013-07-11,16.200001,16.65,16.0,16.65,16.65,599300
2013-07-12,16.6,16.690001000000002,16.110001,16.34,16.34,501400
2013-07-15,16.33,16.700001,16.25,16.700001,16.700001,501700
2013-07-16,16.83,17.07,16.639999,16.700001,16.700001,612100
2013-07-17,16.629998999999998,16.75,16.15,16.299999,16.299999,625300
2013-07-18,16.370001000000002,16.620001000000002,16.15,16.540001,16.540001,423900
2013-07-19,16.540001,16.58,16.200001,16.24,16.24,495600
2013-07-22,16.27,16.5,16.01,16.360001,16.360001,220500
2013-07-23,16.440001000000002,16.440001000000002,16.16,16.23,16.23,431400
2013-07-24,16.35,16.610001,16.25,16.34,16.34,550500
2013-07-25,16.309998999999998,16.57,16.01,16.309998999999998,16.309998999999998,457700
2013-07-26,16.16,16.389999,16.049999,16.26,16.26,519200
2013-07-29,16.26,16.41,16.07,16.23,16.23,449600
2013-07-30,16.25,16.26,15.99,16.07,16.07,389800
2013-07-31,16.07,16.5,15.84,16.25,16.25,305800
2013-08-01,16.309998999999998,16.5,16.15,16.48,16.48,283700
2013-08-02,16.469998999999998,16.559998999999998,16.360001,16.549999,16.549999,144100
2013-08-05,16.540001,16.82,16.51,16.629998999999998,16.629998999999998,571200
2013-08-06,16.6,16.620001000000002,16.209999,16.26,16.26,226500
2013-08-07,16.200001,16.700001,16.07,16.629998999999998,16.629998999999998,556900
2013-08-08,15.0,15.13,13.4,13.56,13.56,4497600
2013-08-09,13.51,13.98,12.71,13.77,13.77,2097500
2013-08-12,14.06,14.13,13.6,14.13,14.13,903100
2013-08-13,14.18,14.5,14.09,14.17,14.17,1397300
2013-08-14,13.57,13.67,13.15,13.63,13.63,4167300
2013-08-15,13.51,13.59,13.11,13.12,13.12,1290400
2013-08-16,13.05,13.18,12.89,12.95,12.95,569100
2013-08-19,12.87,13.04,12.7,12.76,12.76,851800
2013-08-20,12.74,12.87,12.47,12.71,12.71,704700
2013-08-21,12.64,12.87,12.59,12.63,12.63,582000
2013-08-22,12.68,12.79,12.6,12.7,12.7,288800
2013-08-23,12.69,13.07,12.36,12.38,12.38,972900
2013-08-26,12.37,12.39,12.13,12.27,12.27,583000
2013-08-27,12.13,12.25,11.95,12.01,12.01,676500
2013-08-28,12.03,12.61,11.88,12.5,12.5,1239100
2013-08-29,12.52,12.61,12.34,12.35,12.35,609700
2013-08-30,12.3,12.46,12.16,12.2,12.2,395800
2013-09-03,12.29,12.29,10.85,11.42,11.42,4288900
2013-09-04,11.4,11.4,11.11,11.34,11.34,957500
2013-09-05,11.37,11.74,11.35,11.58,11.58,1083300
2013-09-06,11.64,11.74,11.28,11.5,11.5,857400
2013-09-09,11.51,11.54,11.41,11.49,11.49,658900
2013-09-10,11.51,11.57,11.37,11.45,11.45,552100
2013-09-11,11.42,11.57,11.34,11.4,11.4,550100
2013-09-12,11.35,11.55,11.3,11.37,11.37,839600
2013-09-13,11.42,11.64,11.36,11.64,11.64,668000
2013-09-16,11.72,11.79,11.38,11.43,11.43,637300
2013-09-17,11.46,11.81,11.38,11.81,11.81,674100
2013-09-18,11.84,11.95,11.57,11.74,11.74,597400
2013-09-19,11.74,11.82,11.41,11.61,11.61,497900
2013-09-20,11.6,11.74,10.97,11.07,11.07,1518000
2013-09-23,10.77,10.77,9.97,10.41,10.41,3228500
2013-09-24,10.39,10.58,8.38,8.47,8.47,9488000
2013-09-25,8.42,9.4,8.29,9.19,9.19,9898700
2013-09-26,9.19,9.22,8.74,8.78,8.78,4438400
2013-09-27,8.75,9.06,8.75,8.84,8.84,1736300
2013-09-30,8.77,8.99,8.67,8.78,8.78,2364900
2013-10-01,8.75,8.93,8.64,8.67,8.67,1961700
2013-10-02,8.59,8.61,8.51,8.58,8.58,1326300
2013-10-03,8.54,8.64,8.42,8.49,8.49,1029900
2013-10-04,8.47,8.64,8.44,8.52,8.52,1973800
2013-10-07,8.49,8.49,8.36,8.44,8.44,758800
2013-10-08,8.48,8.55,8.26,8.27,8.27,955000
2013-10-09,8.28,8.28,7.97,8.02,8.02,1350300
2013-10-10,8.1,8.11,7.99,8.06,8.06,1238700
2013-10-11,8.07,8.18,8.0,8.17,8.17,665100
2013-10-14,8.1,8.26,8.03,8.24,8.24,642500
2013-10-15,8.2,8.31,8.1,8.29,8.29,712500
2013-10-16,8.39,8.53,8.3,8.49,8.49,938800
2013-10-17,8.44,8.48,8.13,8.33,8.33,868800
2013-10-18,8.39,8.42,8.18,8.22,8.22,802700
2013-10-21,8.21,8.29,8.0,8.12,8.12,898700
2013-10-22,8.13,8.23,8.09,8.14,8.14,435600
2013-10-23,8.09,8.14,7.98,8.02,8.02,710500
2013-10-24,8.04,8.11,7.91,7.96,7.96,758200
2013-10-25,7.96,8.0,7.38,7.52,7.52,1851900
2013-10-28,7.5,7.53,7.35,7.43,7.43,1390300
2013-10-29,7.42,7.46,7.35,7.37,7.37,987200
2013-10-30,7.35,7.37,7.04,7.06,7.06,1457600
2013-10-31,7.08,7.13,6.95,7.01,7.01,1398300
2013-11-01,7.0,7.03,6.61,6.76,6.76,1513800
2013-11-04,6.75,6.92,6.75,6.84,6.84,1495400
2013-11-05,6.83,7.26,6.81,7.07,7.07,2353100
2013-11-06,7.12,7.27,7.07,7.19,7.19,1503100
2013-11-07,5.77,6.17,5.64,5.65,5.65,10322700
2013-11-08,5.64,6.28,5.64,6.14,6.14,2644600
2013-11-11,6.11,6.3,6.01,6.05,6.05,1482700
2013-11-12,6.04,6.06,5.92,5.99,5.99,925800
2013-11-13,5.99,6.0,5.74,5.77,5.77,1695600
2013-11-14,5.75,5.86,5.61,5.79,5.79,1943300
2013-11-15,5.77,5.92,5.77,5.86,5.86,890200
2013-11-18,5.86,5.9,5.75,5.76,5.76,845800
2013-11-19,5.75,5.8,5.65,5.67,5.67,1269500
2013-11-20,5.68,5.9,5.64,5.85,5.85,678800
2013-11-21,5.85,6.14,5.85,6.03,6.03,1118500
2013-11-22,6.05,6.09,5.91,5.95,5.95,635700
2013-11-25,5.98,6.05,5.85,5.86,5.86,916500
2013-11-26,5.88,5.95,5.75,5.9,5.9,1882300
2013-11-27,6.15,7.42,6.15,6.92,6.92,7326600
2013-11-29,6.91,6.95,6.61,6.81,6.81,1655500
2013-12-02,6.76,7.07,6.48,6.54,6.54,2285800
2013-12-03,6.55,6.55,6.3,6.36,6.36,1203700
2013-12-04,6.32,6.37,6.21,6.26,6.26,1151500
2013-12-05,6.28,6.44,6.25,6.35,6.35,819500
2013-12-06,6.42,6.6,6.38,6.45,6.45,1298400
2013-12-09,6.48,6.54,6.35,6.35,6.35,970200
2013-12-10,6.35,6.52,6.35,6.42,6.42,1096300
2013-12-11,6.45,6.45,6.33,6.38,6.38,1127200
2013-12-12,6.41,6.71,6.34,6.57,6.57,1020000
2013-12-13,6.61,6.69,6.4,6.53,6.53,865400
2013-12-16,6.55,6.59,6.48,6.54,6.54,811700
2013-12-17,6.55,7.45,6.48,7.12,7.12,3732400
2013-12-18,7.12,7.23,6.86,7.03,7.03,1703700
2013-12-19,7.0,7.44,6.98,7.39,7.39,1955100
2013-12-20,7.47,7.69,7.18,7.19,7.19,2079500
2013-12-23,7.59,7.59,7.35,7.46,7.46,1206700
2013-12-24,7.49,7.51,7.23,7.26,7.26,342000
2013-12-26,7.25,7.29,7.05,7.09,7.09,657100
2013-12-27,7.13,7.22,6.95,7.15,7.15,574600
2013-12-30,7.13,7.35,7.05,7.27,7.27,929000
2013-12-31,7.28,7.45,7.21,7.4,7.4,1133100
2014-01-02,7.34,7.39,7.26,7.29,7.29,1070200
2014-01-03,7.3,7.36,7.2,7.34,7.34,573100
2014-01-06,7.37,7.38,6.99,7.03,7.03,1179900
2014-01-07,7.04,7.2,7.01,7.11,7.11,1255500
2014-01-08,7.09,7.42,7.09,7.36,7.36,1128700
2014-01-09,7.33,7.49,7.13,7.43,7.43,1694200
2014-01-10,7.46,7.67,7.27,7.52,7.52,1536900
2014-01-13,7.53,7.77,7.45,7.66,7.66,1842700
2014-01-14,7.74,7.78,7.5,7.57,7.57,1449600
2014-01-15,7.58,7.75,7.4,7.66,7.66,711600
2014-01-16,7.67,7.8,7.55,7.61,7.61,846500
2014-01-17,7.6,7.73,7.51,7.54,7.54,576200
2014-01-21,8.13,8.34,7.82,8.26,8.26,3584800
2014-01-22,8.3,8.36,8.0,8.11,8.11,1501300
2014-01-23,8.11,8.43,7.99,8.39,8.39,1792500
2014-01-24,8.39,8.39,8.03,8.27,8.27,1690200
2014-01-27,8.35,8.38,7.9,8.11,8.11,1633300
2014-01-28,8.13,8.3,8.11,8.24,8.24,1124000
2014-01-29,8.19,8.35,8.1,8.25,8.25,928000
2014-01-30,8.3,8.84,8.3,8.55,8.55,1750600
2014-01-31,8.48,8.68,8.4,8.51,8.51,1506800
2014-02-03,9.0,9.05,8.32,8.51,8.51,2392100
2014-02-04,8.58,8.59,8.09,8.18,8.18,2541900
2014-02-05,8.13,8.31,7.66,8.18,8.18,2056000
2014-02-06,8.18,8.38,8.07,8.37,8.37,1078600
2014-02-07,8.39,8.47,8.21,8.39,8.39,918400
2014-02-10,8.37,8.39,8.12,8.29,8.29,1032200
2014-02-11,8.33,8.43,8.17,8.26,8.26,943200
2014-02-12,8.24,8.32,8.08,8.19,8.19,902200
2014-02-13,8.13,8.23,7.75,7.96,7.96,2248900
2014-02-14,7.98,8.26,7.98,8.25,8.25,918500
2014-02-18,8.27,8.4,8.17,8.31,8.31,1096800
2014-02-19,8.31,8.37,8.21,8.22,8.22,1085200
2014-02-20,8.2,8.39,8.15,8.36,8.36,1062500
2014-02-21,8.41,8.65,8.35,8.5,8.5,1812600
2014-02-24,8.54,8.9,8.51,8.69,8.69,2072200
2014-02-25,8.72,8.82,8.38,8.53,8.53,1886900
2014-02-26,8.55,8.7,8.27,8.44,8.44,2536500
2014-02-27,8.0,8.18,7.33,7.4,7.4,8209800
2014-02-28,7.52,7.52,7.03,7.13,7.13,4299000
2014-03-03,7.07,7.28,6.91,7.24,7.24,3149300
2014-03-04,7.28,7.8,7.28,7.58,7.58,3508300
2014-03-05,7.62,7.66,7.16,7.2,7.2,3349100
2014-03-06,7.2,7.3,7.09,7.28,7.28,1994300
2014-03-07,7.36,7.49,7.17,7.19,7.19,2016000
2014-03-10,7.16,7.29,7.13,7.26,7.26,1358500
2014-03-11,7.26,7.43,7.11,7.13,7.13,1138800
2014-03-12,7.1,7.35,7.08,7.34,7.34,1592300
2014-03-13,7.35,7.47,7.19,7.29,7.29,1536500
2014-03-14,7.29,7.31,7.16,7.28,7.28,1142100
2014-03-17,7.19,7.36,7.19,7.22,7.22,774900
2014-03-18,7.23,7.43,7.19,7.43,7.43,1772300
2014-03-19,7.46,7.71,7.43,7.61,7.61,1125400
2014-03-20,7.59,7.7,7.4,7.4,7.4,718000
2014-03-21,7.45,7.48,7.18,7.2,7.2,2305600
2014-03-24,7.22,7.24,6.91,6.95,6.95,1606700
2014-03-25,7.01,7.1,6.83,6.94,6.94,1523000
2014-03-26,6.97,7.03,6.81,6.83,6.83,1297700
2014-03-27,6.83,7.12,6.73,6.76,6.76,1363700
2014-03-28,6.75,6.94,6.63,6.75,6.75,1815200
2014-03-31,6.8,7.0,6.8,6.98,6.98,1162600
2014-04-01,7.0,7.11,6.81,6.89,6.89,2396000
2014-04-02,6.89,7.13,6.88,7.08,7.08,2228700
2014-04-03,7.09,7.3,7.05,7.28,7.28,1516100
2014-04-04,7.32,7.44,6.96,7.08,7.08,1710800
2014-04-07,7.04,7.19,6.77,6.8,6.8,1376800
2014-04-08,7.37,7.44,7.02,7.19,7.19,3474000
2014-04-09,7.26,7.48,7.25,7.44,7.44,1736900
2014-04-10,7.45,7.57,7.2,7.27,7.27,1122700
2014-04-11,7.2,7.38,7.12,7.17,7.17,1291400
2014-04-14,7.25,7.33,7.1,7.22,7.22,1068300
2014-04-15,7.22,7.37,7.02,7.2,7.2,1418900
2014-04-16,7.27,7.47,7.06,7.47,7.47,1760200
2014-04-17,7.46,7.47,7.17,7.21,7.21,1637900
2014-04-21,7.24,7.55,7.19,7.53,7.53,1444000
2014-04-22,7.55,7.61,7.35,7.55,7.55,1017600
2014-04-23,7.52,7.53,7.34,7.37,7.37,743400
2014-04-24,7.4,7.44,7.32,7.36,7.36,1040000
2014-04-25,7.3,7.37,7.07,7.14,7.14,1169100
2014-04-28,7.12,7.15,6.94,7.04,7.04,1183800
2014-04-29,7.09,7.1,6.91,7.03,7.03,885900
2014-04-30,6.99,7.02,6.87,6.92,6.92,841200
2014-05-01,6.97,7.42,6.92,7.38,7.38,3341500
2014-05-02,7.38,7.38,7.16,7.18,7.18,2361300
2014-05-05,7.14,7.14,6.86,6.91,6.91,1388100
2014-05-06,6.92,7.02,6.85,6.9,6.9,1601900
2014-05-07,6.97,6.99,6.52,6.69,6.69,1947500
2014-05-08,6.71,6.77,6.07,6.09,6.09,3174700
2014-05-09,6.5,7.17,5.93,7.13,7.13,4747400
2014-05-12,7.13,7.32,6.97,6.99,6.99,1905500
2014-05-13,7.0,7.44,6.99,7.28,7.28,1847000
2014-05-14,7.38,7.38,7.11,7.22,7.22,1730800
2014-05-15,7.17,7.21,7.0,7.16,7.16,1044100
2014-05-16,7.18,7.45,7.01,7.44,7.44,1412300
2014-05-19,7.45,7.55,7.29,7.5,7.5,814500
2014-05-20,7.52,7.52,7.26,7.31,7.31,833000
2014-05-21,7.32,7.41,7.21,7.3,7.3,626800
2014-05-22,7.29,7.4,7.21,7.38,7.38,853400
2014-05-23,7.41,7.49,7.28,7.42,7.42,1262700
2014-05-27,7.49,7.64,7.46,7.53,7.53,1033600
2014-05-28,7.6,7.69,7.4,7.66,7.66,1373200
2014-05-29,7.7,7.84,7.59,7.71,7.71,836200
2014-05-30,7.75,7.94,7.75,7.85,7.85,1233600
2014-06-02,7.84,7.96,7.7,7.88,7.88,1198400
2014-06-03,7.83,8.1,7.8,8.02,8.02,1119700
2014-06-04,7.95,8.23,7.94,8.02,8.02,1408000
2014-06-05,8.02,8.04,7.73,7.79,7.79,1357900
2014-06-06,7.82,7.92,7.75,7.87,7.87,628700
2014-06-09,7.88,8.13,7.87,8.01,8.01,601900
2014-06-10,8.06,8.4,8.01,8.35,8.35,987000
2014-06-11,8.34,8.44,8.09,8.11,8.11,669700
2014-06-12,8.05,8.23,8.0,8.16,8.16,804400
2014-06-13,8.18,8.19,7.86,7.98,7.98,548300
2014-06-16,8.01,8.1,7.88,7.95,7.95,482400
2014-06-17,7.91,8.34,7.87,8.13,8.13,775300
2014-06-18,8.14,8.24,8.04,8.17,8.17,610200
2014-06-19,8.16,8.25,7.97,8.14,8.14,677500
2014-06-20,8.15,8.18,7.98,8.12,8.12,748800
2014-06-23,8.12,8.28,8.08,8.21,8.21,651800
2014-06-24,8.21,8.4,8.14,8.25,8.25,904200
2014-06-25,8.23,8.34,8.12,8.2,8.2,446100
2014-06-26,8.17,8.3,8.15,8.23,8.23,488000
2014-06-27,8.18,8.26,8.11,8.19,8.19,2243600
2014-06-30,8.19,8.45,8.15,8.34,8.34,1397200
2014-07-01,8.37,8.37,8.18,8.24,8.24,1201800
2014-07-02,8.22,8.34,8.18,8.2,8.2,493500
2014-07-03,8.2,8.25,8.12,8.14,8.14,393000
2014-07-07,8.1,8.12,7.75,7.8,7.8,1093400
2014-07-08,7.76,7.81,7.4,7.43,7.43,1099200
2014-07-09,7.42,7.43,7.09,7.35,7.35,1395700
2014-07-10,7.21,7.51,7.21,7.38,7.38,729300
2014-07-11,7.36,7.46,7.2,7.39,7.39,1255000
2014-07-14,7.44,7.44,7.23,7.27,7.27,849700
2014-07-15,7.25,7.39,7.16,7.28,7.28,987700
2014-07-16,7.3,7.4,7.21,7.26,7.26,551200
2014-07-17,7.23,7.27,7.14,7.18,7.18,595600
2014-07-18,7.15,7.35,7.13,7.33,7.33,677200
2014-07-21,7.28,7.4,7.2,7.39,7.39,695900
2014-07-22,7.41,7.45,7.29,7.41,7.41,494700
2014-07-23,7.43,7.6,7.37,7.48,7.48,521600
2014-07-24,7.49,7.5,7.27,7.34,7.34,637500
2014-07-25,7.27,7.35,7.24,7.25,7.25,723600
2014-07-28,7.25,7.4,7.18,7.29,7.29,1143500
2014-07-29,7.33,7.48,7.3,7.45,7.45,651000
2014-07-30,7.52,7.69,7.39,7.62,7.62,529200
2014-07-31,7.56,7.65,7.49,7.49,7.49,543600
2014-08-01,7.51,7.69,7.42,7.46,7.46,566500
2014-08-04,7.51,7.64,7.36,7.4,7.4,802700
2014-08-05,7.42,7.48,7.26,7.29,7.29,1200400
2014-08-06,7.28,7.44,7.21,7.44,7.44,1346100
2014-08-07,7.48,8.37,7.48,8.05,8.05,2429500
2014-08-08,8.03,8.2,7.97,7.99,7.99,1052300
2014-08-11,8.01,8.04,7.9,7.92,7.92,542600
2014-08-12,7.91,8.05,7.63,7.64,7.64,1028000
2014-08-13,7.65,7.89,7.64,7.88,7.88,465800
2014-08-14,7.88,8.02,7.82,7.98,7.98,479500
2014-08-15,8.04,8.05,7.82,7.85,7.85,470800
2014-08-18,7.89,8.19,7.83,8.15,8.15,781100
2014-08-19,8.18,8.28,8.1,8.23,8.23,481100
2014-08-20,8.19,8.22,8.09,8.11,8.11,345000
2014-08-21,8.1,8.32,8.07,8.26,8.26,743300
2014-08-22,8.24,8.35,8.18,8.29,8.29,590300
2014-08-25,8.32,8.38,8.13,8.26,8.26,655600
2014-08-26,8.28,8.48,8.17,8.44,8.44,637800
2014-08-27,8.47,8.69,8.43,8.55,8.55,721600
2014-08-28,8.52,8.62,8.44,8.45,8.45,414100
2014-08-29,8.47,8.56,8.44,8.46,8.46,395500
2014-09-02,8.49,8.49,8.17,8.31,8.31,974200
2014-09-03,8.39,8.66,8.39,8.42,8.42,733700
2014-09-04,8.43,8.73,8.41,8.49,8.49,1345100
2014-09-05,8.44,8.63,8.4,8.45,8.45,432500
2014-09-08,8.43,8.44,8.29,8.33,8.33,627000
2014-09-09,8.3,8.68,8.21,8.22,8.22,850800
2014-09-10,8.25,8.29,8.03,8.06,8.06,843600
2014-09-11,8.69,8.75,8.01,8.28,8.28,380400
2014-09-12,8.26,8.26,8.04,8.11,8.11,427000
2014-09-15,8.12,8.17,7.84,7.93,7.93,544000
2014-09-16,7.9,7.94,7.74,7.84,7.84,523700
2014-09-17,7.81,8.0,7.58,7.79,7.79,863900
2014-09-18,7.79,7.89,7.74,7.82,7.82,541100
2014-09-19,7.83,7.99,7.65,7.69,7.69,957400
2014-09-22,7.67,7.77,7.4,7.41,7.41,977100
2014-09-23,7.32,7.32,7.07,7.2,7.2,1514200
2014-09-24,7.19,7.22,7.02,7.11,7.11,1364000
2014-09-25,7.08,7.18,6.96,6.96,6.96,953100
2014-09-26,6.96,6.99,6.78,6.85,6.85,981100
2014-09-29,6.8,7.0,6.75,6.91,6.91,1034400
2014-09-30,6.9,7.01,6.87,6.91,6.91,1011300
2014-10-01,6.88,7.01,6.71,6.77,6.77,814800
2014-10-02,6.79,6.91,6.69,6.88,6.88,598600
2014-10-03,6.97,7.0,6.85,6.85,6.85,355300
2014-10-06,6.88,6.95,6.72,6.76,6.76,845700
2014-10-07,6.72,6.79,6.57,6.58,6.58,663200
2014-10-08,6.57,6.69,6.51,6.67,6.67,1350600
2014-10-09,6.64,6.66,6.46,6.5,6.5,940900
2014-10-10,6.46,6.61,6.17,6.2,6.2,1208700
2014-10-13,6.23,6.4,6.11,6.21,6.21,896700
2014-10-14,6.28,6.37,6.11,6.15,6.15,1026900
2014-10-15,6.08,6.19,5.81,5.93,5.93,1464600
2014-10-16,5.88,6.27,5.82,6.05,6.05,1889300
2014-10-17,6.14,6.24,5.87,5.89,5.89,1410700
2014-10-20,5.89,5.93,5.59,5.72,5.72,2164000
2014-10-21,5.77,6.04,5.69,6.03,6.03,1231100
2014-10-22,6.06,6.17,5.82,5.82,5.82,831800
2014-10-23,5.9,6.11,5.77,5.84,5.84,924400
2014-10-24,5.86,6.03,5.81,5.99,5.99,676200
2014-10-27,5.94,6.0,5.87,5.88,5.88,606400
2014-10-28,5.9,6.13,5.9,6.09,6.09,1205800
2014-10-29,6.3,6.57,6.16,6.38,6.38,2175600
2014-10-30,6.35,6.46,6.23,6.24,6.24,1215900
2014-10-31,6.37,6.49,6.27,6.46,6.46,1101700
2014-11-03,6.5,6.74,6.43,6.71,6.71,1208200
2014-11-04,6.73,6.77,6.46,6.48,6.48,611500
2014-11-05,6.54,6.6,6.18,6.24,6.24,1237700
2014-11-06,5.83,6.11,5.44,5.52,5.52,4654800
2014-11-07,5.54,5.78,5.54,5.69,5.69,1685000
2014-11-10,5.72,5.83,5.58,5.59,5.59,1384200
2014-11-11,5.55,5.75,5.54,5.73,5.73,884800
2014-11-12,5.67,5.81,5.67,5.77,5.77,690200
2014-11-13,5.81,5.89,5.72,5.86,5.86,785300
2014-11-14,5.86,5.95,5.72,5.91,5.91,1562800
2014-11-17,5.87,5.88,5.7,5.78,5.78,805400
2014-11-18,5.8,5.89,5.72,5.85,5.85,600100
2014-11-19,5.85,5.95,5.74,5.8,5.8,963500
2014-11-20,5.92,6.17,5.82,6.06,6.06,1280200
2014-11-21,6.18,6.18,6.04,6.16,6.16,801800
2014-11-24,6.19,6.39,6.19,6.37,6.37,698200
2014-11-25,6.36,6.47,6.29,6.39,6.39,513900
2014-11-26,6.37,6.54,6.37,6.46,6.46,460500
2014-11-28,6.47,6.65,6.45,6.48,6.48,335100
2014-12-01,6.43,6.56,6.36,6.46,6.46,634300
2014-12-02,6.46,6.61,6.44,6.54,6.54,547300
2014-12-03,6.56,6.67,6.39,6.45,6.45,605300
2014-12-04,6.47,6.49,6.18,6.26,6.26,565100
2014-12-05,6.26,6.41,6.23,6.38,6.38,831500
2014-12-08,6.34,6.39,5.95,5.98,5.98,1014500
2014-12-09,5.89,6.16,5.86,6.13,6.13,953400
2014-12-10,6.07,6.18,5.83,5.86,5.86,757600
2014-12-11,5.87,6.12,5.86,6.03,6.03,487500
2014-12-12,5.93,6.14,5.91,5.91,5.91,502500
2014-12-15,5.92,5.93,5.61,5.74,5.74,955300
2014-12-16,5.75,6.04,5.73,5.91,5.91,939200
2014-12-17,5.9,6.25,5.78,6.17,6.17,1531600
2014-12-18,6.11,6.22,6.03,6.16,6.16,903700
2014-12-19,6.14,6.21,5.98,6.12,6.12,1640000
2014-12-22,6.1,6.45,6.1,6.37,6.37,988200
2014-12-23,6.42,6.44,6.3,6.37,6.37,486900
2014-12-24,6.41,6.41,6.32,6.37,6.37,174500
2014-12-26,6.42,6.68,6.34,6.52,6.52,920500
2014-12-29,6.52,6.7,6.46,6.59,6.59,626800
2014-12-30,6.66,6.88,6.55,6.66,6.66,910800
2014-12-31,6.65,7.0,6.61,6.99,6.99,997400
2015-01-02,7.01,7.01,6.49,6.72,6.72,867900
2015-01-05,6.69,6.91,6.58,6.8,6.8,643100
2015-01-06,6.8,6.85,6.32,6.47,6.47,814600
2015-01-07,6.5,6.55,6.22,6.32,6.32,566700
2015-01-08,6.36,6.41,6.07,6.16,6.16,1068900
2015-01-09,6.12,6.29,6.06,6.09,6.09,978600
2015-01-12,6.07,6.09,5.64,5.7,5.7,1725700
2015-01-13,5.76,5.93,5.56,5.9,5.9,1231700
2015-01-14,5.81,6.02,5.81,5.96,5.96,796800
2015-01-15,5.96,6.04,5.7,5.75,5.75,669300
2015-01-16,5.74,6.01,5.74,5.96,5.96,559600
2015-01-20,5.96,6.02,5.8,5.9,5.9,605800
2015-01-21,5.91,5.96,5.83,5.92,5.92,737700
2015-01-22,5.96,6.01,5.81,5.91,5.91,560800
2015-01-23,5.89,6.01,5.87,5.92,5.92,397500
2015-01-26,5.92,6.05,5.81,5.92,5.92,615000
2015-01-27,5.81,5.98,5.78,5.8,5.8,641300
2015-01-28,5.85,5.85,5.69,5.72,5.72,613600
2015-01-29,5.75,5.85,5.57,5.8,5.8,631600
2015-01-30,5.74,5.92,5.61,5.75,5.75,795600
2015-02-02,5.74,5.8,5.47,5.76,5.76,976600
2015-02-03,5.77,5.9,5.57,5.68,5.68,809700
2015-02-04,5.63,5.66,5.51,5.6,5.6,686900
2015-02-05,5.53,5.76,5.26,5.66,5.66,1669900
2015-02-06,5.69,6.12,5.58,6.06,6.06,1039200
2015-02-09,6.1,6.15,5.97,6.01,6.01,1167900
2015-02-10,6.06,6.22,5.96,6.13,6.13,801800
2015-02-11,6.1,6.33,6.09,6.14,6.14,771900
2015-02-12,6.14,6.3,6.04,6.1,6.1,588300
2015-02-13,6.11,6.16,5.97,6.04,6.04,654200
2015-02-17,6.02,6.16,5.93,6.12,6.12,851900
2015-02-18,6.12,6.18,6.05,6.16,6.16,478100
2015-02-19,6.16,6.22,6.01,6.06,6.06,415400
2015-02-20,6.04,6.17,5.95,6.04,6.04,525900
2015-02-23,6.0,6.03,5.73,5.91,5.91,739300
2015-02-24,5.87,5.98,5.85,5.92,5.92,380100
2015-02-25,5.93,6.05,5.83,5.99,5.99,413900
2015-02-26,6.0,6.05,5.86,5.92,5.92,454500
2015-02-27,5.93,6.21,5.82,6.11,6.11,879100
2015-03-02,5.74,5.74,5.0,5.2,5.2,6040700
2015-03-03,5.21,5.5,5.2,5.42,5.42,1715800
2015-03-04,5.4,5.4,5.16,5.21,5.21,1980300
2015-03-05,5.23,5.29,5.15,5.21,5.21,1212300
2015-03-06,5.2,5.27,5.12,5.17,5.17,878100
2015-03-09,5.22,5.32,4.28,4.3,4.3,2919100
2015-03-10,4.31,4.35,3.59,3.61,3.61,7894400
2015-03-11,3.7,3.7,3.42,3.45,3.45,2610000
2015-03-12,3.47,3.89,3.41,3.85,3.85,2984100
2015-03-13,3.82,4.27,3.77,4.25,4.25,3119200
2015-03-16,4.27,4.31,4.17,4.28,4.28,2015300
2015-03-17,4.25,4.78,4.25,4.59,4.59,3205400
2015-03-18,4.58,4.81,4.54,4.7,4.7,2912200
2015-03-19,4.68,4.71,4.48,4.55,4.55,1410300
2015-03-20,4.59,4.62,4.46,4.49,4.49,1512000
2015-03-23,4.46,4.54,4.33,4.47,4.47,1217700
2015-03-24,4.46,4.54,4.41,4.48,4.48,1070400
2015-03-25,4.51,4.68,4.28,4.33,4.33,1104200
2015-03-26,4.3,4.5,4.2,4.32,4.32,1065700
2015-03-27,4.31,4.39,4.23,4.38,4.38,1042200
2015-03-30,4.37,4.4,4.18,4.29,4.29,1082700
2015-03-31,4.29,4.48,4.25,4.43,4.43,1036100
2015-04-01,4.47,4.47,4.28,4.39,4.39,836900
2015-04-02,4.44,4.59,4.35,4.46,4.46,1472500
2015-04-06,4.46,4.7,4.41,4.68,4.68,2383200
2015-04-07,4.67,4.85,4.63,4.76,4.76,1465800
2015-04-08,4.77,4.85,4.72,4.77,4.77,810900
2015-04-09,5.18,5.27,5.01,5.02,5.02,4197500
2015-04-10,5.01,5.47,4.96,5.4,5.4,2710600
2015-04-13,5.4,5.45,5.23,5.24,5.24,2026300
2015-04-14,5.25,5.32,5.02,5.29,5.29,1287200
2015-04-15,5.31,5.33,5.15,5.26,5.26,805400
2015-04-16,5.25,5.27,5.14,5.24,5.24,806300
2015-04-17,5.22,5.3,5.17,5.26,5.26,905800
2015-04-20,5.27,5.3,5.05,5.16,5.16,1106100
2015-04-21,5.22,5.35,5.14,5.19,5.19,1005700
2015-04-22,5.18,5.34,5.18,5.23,5.23,681000
2015-04-23,5.2,5.3,5.15,5.25,5.25,540800
2015-04-24,5.27,5.34,5.15,5.26,5.26,434700
2015-04-27,5.25,5.46,5.13,5.17,5.17,813800
2015-04-28,5.13,5.15,4.98,5.1,5.1,1056500
2015-04-29,5.03,5.19,4.97,5.04,5.04,1150200
2015-04-30,4.98,5.06,4.65,4.7,4.7,1186100
2015-05-01,4.73,4.74,4.52,4.66,4.66,1138600
2015-05-04,4.68,4.97,4.68,4.86,4.86,664000
2015-05-05,4.88,4.93,4.62,4.62,4.62,1813100
2015-05-06,4.62,4.74,4.45,4.52,4.52,1174400
2015-05-07,4.54,4.66,4.37,4.41,4.41,2101200
2015-05-08,3.8,3.86,3.42,3.63,3.63,5380900
2015-05-11,3.63,3.99,3.52,3.97,3.97,3898300
2015-05-12,3.94,4.09,3.87,3.98,3.98,1615300
2015-05-13,4.0,4.06,3.94,4.06,4.06,1451200
2015-05-14,4.05,4.1,4.0,4.08,4.08,1666400
2015-05-15,4.09,4.09,3.93,4.04,4.04,994800
2015-05-18,4.1,4.11,4.0,4.02,4.02,914200
2015-05-19,4.01,4.05,3.94,3.97,3.97,966700
2015-05-20,3.97,3.98,3.72,3.74,3.74,1248100
2015-05-21,3.75,3.89,3.65,3.76,3.76,1456200
2015-05-22,3.87,3.87,3.71,3.78,3.78,610000
2015-05-26,3.76,3.76,3.58,3.64,3.64,842500
2015-05-27,3.64,3.71,3.52,3.69,3.69,926100
2015-05-28,3.66,3.73,3.64,3.65,3.65,981600
2015-05-29,3.66,3.66,3.45,3.55,3.55,1238400
2015-06-01,3.55,3.55,3.36,3.43,3.43,1382200
2015-06-02,3.42,3.65,3.39,3.6,3.6,911300
2015-06-03,3.59,3.61,3.45,3.49,3.49,1541000
2015-06-04,3.46,3.63,3.42,3.63,3.63,1240900
2015-06-05,3.6,3.6,3.48,3.57,3.57,856500
2015-06-08,3.57,3.69,3.54,3.59,3.59,885000
2015-06-09,3.6,3.66,3.5,3.63,3.63,601900
2015-06-10,3.65,3.66,3.47,3.51,3.51,1043400
2015-06-11,3.55,3.62,3.5,3.59,3.59,422400
2015-06-12,3.56,3.75,3.5,3.74,3.74,694000
2015-06-15,3.73,3.83,3.58,3.79,3.79,1385800
2015-06-16,3.81,3.88,3.72,3.79,3.79,1115700
2015-06-17,3.82,3.85,3.51,3.59,3.59,1073500
2015-06-18,3.58,3.7,3.43,3.65,3.65,1034600
2015-06-19,3.67,3.72,3.52,3.63,3.63,3281000
2015-06-22,3.67,3.86,3.66,3.84,3.84,807100
2015-06-23,3.83,3.92,3.72,3.72,3.72,785000
2015-06-24,3.7,3.76,3.52,3.63,3.63,1016000
2015-06-25,3.65,3.65,3.52,3.6,3.6,813300
2015-06-26,3.59,3.63,3.47,3.52,3.52,1405300
2015-06-29,3.5,3.93,3.45,3.75,3.75,2566000
2015-06-30,3.7,3.82,3.6,3.63,3.63,911900
2015-07-01,3.65,3.73,3.5,3.57,3.57,688200
2015-07-02,3.59,3.62,3.4,3.4,3.4,847900
2015-07-06,3.38,3.4,3.16,3.27,3.27,1400800
2015-07-07,3.24,3.34,3.09,3.19,3.19,1201600
2015-07-08,3.13,3.22,2.98,3.02,3.02,842400
2015-07-09,3.05,3.17,3.02,3.03,3.03,756500
2015-07-10,3.05,3.08,3.0,3.04,3.04,882500
2015-07-13,3.07,3.31,3.05,3.21,3.21,1442400
2015-07-14,3.19,3.38,3.19,3.35,3.35,572000
2015-07-15,3.36,3.4,3.16,3.21,3.21,615700
2015-07-16,3.23,3.27,3.09,3.14,3.14,518100
2015-07-17,3.14,3.28,3.08,3.21,3.21,473600
2015-07-20,3.23,3.23,2.92,3.0,3.0,1175800
2015-07-21,2.99,3.06,2.93,2.98,2.98,677600
2015-07-22,2.96,3.0,2.7,2.75,2.75,2032100
2015-07-23,2.74,2.8,2.51,2.55,2.55,1742900
2015-07-24,2.55,2.63,2.45,2.55,2.55,1888800
2015-07-27,2.55,2.7,2.46,2.54,2.54,1037500
2015-07-28,2.53,2.55,2.36,2.43,2.43,1063200
2015-07-29,2.45,2.63,2.45,2.46,2.46,950400
2015-07-30,2.42,2.5,2.37,2.43,2.43,871100
2015-07-31,2.44,2.58,2.41,2.51,2.51,455000
2015-08-03,2.48,2.6,2.46,2.57,2.57,947300
2015-08-04,2.55,2.7,2.49,2.69,2.69,970800
2015-08-05,2.7,2.78,2.61,2.66,2.66,659900
2015-08-06,2.63,2.78,2.55,2.75,2.75,888700
2015-08-07,2.68,2.84,2.6,2.68,2.68,987800
2015-08-10,2.5,2.5,1.98,2.08,2.08,4200800
2015-08-11,2.0,2.25,1.89,2.07,2.07,1449800
2015-08-12,2.06,2.06,1.86,1.9,1.9,2368100
2015-08-13,1.85,1.99,1.59,1.63,1.63,1948500
2015-08-14,1.61,1.69,1.31,1.35,1.35,3144200
2015-08-17,1.34,1.6,1.3,1.56,1.56,2253300
2015-08-18,1.56,1.58,1.45,1.54,1.54,1365800
2015-08-19,1.5,1.77,1.5,1.73,1.73,1726200
2015-08-20,1.7,1.82,1.61,1.8,1.8,1786900
2015-08-21,1.74,1.86,1.74,1.84,1.84,1679300
2015-08-24,1.78,1.98,1.68,1.95,1.95,1985400
2015-08-25,2.05,2.31,2.05,2.3,2.3,2049900
2015-08-26,2.31,2.36,2.15,2.27,2.27,1819700
2015-08-27,2.28,2.38,2.26,2.35,2.35,1411800
2015-08-28,2.33,2.48,2.3,2.46,2.46,1272900
2015-08-31,2.46,2.52,2.4,2.43,2.43,758900
2015-09-01,2.41,2.47,2.31,2.38,2.38,1114300
2015-09-02,2.4,2.47,2.31,2.45,2.45,808300
2015-09-03,2.41,2.53,2.38,2.4,2.4,811200
2015-09-04,2.38,2.5,2.35,2.5,2.5,624400
2015-09-08,2.48,2.55,2.46,2.51,2.51,700300
2015-09-09,2.48,2.54,2.38,2.45,2.45,979500
2015-09-10,2.43,2.52,2.42,2.47,2.47,541200
2015-09-11,2.42,2.55,2.35,2.52,2.52,505400
2015-09-14,2.48,2.59,2.43,2.55,2.55,773700
2015-09-15,2.45,2.61,2.45,2.53,2.53,567100
2015-09-16,2.5,2.72,2.49,2.67,2.67,815000
2015-09-17,2.64,2.78,2.64,2.7,2.7,668400
2015-09-18,2.66,3.04,2.66,2.95,2.95,2070400
2015-09-21,2.95,3.09,2.88,2.93,2.93,1236000
2015-09-22,2.86,2.96,2.77,2.88,2.88,1073200
2015-09-23,2.83,2.9,2.64,2.67,2.67,958800
2015-09-24,2.63,2.74,2.52,2.59,2.59,755600
2015-09-25,2.58,2.62,2.26,2.28,2.28,2040700
2015-09-28,2.27,2.27,1.92,2.0,2.0,1622500
2015-09-29,1.98,2.0,1.87,1.92,1.92,967300
2015-09-30,1.89,1.95,1.85,1.87,1.87,1670300
2015-10-01,1.88,2.0,1.88,1.94,1.94,918200
2015-10-02,1.93,2.01,1.89,1.91,1.91,776800
2015-10-05,1.93,1.99,1.8,1.86,1.86,745100
2015-10-06,1.85,1.97,1.84,1.92,1.92,703800
2015-10-07,1.97,1.97,1.84,1.93,1.93,952300
2015-10-08,1.93,2.0,1.87,1.89,1.89,313900
2015-10-09,1.9,1.93,1.82,1.83,1.83,401900
2015-10-12,1.83,1.85,1.76,1.79,1.79,520500
2015-10-13,1.81,1.81,1.72,1.72,1.72,472800
2015-10-14,1.69,1.77,1.65,1.65,1.65,528100
2015-10-15,1.63,1.71,1.62,1.7,1.7,488900
2015-10-16,1.71,1.73,1.67,1.68,1.68,327600
2015-10-19,1.67,1.77,1.59,1.67,1.67,645500
2015-10-20,1.67,2.13,1.65,1.97,1.97,2770700
2015-10-21,2.0,2.01,1.85,1.93,1.93,795100
2015-10-22,1.91,2.1,1.87,1.98,1.98,695200
2015-10-23,1.98,2.35,1.88,2.31,2.31,1183600
2015-10-26,2.32,2.39,2.01,2.06,2.06,1053700
2015-10-27,2.04,2.04,1.92,1.96,1.96,483300
2015-10-28,1.97,2.16,1.92,2.06,2.06,712100
2015-10-29,2.01,2.3,1.97,1.98,1.98,573400
2015-10-30,1.97,2.04,1.91,1.97,1.97,632700
2015-11-02,1.96,2.1,1.96,2.09,2.09,481400
2015-11-03,2.08,2.15,2.05,2.12,2.12,555700
2015-11-04,2.22,2.98,2.14,2.68,2.68,4941900
2015-11-05,2.67,2.78,2.5,2.7,2.7,1625100
2015-11-06,2.69,2.81,2.61,2.75,2.75,1207300
2015-11-09,2.74,2.84,2.7,2.77,2.77,588600
2015-11-10,2.75,2.97,2.75,2.86,2.86,742600
2015-11-11,2.86,2.86,2.56,2.68,2.68,638200
2015-11-12,2.66,2.68,2.47,2.49,2.49,460200
2015-11-13,2.47,2.58,2.39,2.5,2.5,446600
2015-11-16,2.48,2.57,2.4,2.49,2.49,495600
2015-11-17,2.48,2.57,1.67,1.83,1.83,4674600
2015-11-18,1.83,1.92,1.77,1.89,1.89,1680300
2015-11-19,1.85,1.89,1.76,1.85,1.85,1109400
2015-11-20,1.86,1.86,1.77,1.84,1.84,536700
2015-11-23,1.8,2.01,1.73,1.98,1.98,1052900
2015-11-24,1.97,2.06,1.86,2.0,2.0,1305800
2015-11-25,2.0,2.31,1.98,2.19,2.19,1189700
2015-11-27,2.18,2.25,2.15,2.2,2.2,210100
2015-11-30,2.23,2.26,2.1,2.12,2.12,1561400
2015-12-01,2.14,2.21,2.13,2.17,2.17,896800
2015-12-02,2.14,2.19,2.06,2.13,2.13,601800
2015-12-03,2.14,2.19,2.05,2.09,2.09,744000
2015-12-04,2.08,2.19,2.04,2.08,2.08,890500
2015-12-07,2.05,2.13,2.0,2.09,2.09,652600
2015-12-08,2.06,2.19,2.01,2.16,2.16,1051300
2015-12-09,2.13,2.2,2.02,2.04,2.04,866900
2015-12-10,2.05,2.14,1.94,1.95,1.95,3288200
2015-12-11,1.93,2.03,1.78,1.83,1.83,1809600
2015-12-14,1.82,1.85,1.65,1.66,1.66,1368800
2015-12-15,1.67,1.74,1.59,1.62,1.62,1354600
2015-12-16,1.65,1.71,1.6,1.62,1.62,1223100
2015-12-17,1.65,1.74,1.57,1.58,1.58,1513900
2015-12-18,1.59,1.64,1.55,1.56,1.56,872100
2015-12-21,1.6,1.62,1.53,1.54,1.54,918600
2015-12-22,1.56,1.56,1.47,1.53,1.53,1162800
2015-12-23,1.52,1.76,1.49,1.66,1.66,1856200
2015-12-24,1.64,1.79,1.62,1.75,1.75,471000
2015-12-28,1.77,1.78,1.65,1.73,1.73,739100
2015-12-29,1.76,1.78,1.68,1.77,1.77,769100
2015-12-30,1.76,1.8,1.68,1.78,1.78,700100
2015-12-31,1.75,1.84,1.72,1.75,1.75,1188500
2016-01-04,1.71,1.86,1.64,1.86,1.86,1385600
2016-01-05,1.84,1.84,1.66,1.7,1.7,854100
2016-01-06,1.69,1.74,1.67,1.7,1.7,446400
2016-01-07,1.66,1.68,1.53,1.54,1.54,1566900
2016-01-08,1.53,1.57,1.41,1.42,1.42,974700
2016-01-11,1.43,1.46,1.29,1.31,1.31,1062300
2016-01-12,1.3,1.5,1.3,1.34,1.34,1083800
2016-01-13,1.35,1.45,1.2,1.28,1.28,1094600
2016-01-14,1.26,1.43,1.19,1.42,1.42,828300
2016-01-15,1.37,1.37,1.24,1.37,1.37,547000
2016-01-19,1.48,1.54,1.46,1.51,1.51,1155100
2016-01-20,1.46,1.68,1.35,1.68,1.68,1253800
2016-01-21,1.68,1.85,1.66,1.77,1.77,923200
2016-01-22,1.8,1.84,1.64,1.69,1.69,884500
2016-01-25,1.67,1.74,1.66,1.7,1.7,421200
2016-01-26,1.71,1.79,1.57,1.74,1.74,890100
2016-01-27,1.75,1.81,1.67,1.75,1.75,491500
2016-01-28,1.75,1.84,1.61,1.7,1.7,506500
2016-01-29,1.7,1.8,1.7,1.79,1.79,526500
2016-02-01,1.77,1.8,1.63,1.7,1.7,594200
2016-02-02,1.7,1.71,1.63,1.65,1.65,303400
2016-02-03,1.69,1.69,1.58,1.59,1.59,648200
2016-02-04,1.6,1.69,1.57,1.6,1.6,597200
2016-02-05,1.6,1.62,1.54,1.56,1.56,466400
2016-02-08,1.53,1.57,1.46,1.56,1.56,576700
2016-02-09,1.55,1.67,1.47,1.5,1.5,424900
2016-02-10,1.5,1.62,1.46,1.55,1.55,392900
2016-02-11,1.53,1.56,1.45,1.51,1.51,641800
2016-02-12,1.51,1.54,1.47,1.51,1.51,533300
2016-02-16,1.52,1.75,1.51,1.69,1.69,412200
2016-02-17,1.69,1.8,1.67,1.79,1.79,542500
2016-02-18,1.78,2.17,1.78,2.15,2.15,2038800
2016-02-19,2.16,2.25,1.97,2.09,2.09,965700
2016-02-22,2.11,2.22,2.09,2.15,2.15,1089200
2016-02-23,2.2,2.2,1.96,2.01,2.01,1184500
2016-02-24,2.0,2.12,2.0,2.08,2.08,729200
2016-02-25,2.07,2.2,1.98,2.08,2.08,407400
2016-02-26,2.09,2.19,2.05,2.1,2.1,340100
2016-02-29,2.07,2.25,2.03,2.16,2.16,965800
2016-03-01,2.22,2.33,2.16,2.2,2.2,877100
2016-03-02,2.18,2.38,2.15,2.26,2.26,1252600
2016-03-03,2.38,2.67,2.1,2.37,2.37,1378500
2016-03-04,2.35,2.5,2.33,2.42,2.42,979500
2016-03-07,2.43,2.54,2.38,2.52,2.52,1050800
2016-03-08,2.53,2.53,2.37,2.37,2.37,714400
2016-03-09,2.4,2.43,2.21,2.3,2.3,628300
2016-03-10,2.31,2.4,2.14,2.19,2.19,394800
2016-03-11,2.2,2.23,2.17,2.2,2.2,706500
2016-03-14,2.18,2.19,2.04,2.12,2.12,668000
2016-03-15,2.12,2.14,1.96,2.09,2.09,391800
2016-03-16,2.07,2.14,1.89,2.01,2.01,649200
2016-03-17,2.03,2.07,1.96,2.0,2.0,532800
2016-03-18,2.06,2.24,2.05,2.23,2.23,906800
2016-03-21,2.2,2.26,2.18,2.22,2.22,478100
2016-03-22,2.2,2.35,2.13,2.16,2.16,364000
2016-03-23,2.14,2.21,1.96,1.98,1.98,529600
2016-03-24,1.96,2.07,1.95,2.06,2.06,299900
2016-03-28,2.06,2.06,1.94,1.98,1.98,235800
2016-03-29,1.98,2.1,1.9,2.05,2.05,352200
2016-03-30,2.04,2.15,2.0,2.12,2.12,263400
2016-03-31,2.12,2.17,2.06,2.14,2.14,467600
2016-04-01,2.08,2.16,1.98,2.14,2.14,459600
2016-04-04,2.11,2.18,2.09,2.11,2.11,244400
2016-04-05,2.09,2.15,2.03,2.1,2.1,238300
2016-04-06,2.11,2.26,2.08,2.24,2.24,489100
2016-04-07,2.22,2.26,2.17,2.18,2.18,204600
2016-04-08,2.22,2.28,2.15,2.18,2.18,163500
2016-04-11,2.2,2.28,2.16,2.22,2.22,154100
2016-04-12,2.21,2.35,2.2,2.34,2.34,384600
2016-04-13,2.34,2.48,2.34,2.39,2.39,533900
2016-04-14,2.38,2.48,2.36,2.47,2.47,267700
2016-04-15,2.43,2.54,2.43,2.48,2.48,336500
2016-04-18,2.5,2.7,2.43,2.66,2.66,921300
2016-04-19,2.69,2.84,2.48,2.65,2.65,606000
2016-04-20,2.67,2.71,2.56,2.6,2.6,253200
2016-04-21,2.62,2.72,2.61,2.68,2.68,621700
2016-04-22,2.69,2.77,2.65,2.74,2.74,544100
2016-04-25,2.71,2.76,2.52,2.63,2.63,575100
2016-04-26,2.65,2.67,2.56,2.66,2.66,294600
2016-04-27,2.65,2.67,2.59,2.65,2.65,276300
2016-04-28,2.66,2.78,2.63,2.71,2.71,466700
2016-04-29,2.71,2.86,2.59,2.64,2.64,638000
2016-05-02,2.62,2.64,2.46,2.56,2.56,353800
2016-05-03,2.52,2.56,2.4,2.55,2.55,332500
2016-05-04,2.55,2.65,2.51,2.57,2.57,244300
2016-05-05,2.58,2.62,2.51,2.55,2.55,335900
2016-05-06,2.53,2.75,2.5,2.66,2.66,283700
2016-05-09,2.66,2.72,2.61,2.63,2.63,296900
2016-05-10,2.67,2.75,2.59,2.74,2.74,526700
2016-05-11,2.75,2.88,2.71,2.76,2.76,737100
2016-05-12,2.79,2.79,2.44,2.6,2.6,666200
2016-05-13,2.57,2.67,2.54,2.6,2.6,254800
2016-05-16,2.62,2.65,2.41,2.53,2.53,347400
2016-05-17,2.53,2.6,2.36,2.46,2.46,361100
2016-05-18,2.44,2.5,2.38,2.45,2.45,197600
2016-05-19,2.43,2.45,2.29,2.4,2.4,297300
2016-05-20,2.41,2.49,2.38,2.48,2.48,200300
2016-05-23,2.46,2.52,2.35,2.46,2.46,137500
2016-05-24,2.45,2.56,2.44,2.56,2.56,272900
2016-05-25,2.55,2.65,2.55,2.63,2.63,338800
2016-05-26,2.63,2.63,2.55,2.62,2.62,173500
2016-05-27,2.61,2.74,2.58,2.73,2.73,305100
2016-05-31,2.73,2.75,2.59,2.7,2.7,283000
2016-06-01,2.71,2.85,2.65,2.82,2.82,459700
2016-06-02,2.8,2.84,2.73,2.82,2.82,291500
2016-06-03,2.83,2.84,2.66,2.73,2.73,246100
2016-06-06,2.78,3.0,2.7,2.96,2.96,1051400
2016-06-07,2.96,3.09,2.91,2.96,2.96,604700
2016-06-08,2.94,3.09,2.88,3.0,3.0,422800
2016-06-09,2.99,3.02,2.9,2.93,2.93,248600
2016-06-10,2.9,2.93,2.8,2.83,2.83,236400
2016-06-13,2.5,2.69,2.27,2.28,2.28,1144700
2016-06-14,2.34,2.36,1.98,2.09,2.09,1517900
2016-06-15,2.06,2.35,1.98,2.19,2.19,1563200
2016-06-16,2.11,2.16,1.97,2.07,2.07,2168500
2016-06-17,2.25,2.59,2.23,2.47,2.47,11155500
2016-06-20,2.46,2.68,2.27,2.67,2.67,2048800
2016-06-21,2.7,2.8,2.66,2.79,2.79,2031900
2016-06-22,2.78,2.87,2.71,2.78,2.78,1747800
2016-06-23,2.82,2.88,2.73,2.76,2.76,1589700
2016-06-24,2.54,2.63,2.48,2.49,2.49,1953500
2016-06-27,2.5,2.57,2.35,2.4,2.4,1325800
2016-06-28,2.41,2.6,2.41,2.5,2.5,982400
2016-06-29,2.58,2.58,2.45,2.53,2.53,1099600
2016-06-30,2.49,2.61,2.46,2.55,2.55,594800
2016-07-01,2.54,2.73,2.49,2.63,2.63,845500
2016-07-05,2.63,2.64,2.43,2.53,2.53,678500
2016-07-06,2.5,2.6,2.42,2.6,2.6,498400
2016-07-07,2.6,2.7,2.57,2.68,2.68,760700
2016-07-08,2.69,2.74,2.65,2.69,2.69,431800
2016-07-11,2.74,2.74,2.55,2.64,2.64,546400
2016-07-12,2.67,2.76,2.56,2.67,2.67,691500
2016-07-13,2.67,2.73,2.57,2.58,2.58,613800
2016-07-14,2.61,2.67,2.53,2.63,2.63,641100
2016-07-15,2.65,2.71,2.58,2.7,2.7,486600
2016-07-18,2.7,2.73,2.6,2.71,2.71,409200
2016-07-19,2.69,2.7,2.55,2.58,2.58,557600
2016-07-20,2.57,2.67,2.55,2.61,2.61,589200
2016-07-21,2.6,2.66,2.56,2.59,2.59,377500
2016-07-22,2.61,2.64,2.56,2.59,2.59,545100
2016-07-25,2.58,2.68,2.55,2.67,2.67,768600
2016-07-26,2.66,2.74,2.66,2.72,2.72,879900
2016-07-27,2.71,2.74,2.56,2.65,2.65,831200
2016-07-28,2.64,2.75,2.61,2.65,2.65,871700
2016-07-29,2.64,2.68,2.56,2.56,2.56,5951900
2016-08-01,2.57,2.61,2.52,2.58,2.58,793600
2016-08-02,2.59,2.62,2.41,2.51,2.51,904000
2016-08-03,2.51,2.61,2.46,2.61,2.61,525700
2016-08-04,2.58,2.65,2.58,2.6,2.6,408400
2016-08-05,2.59,2.69,2.55,2.66,2.66,752200
2016-08-08,2.53,2.67,2.5,2.65,2.65,821200
2016-08-09,2.66,2.77,2.66,2.74,2.74,752000
2016-08-10,2.75,2.83,2.67,2.71,2.71,555300
2016-08-11,2.71,2.77,2.66,2.75,2.75,404000
2016-08-12,2.69,2.81,2.64,2.73,2.73,566800
2016-08-15,2.72,2.79,2.65,2.73,2.73,735900
2016-08-16,2.73,2.83,2.7,2.8,2.8,719500
2016-08-17,2.8,2.8,2.7,2.8,2.8,440500
2016-08-18,2.81,2.86,2.75,2.78,2.78,672300
2016-08-19,2.75,2.82,2.68,2.82,2.82,478500
2016-08-22,2.82,2.84,2.71,2.81,2.81,480300
2016-08-23,2.81,2.84,2.77,2.81,2.81,471600
2016-08-24,2.79,2.84,2.7,2.76,2.76,422900
2016-08-25,2.75,2.78,2.7,2.75,2.75,350400
2016-08-26,2.74,2.78,2.61,2.65,2.65,477900
2016-08-29,2.63,2.73,2.61,2.67,2.67,283200
2016-08-30,2.68,2.71,2.61,2.63,2.63,286100
2016-08-31,2.64,2.64,2.55,2.58,2.58,893000
2016-09-01,2.57,2.6,2.51,2.57,2.57,241500
2016-09-02,2.6,2.65,2.56,2.64,2.64,141900
2016-09-06,2.69,2.71,2.64,2.69,2.69,435200
2016-09-07,2.72,2.79,2.69,2.72,2.72,510900
2016-09-08,2.73,2.81,2.7,2.74,2.74,431200
2016-09-09,2.69,2.78,2.65,2.65,2.65,387700
2016-09-12,2.65,2.71,2.58,2.67,2.67,439400
2016-09-13,2.65,2.69,2.53,2.56,2.56,564100
2016-09-14,2.55,2.59,2.52,2.53,2.53,308400
2016-09-15,2.53,2.59,2.5,2.56,2.56,374700
2016-09-16,2.55,2.78,2.55,2.75,2.75,1003200
2016-09-19,2.78,2.95,2.76,2.92,2.92,978200
2016-09-20,2.93,2.98,2.82,2.87,2.87,1237600
2016-09-21,2.88,2.91,2.73,2.84,2.84,506900
2016-09-22,2.84,2.87,2.79,2.82,2.82,528300
2016-09-23,2.8,2.86,2.8,2.84,2.84,428600
2016-09-26,2.8,2.87,2.77,2.84,2.84,292400
2016-09-27,2.82,2.87,2.8,2.85,2.85,418800
2016-09-28,2.82,2.94,2.82,2.92,2.92,562600
2016-09-29,2.95,2.95,2.85,2.89,2.89,324600
2016-09-30,2.89,2.96,2.83,2.89,2.89,690000
2016-10-03,2.9,3.1,2.85,3.08,3.08,941300
2016-10-04,3.11,3.32,3.1,3.31,3.31,1876000
2016-10-05,3.34,3.43,3.28,3.33,3.33,1200500
2016-10-06,3.33,3.41,3.24,3.33,3.33,1193500
2016-10-07,3.32,3.37,3.15,3.2,3.2,446600
2016-10-10,3.25,3.34,3.23,3.25,3.25,609400
2016-10-11,3.22,3.24,2.99,3.04,3.04,701300
2016-10-12,3.03,3.09,2.94,3.06,3.06,487600
2016-10-13,3.03,3.14,3.0,3.09,3.09,440000
2016-10-14,3.12,3.14,3.05,3.05,3.05,394800
2016-10-17,3.06,3.07,2.96,2.99,2.99,470500
2016-10-18,3.02,3.06,2.99,3.0,3.0,342100
2016-10-19,3.0,3.07,2.92,2.93,2.93,936200
2016-10-20,2.94,2.96,2.89,2.96,2.96,339200
2016-10-21,2.91,3.06,2.9,3.01,3.01,423100
2016-10-24,3.01,3.11,2.99,3.06,3.06,576600
2016-10-25,3.04,3.1,2.96,3.06,3.06,572600
2016-10-26,3.02,3.09,2.92,2.98,2.98,597200
2016-10-27,2.99,3.03,2.8,2.83,2.83,839300
2016-10-28,2.81,2.84,2.71,2.76,2.76,748500
2016-10-31,2.75,2.77,2.66,2.69,2.69,505900
2016-11-01,2.71,2.73,2.58,2.68,2.68,656600
2016-11-02,2.69,2.72,2.59,2.64,2.64,672400
2016-11-03,2.66,2.71,2.57,2.58,2.58,504900
2016-11-04,2.6,2.68,2.57,2.61,2.61,880300
2016-11-07,2.67,2.67,2.58,2.61,2.61,776300
2016-11-08,1.75,1.75,1.31,1.36,1.36,7786800
2016-11-09,1.36,1.36,1.15,1.21,1.21,6238900
2016-11-10,1.26,1.33,1.22,1.29,1.29,4066300
2016-11-11,1.3,1.38,1.29,1.36,1.36,3012900
2016-11-14,1.4,1.45,1.36,1.4,1.4,4103600
2016-11-15,1.4,1.44,1.36,1.39,1.39,1114500
2016-11-16,1.4,1.4,1.35,1.4,1.4,791700
2016-11-17,1.4,1.4,1.31,1.37,1.37,1102100
2016-11-18,1.36,1.4,1.33,1.34,1.34,902900
2016-11-21,1.35,1.37,1.27,1.29,1.29,1587000
2016-11-22,1.3,1.3,1.21,1.25,1.25,1232900
2016-11-23,1.25,1.32,1.21,1.32,1.32,1281700
2016-11-25,1.33,1.37,1.32,1.37,1.37,556300
2016-11-28,1.39,1.4,1.27,1.28,1.28,1028700
2016-11-29,1.27,1.3,1.22,1.24,1.24,943300
2016-11-30,1.24,1.26,1.12,1.14,1.14,2769700
2016-12-01,1.15,1.18,1.1,1.11,1.11,1295400
2016-12-02,1.11,1.16,1.1,1.12,1.12,1210200
2016-12-05,1.12,1.15,1.1,1.11,1.11,1393500
2016-12-06,1.13,1.14,1.1,1.14,1.14,1806700
2016-12-07,1.13,1.15,1.11,1.14,1.14,1008600
2016-12-08,1.13,1.16,1.12,1.14,1.14,936100
2016-12-09,1.13,1.27,1.13,1.21,1.21,2504400
2016-12-12,1.2,1.21,1.1,1.11,1.11,1609500
2016-12-13,1.12,1.16,1.11,1.12,1.12,777400
2016-12-14,1.12,1.22,1.05,1.08,1.08,3981700
2016-12-15,1.09,1.12,1.07,1.07,1.07,1236700
2016-12-16,1.08,1.09,0.98,1.05,1.05,2644500
2016-12-19,1.07,1.07,1.0,1.04,1.04,971100
2016-12-20,1.04,1.09,1.02,1.08,1.08,1272400
2016-12-21,1.09,1.11,1.02,1.03,1.03,1180800
2016-12-22,1.04,1.06,0.99,1.02,1.02,1740500
2016-12-23,1.01,1.05,1.0,1.03,1.03,908200
2016-12-27,1.03,1.09,1.03,1.05,1.05,1090200
2016-12-28,1.05,1.09,1.03,1.03,1.03,924500
2016-12-29,1.02,1.04,0.98,1.02,1.02,1438400
2016-12-30,1.02,1.05,1.0,1.04,1.04,1603800
2017-01-03,1.09,1.44,1.07,1.39,1.39,11031500
2017-01-04,1.35,1.59,1.3,1.56,1.56,6351200
2017-01-05,1.58,1.58,1.26,1.35,1.35,3633200
2017-01-06,1.33,1.72,1.32,1.51,1.51,4819100
2017-01-09,1.51,1.63,1.45,1.57,1.57,3472500
2017-01-10,1.56,1.62,1.54,1.58,1.58,1121000
2017-01-11,1.58,1.71,1.56,1.64,1.64,5276500
2017-01-12,1.64,1.64,1.55,1.58,1.58,2880000
2017-01-13,1.57,1.79,1.54,1.63,1.63,4896500
2017-01-17,1.64,1.64,1.55,1.58,1.58,2514100
2017-01-18,1.57,1.62,1.4,1.41,1.41,1697000
2017-01-19,1.41,1.44,1.3,1.31,1.31,1411600
2017-01-20,1.33,1.34,1.22,1.26,1.26,1693800
2017-01-23,1.24,1.36,1.21,1.28,1.28,1993800
2017-01-24,1.31,1.33,1.23,1.33,1.33,696600
2017-01-25,1.34,1.44,1.32,1.37,1.37,1762000
2017-01-26,1.35,1.47,1.34,1.39,1.39,1257300
2017-01-27,1.39,1.42,1.33,1.33,1.33,624900
2017-01-30,1.33,1.37,1.25,1.35,1.35,1151500
2017-01-31,1.34,1.42,1.29,1.37,1.37,1243700
2017-02-01,1.39,1.6,1.36,1.52,1.52,3674900
2017-02-02,1.52,1.59,1.47,1.56,1.56,1259800
2017-02-03,1.58,1.82,1.55,1.79,1.79,5939900
2017-02-06,1.79,1.8,1.67,1.72,1.72,1779300
2017-02-07,1.72,1.77,1.67,1.7,1.7,1990100
2017-02-08,1.69,1.7,1.58,1.63,1.63,1211400
2017-02-09,1.63,1.7,1.56,1.62,1.62,1398400
2017-02-10,1.65,1.69,1.58,1.65,1.65,1481900
2017-02-13,1.68,1.69,1.59,1.61,1.61,960200
2017-02-14,1.6,1.65,1.58,1.65,1.65,1763700
2017-02-15,1.63,1.67,1.57,1.63,1.63,1587500
2017-02-16,1.63,1.63,1.55,1.6,1.6,781600
2017-02-17,1.62,1.63,1.54,1.56,1.56,1473100
2017-02-21,1.57,1.67,1.57,1.6,1.6,977300
2017-02-22,1.6,1.64,1.58,1.62,1.62,1102700
2017-02-23,1.64,1.66,1.54,1.6,1.6,2586900
2017-02-24,1.59,1.62,1.53,1.58,1.58,1220500
2017-02-27,1.59,1.61,1.55,1.59,1.59,1111600
2017-02-28,1.6,1.6,1.5,1.51,1.51,1481000
2017-03-01,1.53,1.57,1.5,1.51,1.51,1015300
2017-03-02,1.51,1.56,1.39,1.46,1.46,4257800
2017-03-03,1.77,1.94,1.66,1.84,1.84,12927100
2017-03-06,1.85,2.33,1.82,2.27,2.27,16528000
2017-03-07,2.11,2.16,1.94,2.01,2.01,5421300
2017-03-08,2.04,2.23,1.99,1.99,1.99,3208100
2017-03-09,1.98,2.1,1.85,1.99,1.99,3414600
2017-03-10,2.0,2.09,1.96,2.03,2.03,2051200
2017-03-13,2.02,2.13,1.94,1.99,1.99,1604600
2017-03-14,1.98,2.02,1.91,2.0,2.0,1192700
2017-03-15,2.02,2.16,1.99,2.08,2.08,2466600
2017-03-16,2.1,2.13,2.01,2.03,2.03,1136600
2017-03-17,2.02,2.1,1.96,2.03,2.03,1750000
2017-03-20,2.03,2.05,1.89,1.93,1.93,1460900
2017-03-21,1.93,1.94,1.78,1.79,1.79,2383800
2017-03-22,1.78,1.8,1.7,1.77,1.77,969900
2017-03-23,1.77,1.83,1.72,1.77,1.77,1044000
2017-03-24,1.79,1.85,1.75,1.82,1.82,587700
2017-03-27,1.86,1.86,1.77,1.78,1.78,888500
2017-03-28,1.77,1.82,1.67,1.7,1.7,3522700
2017-03-29,1.7,1.8,1.62,1.76,1.76,3097400
2017-03-30,1.76,1.78,1.69,1.73,1.73,942300
2017-03-31,1.74,1.77,1.69,1.7,1.7,1168900
2017-04-03,1.69,1.7,1.59,1.61,1.61,1198100
2017-04-04,1.6,1.63,1.49,1.51,1.51,4494800
2017-04-05,1.54,1.6,1.4,1.43,1.43,2760300
2017-04-06,1.44,1.51,1.4,1.5,1.5,1343200
2017-04-07,1.49,1.52,1.41,1.42,1.42,1398800
2017-04-10,1.42,1.5,1.4,1.43,1.43,922500
2017-04-11,1.42,1.53,1.41,1.5,1.5,1026300
2017-04-12,1.5,1.5,1.39,1.41,1.41,1045100
2017-04-13,1.41,1.44,1.39,1.41,1.41,863400
2017-04-17,1.4,1.41,1.35,1.41,1.41,803700
2017-04-18,1.41,1.42,1.38,1.4,1.4,668400
2017-04-19,1.42,1.48,1.4,1.44,1.44,1023600
2017-04-20,1.46,1.5,1.41,1.46,1.46,1099900
2017-04-21,1.48,1.53,1.39,1.51,1.51,1224400
2017-04-24,1.55,1.56,1.48,1.52,1.52,1105200
2017-04-25,1.54,1.61,1.5,1.55,1.55,1259200
2017-04-26,1.55,1.56,1.46,1.48,1.48,1131500
2017-04-27,1.5,1.52,1.45,1.5,1.5,770100
2017-04-28,1.51,1.53,1.46,1.52,1.52,761300
2017-05-01,1.54,1.55,1.49,1.51,1.51,512800
2017-05-02,1.52,1.55,1.5,1.53,1.53,544700
2017-05-03,1.51,1.67,1.49,1.65,1.65,1645400
2017-05-04,1.62,1.67,1.47,1.67,1.67,2364100
2017-05-05,1.63,1.79,1.55,1.71,1.71,1269800
2017-05-08,1.75,1.78,1.69,1.72,1.72,2142900
2017-05-09,1.73,1.73,1.62,1.68,1.68,2204700
2017-05-10,1.67,1.71,1.63,1.7,1.7,827100
2017-05-11,1.69,1.73,1.66,1.72,1.72,758200
2017-05-12,1.7,1.74,1.69,1.73,1.73,1251300
2017-05-15,1.73,1.79,1.68,1.76,1.76,871000
2017-05-16,1.76,1.78,1.69,1.75,1.75,1830900
2017-05-17,1.7,1.76,1.67,1.71,1.71,2085200
2017-05-18,1.7,1.7,1.62,1.65,1.65,1427300
2017-05-19,1.64,1.71,1.62,1.7,1.7,1624100
2017-05-22,1.7,1.75,1.67,1.72,1.72,819800
2017-05-23,1.74,1.74,1.7,1.72,1.72,328500
2017-05-24,1.73,1.74,1.69,1.73,1.73,568500
2017-05-25,1.74,1.81,1.74,1.8,1.8,1015700
2017-05-26,1.83,2.03,1.71,1.76,1.76,3578100
2017-05-30,1.85,1.88,1.72,1.75,1.75,1073200
2017-05-31,1.75,1.82,1.72,1.81,1.81,1205600
2017-06-01,1.81,1.99,1.81,1.92,1.92,1892000
2017-06-02,1.9,2.15,1.85,2.05,2.05,3206000
2017-06-05,2.07,2.12,2.02,2.11,2.11,1662400
2017-06-06,2.1,2.16,2.06,2.14,2.14,1611800
2017-06-07,2.14,2.18,2.04,2.17,2.17,2452400
2017-06-08,2.16,2.4,2.14,2.31,2.31,2969700
2017-06-09,2.34,2.45,2.32,2.39,2.39,2414100
2017-06-12,2.4,2.51,2.35,2.42,2.42,1860600
2017-06-13,2.42,2.46,2.4,2.43,2.43,1329700
2017-06-14,2.42,2.49,2.36,2.43,2.43,807900
2017-06-15,2.39,2.58,2.38,2.52,2.52,1640400
2017-06-16,2.49,2.56,2.43,2.53,2.53,2009800
2017-06-19,2.55,2.56,2.42,2.53,2.53,1009500
2017-06-20,2.54,2.58,2.46,2.53,2.53,749100
2017-06-21,2.53,2.59,2.52,2.55,2.55,669100
2017-06-22,2.56,2.67,2.56,2.62,2.62,1069000
2017-06-23,2.62,2.72,2.6,2.68,2.68,1546700
2017-06-26,2.72,2.8,2.68,2.77,2.77,1283700
2017-06-27,2.77,2.84,2.74,2.84,2.84,1358800
2017-06-28,2.85,3.07,2.81,2.99,2.99,2387500
2017-06-29,3.0,3.09,2.5,2.61,2.61,3281200
2017-06-30,2.66,2.79,2.65,2.72,2.72,1447800
2017-07-03,2.75,2.85,2.6,2.82,2.82,1377300
2017-07-05,2.83,2.85,2.7,2.73,2.73,1693400
2017-07-06,2.71,2.76,2.59,2.65,2.65,1561400
2017-07-07,2.66,2.77,2.61,2.73,2.73,923200
2017-07-10,2.71,2.75,2.62,2.68,2.68,663900
2017-07-11,2.71,2.89,2.7,2.87,2.87,1406000
2017-07-12,2.9,2.96,2.8,2.92,2.92,1274500
2017-07-13,2.93,2.95,2.87,2.94,2.94,966100
2017-07-14,2.92,3.02,2.91,2.93,2.93,834800
