Date,Open,High,Low,Close,Adj Close,Volume
2010-01-04,2.03,2.09,2.03,2.03,2.03,23300.0
2010-01-05,2.04,2.05,2.0,2.0,2.0,72200.0
2010-01-06,2.0,2.06,1.98,2.04,2.04,55700.0
2010-01-07,2.02,2.06,1.99,2.0,2.0,41900.0
2010-01-08,1.98,2.04,1.96,1.96,1.96,78200.0
2010-01-11,1.98,2.1,1.98,2.03,2.03,112200.0
2010-01-12,2.03,2.24,2.03,2.18,2.18,96100.0
2010-01-13,2.18,2.22,2.11,2.22,2.22,84200.0
2010-01-14,2.13,2.35,2.13,2.3,2.3,128200.0
2010-01-15,2.3,2.38,2.29,2.36,2.36,95000.0
2010-01-19,2.4,2.4,2.3,2.34,2.34,73700.0
2010-01-20,2.38,2.38,2.22,2.27,2.27,44300.0
2010-01-21,2.22,2.23,2.2,2.21,2.21,31000.0
2010-01-22,2.18,2.29,2.15,2.2,2.2,22300.0
2010-01-25,2.19,2.4,2.16,2.4,2.4,89700.0
2010-01-26,2.27,2.52,2.24,2.5,2.5,112700.0
2010-01-27,2.54,2.56,2.49,2.56,2.56,56700.0
2010-01-28,2.64,2.64,2.5,2.53,2.53,79300.0
2010-01-29,2.51,2.51,2.42,2.45,2.45,40000.0
2010-02-01,2.39,2.49,2.25,2.3,2.3,43800.0
2010-02-02,2.39,2.39,2.3,2.34,2.34,47600.0
2010-02-03,2.38,2.4,2.33,2.35,2.35,20800.0
2010-02-04,2.37,2.4,2.2,2.25,2.25,35100.0
2010-02-05,2.25,2.33,2.15,2.22,2.22,36500.0
2010-02-08,2.22,2.25,2.22,2.25,2.25,20900.0
2010-02-09,2.36,2.36,2.22,2.35,2.35,39800.0
2010-02-10,2.39,2.39,2.29,2.37,2.37,48500.0
2010-02-11,2.39,2.43,2.37,2.43,2.43,32700.0
2010-02-12,2.44,2.45,2.35,2.38,2.38,11500.0
2010-02-16,2.4,2.44,2.38,2.42,2.42,26400.0
2010-02-17,2.38,2.42,2.38,2.38,2.38,23700.0
2010-02-18,2.37,2.4,2.37,2.38,2.38,20000.0
2010-02-19,2.4,2.4,2.38,2.38,2.38,15300.0
2010-02-22,2.38,2.39,2.29,2.3,2.3,23300.0
2010-02-23,2.25,2.34,2.21,2.21,2.21,15900.0
2010-02-24,2.21,2.26,2.09,2.26,2.26,79300.0
2010-02-25,2.2,2.25,2.2,2.2,2.2,7600.0
2010-02-26,2.16,2.29,2.16,2.25,2.25,29800.0
2010-03-01,2.25,2.35,2.25,2.27,2.27,15400.0
2010-03-02,2.29,2.31,2.25,2.28,2.28,120300.0
2010-03-03,2.31,2.31,2.05,2.15,2.15,107200.0
2010-03-04,2.18,2.2,2.15,2.15,2.15,16200.0
2010-03-05,2.19,2.24,2.16,2.19,2.19,25700.0
2010-03-08,2.23,2.35,2.17,2.3,2.3,57200.0
2010-03-09,2.26,2.3,2.25,2.28,2.28,25500.0
2010-03-10,2.35,2.36,2.23,2.36,2.36,25300.0
2010-03-11,2.38,2.38,2.29,2.29,2.29,29400.0
2010-03-12,2.26,2.35,2.25,2.26,2.26,66300.0
2010-03-15,2.27,2.5,2.26,2.4,2.4,220500.0
2010-03-16,2.55,2.6,2.37,2.46,2.46,138800.0
2010-03-17,2.44,2.46,2.4,2.4,2.4,9400.0
2010-03-18,2.35,2.49,2.31,2.37,2.37,30400.0
2010-03-19,2.34,2.87,2.31,2.83,2.83,201900.0
2010-03-22,2.65,3.04,2.63,3.0,3.0,171300.0
2010-03-23,3.0,3.09,2.82,3.01,3.01,96300.0
2010-03-24,3.03,3.2,2.9,2.95,2.95,80500.0
2010-03-25,3.04,3.2,3.01,3.07,3.07,77600.0
2010-03-26,3.03,3.1,3.02,3.09,3.09,46500.0
2010-03-29,3.05,3.09,2.95,2.97,2.97,72000.0
2010-03-30,3.04,3.09,2.95,3.03,3.03,28400.0
2010-03-31,3.03,3.05,2.85,3.05,3.05,67000.0
2010-04-01,3.09,3.09,3.0,3.09,3.09,24400.0
2010-04-05,3.09,3.25,3.05,3.21,3.21,135700.0
2010-04-06,3.25,3.29,3.15,3.22,3.22,101000.0
2010-04-07,3.09,3.37,3.09,3.28,3.28,118800.0
2010-04-08,3.38,3.38,3.21,3.22,3.22,43000.0
2010-04-09,3.26,3.5,3.2,3.29,3.29,152500.0
2010-04-12,3.34,3.39,3.31,3.34,3.34,61200.0
2010-04-13,3.33,3.5,3.33,3.47,3.47,96400.0
2010-04-14,3.47,3.49,3.41,3.45,3.45,68300.0
2010-04-15,3.45,3.49,3.25,3.33,3.33,76400.0
2010-04-16,3.37,3.37,3.2,3.25,3.25,49300.0
2010-04-19,3.21,3.21,3.04,3.1,3.1,59500.0
2010-04-20,3.06,3.17,3.05,3.07,3.07,42600.0
2010-04-21,3.02,3.18,3.0,3.02,3.02,54800.0
2010-04-22,2.97,3.08,2.96,3.05,3.05,41400.0
2010-04-23,3.05,3.09,3.01,3.06,3.06,22400.0
2010-04-26,3.06,3.11,3.0,3.07,3.07,44700.0
2010-04-27,3.08,3.21,3.01,3.02,3.02,70900.0
2010-04-28,3.02,3.09,3.02,3.06,3.06,24200.0
2010-04-29,3.13,3.15,3.04,3.12,3.12,40500.0
2010-04-30,3.15,3.15,3.07,3.14,3.14,33200.0
2010-05-03,3.16,4.13,3.05,4.1,4.1,293900.0
2010-05-04,4.02,4.09,3.6,3.77,3.77,176000.0
2010-05-05,3.82,4.15,3.58,4.05,4.05,81700.0
2010-05-06,3.77,4.0,3.6,3.66,3.66,90100.0
2010-05-07,4.0,4.15,3.67,4.14,4.14,143700.0
2010-05-10,4.2,4.31,3.88,4.19,4.19,234800.0
2010-05-11,4.24,4.25,4.03,4.23,4.23,57400.0
2010-05-12,4.2,4.36,4.2,4.35,4.35,50500.0
2010-05-13,4.37,4.57,4.36,4.57,4.57,120600.0
2010-05-14,4.65,4.81,4.33,4.53,4.53,146000.0
2010-05-17,4.61,4.7,4.4,4.54,4.54,74300.0
2010-05-18,4.53,4.6,4.4,4.43,4.43,24000.0
2010-05-19,4.4,4.4,4.16,4.21,4.21,26100.0
2010-05-20,4.1,4.21,3.39,3.87,3.87,252100.0
2010-05-21,3.71,4.27,3.7,4.25,4.25,79300.0
2010-05-24,4.38,4.65,4.0,4.38,4.38,145000.0
2010-05-25,4.15,4.79,3.84,4.59,4.59,115200.0
2010-05-26,4.67,5.32,4.65,5.31,5.31,281600.0
2010-05-27,5.44,5.6,4.83,5.3,5.3,347700.0
2010-05-28,5.28,5.4,5.0,5.33,5.33,290500.0
2010-06-01,4.97,5.15,4.82,4.93,4.93,153700.0
2010-06-02,5.03,5.5,4.94,5.2,5.2,74500.0
2010-06-03,5.24,5.35,4.44,4.57,4.57,119700.0
2010-06-04,4.55,4.9,4.51,4.87,4.87,60100.0
2010-06-07,5.09,5.14,4.83,5.04,5.04,82700.0
2010-06-08,4.98,5.1,4.52,4.59,4.59,91200.0
2010-06-09,4.65,4.78,4.5,4.54,4.54,56500.0
2010-06-10,4.7,4.7,4.5,4.55,4.55,17200.0
2010-06-11,4.5,4.75,4.3,4.66,4.66,35600.0
2010-06-14,4.99,5.09,4.64,4.8,4.8,55200.0
2010-06-15,4.81,4.93,4.63,4.68,4.68,23400.0
2010-06-16,4.9,4.9,4.65,4.68,4.68,37900.0
2010-06-17,4.68,4.68,4.27,4.34,4.34,76500.0
2010-06-18,4.27,4.29,3.85,4.14,4.14,144800.0
2010-06-21,4.1,4.1,3.46,3.54,3.54,211700.0
2010-06-22,3.5,3.5,3.26,3.3,3.3,53600.0
2010-06-23,3.27,3.49,3.09,3.43,3.43,63200.0
2010-06-24,3.38,3.38,3.21,3.3,3.3,22000.0
2010-06-25,3.3,3.61,3.19,3.49,3.49,111700.0
2010-06-28,3.54,3.54,3.33,3.33,3.33,22600.0
2010-06-29,3.29,3.39,3.29,3.3,3.3,60300.0
2010-06-30,3.37,3.37,3.09,3.11,3.11,41600.0
2010-07-01,3.11,3.11,3.05,3.05,3.05,24600.0
2010-07-02,3.05,3.12,2.94,3.02,3.02,30900.0
2010-07-06,3.14,3.35,3.11,3.14,3.14,21700.0
2010-07-07,3.22,3.22,3.1,3.12,3.12,9600.0
2010-07-08,3.11,3.12,2.96,2.96,2.96,46100.0
2010-07-09,3.01,3.04,2.9,2.96,2.96,62700.0
2010-07-12,2.94,3.06,2.91,3.04,3.04,35000.0
2010-07-13,3.06,4.0,3.06,3.44,3.44,340000.0
2010-07-14,3.69,3.69,3.35,3.6,3.6,133000.0
2010-07-15,3.64,3.83,3.62,3.76,3.76,43700.0
2010-07-16,3.69,4.59,3.4,3.76,3.76,575900.0
2010-07-19,3.71,3.78,3.36,3.51,3.51,82100.0
2010-07-20,3.5,3.5,3.41,3.44,3.44,5700.0
2010-07-21,3.43,3.43,3.21,3.23,3.23,25700.0
2010-07-22,3.25,3.41,3.24,3.36,3.36,44800.0
2010-07-23,3.41,3.59,3.37,3.48,3.48,44700.0
2010-07-26,3.6,3.7,3.51,3.63,3.63,43900.0
2010-07-27,3.77,3.77,3.55,3.58,3.58,36700.0
2010-07-28,3.65,3.65,3.46,3.59,3.59,24900.0
2010-07-29,3.67,3.67,3.55,3.58,3.58,22000.0
2010-07-30,3.6,3.6,3.45,3.45,3.45,55200.0
2010-08-02,3.47,3.54,3.41,3.43,3.43,16400.0
2010-08-03,3.41,3.43,3.37,3.37,3.37,26600.0
2010-08-04,3.36,3.4,3.32,3.34,3.34,39600.0
2010-08-05,3.38,3.39,3.34,3.34,3.34,11700.0
2010-08-06,3.37,3.4,3.3,3.39,3.39,16800.0
2010-08-09,3.38,3.38,3.3,3.34,3.34,15100.0
2010-08-10,3.23,3.4,3.23,3.28,3.28,24100.0
2010-08-11,3.5,3.52,3.13,3.44,3.44,68600.0
2010-08-12,3.46,3.6,3.44,3.53,3.53,37000.0
2010-08-13,3.48,3.64,3.46,3.64,3.64,42300.0
2010-08-16,3.6,3.89,3.59,3.87,3.87,120300.0
2010-08-17,3.87,4.15,3.8,4.04,4.04,74700.0
2010-08-18,4.0,4.05,3.98,4.04,4.04,14400.0
2010-08-19,4.04,4.14,3.91,4.02,4.02,17300.0
2010-08-20,3.94,3.99,3.69,3.98,3.98,38500.0
2010-08-23,4.04,4.06,3.8,3.8,3.8,30100.0
2010-08-24,3.66,3.77,3.4,3.4,3.4,99100.0
2010-08-25,3.4,3.47,3.3,3.39,3.39,23200.0
2010-08-26,3.49,3.61,3.41,3.42,3.42,31800.0
2010-08-27,3.44,3.69,3.41,3.67,3.67,24900.0
2010-08-30,3.69,3.83,3.68,3.68,3.68,32800.0
2010-08-31,3.64,3.85,3.64,3.8,3.8,15500.0
2010-09-01,3.85,4.0,3.7,3.79,3.79,24800.0
2010-09-02,3.77,3.85,3.71,3.71,3.71,3100.0
2010-09-03,3.69,3.75,3.65,3.67,3.67,21100.0
2010-09-07,3.62,3.68,3.52,3.53,3.53,10800.0
2010-09-08,3.51,4.0,3.51,3.61,3.61,38500.0
2010-09-09,3.62,3.72,3.61,3.61,3.61,5900.0
2010-09-10,3.6,3.66,3.5,3.6,3.6,26300.0
2010-09-13,3.6,3.66,3.57,3.62,3.62,16800.0
2010-09-14,3.57,3.7,3.5,3.55,3.55,18800.0
2010-09-15,3.58,3.58,3.5,3.56,3.56,4500.0
2010-09-16,3.6,3.6,3.5,3.55,3.55,10900.0
2010-09-17,3.54,3.75,3.52,3.74,3.74,27700.0
2010-09-20,3.74,3.76,3.56,3.56,3.56,17100.0
2010-09-21,3.55,3.76,3.55,3.75,3.75,20200.0
2010-09-22,3.66,3.73,3.57,3.6,3.6,25900.0
2010-09-23,3.65,3.75,3.6,3.62,3.62,15300.0
2010-09-24,3.68,3.69,3.65,3.65,3.65,16000.0
2010-09-27,3.72,3.89,3.69,3.8,3.8,17300.0
2010-09-28,3.72,3.75,3.66,3.71,3.71,13200.0
2010-09-29,3.66,3.75,3.65,3.67,3.67,6000.0
2010-09-30,3.75,3.75,3.66,3.73,3.73,9100.0
2010-10-01,3.7,3.72,3.69,3.71,3.71,7500.0
2010-10-04,3.71,3.85,3.7,3.77,3.77,18600.0
2010-10-05,3.77,3.91,3.77,3.87,3.87,21500.0
2010-10-06,3.85,3.95,3.83,3.92,3.92,17200.0
2010-10-07,3.91,4.0,3.7,3.93,3.93,9300.0
2010-10-08,3.99,3.99,3.86,3.86,3.86,12400.0
2010-10-11,3.9,3.9,3.8,3.88,3.88,5900.0
2010-10-12,3.81,3.93,3.8,3.93,3.93,13000.0
2010-10-13,3.95,4.0,3.8,3.81,3.81,25200.0
2010-10-14,3.85,4.06,3.8,3.8,3.8,51800.0
2010-10-15,3.8,3.99,3.76,3.93,3.93,22100.0
2010-10-18,3.96,3.98,3.81,3.84,3.84,11000.0
2010-10-19,3.89,3.95,3.84,3.95,3.95,17500.0
2010-10-20,3.92,3.92,3.89,3.9,3.9,11500.0
2010-10-21,3.88,3.89,3.81,3.87,3.87,2800.0
2010-10-22,3.91,4.0,3.82,3.9,3.9,14400.0
2010-10-25,3.9,3.94,3.81,3.94,3.94,9900.0
2010-10-26,3.99,3.99,3.9,3.95,3.95,16400.0
2010-10-27,3.95,3.95,3.7,3.78,3.78,26100.0
2010-10-28,3.89,3.9,3.64,3.73,3.73,15300.0
2010-10-29,3.8,3.92,3.74,3.8,3.8,22100.0
2010-11-01,3.8,3.89,3.71,3.89,3.89,27400.0
2010-11-02,3.84,3.84,3.52,3.62,3.62,38600.0
2010-11-03,3.62,3.78,3.62,3.7,3.7,27900.0
2010-11-04,3.65,3.72,3.5,3.56,3.56,59100.0
2010-11-05,3.53,3.64,3.45,3.55,3.55,42200.0
2010-11-08,3.51,3.55,3.5,3.5,3.5,22200.0
2010-11-09,3.5,3.64,3.5,3.51,3.51,13400.0
2010-11-10,3.51,3.53,3.5,3.5,3.5,24700.0
2010-11-11,3.5,3.54,3.46,3.53,3.53,19200.0
2010-11-12,3.54,3.55,3.45,3.45,3.45,18300.0
2010-11-15,3.64,3.65,3.45,3.56,3.56,31500.0
2010-11-16,3.62,3.63,3.55,3.55,3.55,25900.0
2010-11-17,3.59,3.63,3.52,3.53,3.53,19600.0
2010-11-18,3.45,3.6,3.45,3.46,3.46,53200.0
2010-11-19,3.46,3.54,3.45,3.51,3.51,14900.0
2010-11-22,3.57,3.6,3.45,3.5,3.5,20900.0
2010-11-23,3.48,3.57,3.45,3.57,3.57,8500.0
2010-11-24,3.58,3.87,3.49,3.82,3.82,55200.0
2010-11-26,3.84,3.84,3.74,3.81,3.81,12200.0
2010-11-29,3.84,3.92,3.74,3.81,3.81,21000.0
2010-11-30,3.84,3.9,3.8,3.9,3.9,24500.0
2010-12-01,3.95,3.95,3.71,3.75,3.75,20600.0
2010-12-02,3.71,3.74,3.7,3.7,3.7,9000.0
2010-12-03,3.65,3.65,3.53,3.55,3.55,17200.0
2010-12-06,3.64,3.65,3.47,3.64,3.64,21400.0
2010-12-07,3.63,3.63,3.56,3.6,3.6,14200.0
2010-12-08,3.56,3.65,3.55,3.59,3.59,11600.0
2010-12-09,3.73,3.94,3.58,3.63,3.63,56900.0
2010-12-10,3.69,3.7,3.55,3.56,3.56,37000.0
2010-12-13,3.55,3.61,3.27,3.27,3.27,31100.0
2010-12-14,3.3,3.45,3.3,3.36,3.36,22000.0
2010-12-15,3.42,3.46,3.38,3.43,3.43,18400.0
2010-12-16,3.48,3.63,3.44,3.62,3.62,26700.0
2010-12-17,3.62,3.65,3.42,3.63,3.63,26900.0
2010-12-20,3.63,3.63,3.52,3.53,3.53,12700.0
2010-12-21,3.56,3.56,3.35,3.38,3.38,46700.0
2010-12-22,3.43,3.47,3.35,3.36,3.36,13400.0
2010-12-23,3.32,3.36,3.18,3.18,3.18,29100.0
2010-12-27,3.15,3.25,3.03,3.13,3.13,58700.0
2010-12-28,3.09,3.2,2.89,3.06,3.06,35000.0
2010-12-29,3.03,3.2,3.03,3.14,3.14,29300.0
2010-12-30,3.16,3.43,3.09,3.18,3.18,43800.0
2010-12-31,3.18,3.24,3.17,3.22,3.22,14900.0
2011-01-03,3.13,3.18,3.02,3.08,3.08,34900.0
2011-01-04,3.06,3.2,3.06,3.1,3.1,49400.0
2011-01-05,3.13,3.32,3.09,3.32,3.32,43200.0
2011-01-06,3.2,3.32,3.15,3.2,3.2,49500.0
2011-01-07,3.17,3.24,3.1,3.11,3.11,39600.0
2011-01-10,3.16,3.19,3.1,3.18,3.18,41400.0
2011-01-11,3.27,3.33,3.18,3.32,3.32,35100.0
2011-01-12,3.35,3.69,3.29,3.65,3.65,108500.0
2011-01-13,3.7,3.72,3.53,3.68,3.68,48100.0
2011-01-14,3.64,3.73,3.63,3.68,3.68,35900.0
2011-01-18,3.62,3.67,3.5,3.53,3.53,37200.0
2011-01-19,3.47,3.47,3.39,3.42,3.42,24900.0
2011-01-20,3.44,3.45,3.36,3.38,3.38,19900.0
2011-01-21,3.45,3.6,3.35,3.45,3.45,19000.0
2011-01-24,3.52,3.65,3.46,3.61,3.61,29700.0
2011-01-25,3.65,3.65,3.4,3.52,3.52,46500.0
2011-01-26,3.57,3.57,3.41,3.41,3.41,28200.0
2011-01-27,3.39,3.4,3.28,3.4,3.4,27500.0
2011-01-28,3.47,3.47,3.35,3.39,3.39,18000.0
2011-01-31,3.38,3.45,3.32,3.42,3.42,18500.0
2011-02-01,3.48,3.53,3.42,3.53,3.53,38400.0
2011-02-02,3.51,3.58,3.43,3.51,3.51,37400.0
2011-02-03,3.54,3.54,3.5,3.5,3.5,29200.0
2011-02-04,3.48,3.59,3.48,3.59,3.59,37500.0
2011-02-07,3.57,3.59,3.53,3.54,3.54,15400.0
2011-02-08,3.51,3.6,3.51,3.59,3.59,11200.0
2011-02-09,3.6,3.6,3.5,3.53,3.53,18500.0
2011-02-10,3.5,3.6,3.5,3.51,3.51,22600.0
2011-02-11,3.5,3.6,3.5,3.6,3.6,18300.0
2011-02-14,3.58,3.6,3.55,3.6,3.6,35100.0
2011-02-15,3.59,3.66,3.58,3.63,3.63,24100.0
2011-02-16,3.61,3.8,3.54,3.75,3.75,69700.0
2011-02-17,3.77,3.8,3.7,3.76,3.76,47100.0
2011-02-18,3.72,3.72,3.55,3.6,3.6,27800.0
2011-02-22,3.55,3.6,3.52,3.59,3.59,17200.0
2011-02-23,3.55,3.55,3.42,3.42,3.42,16900.0
2011-02-24,3.42,3.55,3.42,3.55,3.55,3400.0
2011-02-25,3.54,3.64,3.54,3.64,3.64,19300.0
2011-02-28,3.6,3.67,3.6,3.67,3.67,21900.0
2011-03-01,3.65,3.67,3.6,3.62,3.62,9400.0
2011-03-02,3.66,3.69,3.61,3.69,3.69,5100.0
2011-03-03,3.68,3.68,3.6,3.67,3.67,7700.0
2011-03-04,3.66,3.88,3.65,3.88,3.88,38900.0
2011-03-07,3.85,3.85,3.64,3.73,3.73,30100.0
2011-03-08,3.73,3.75,3.69,3.74,3.74,19900.0
2011-03-09,3.78,3.78,3.66,3.73,3.73,30600.0
2011-03-10,3.73,3.73,3.65,3.72,3.72,10000.0
2011-03-11,3.72,3.75,3.66,3.75,3.75,6000.0
2011-03-14,3.77,3.77,3.69,3.72,3.72,7100.0
2011-03-15,3.65,3.81,3.63,3.78,3.78,40100.0
2011-03-16,3.76,3.9,3.75,3.76,3.76,29300.0
2011-03-17,3.75,3.99,3.75,3.89,3.89,92200.0
2011-03-18,3.91,4.0,3.8,3.94,3.94,20000.0
2011-03-21,3.98,4.1,3.98,4.06,4.06,68100.0
2011-03-22,4.0,4.1,3.99,3.99,3.99,18500.0
2011-03-23,3.97,4.01,3.95,3.95,3.95,12300.0
2011-03-24,3.96,3.98,3.92,3.93,3.93,4300.0
2011-03-25,3.91,4.05,3.85,3.91,3.91,16200.0
2011-03-28,3.86,4.0,3.86,3.9,3.9,15700.0
2011-03-29,3.86,3.95,3.86,3.88,3.88,8800.0
2011-03-30,3.91,3.94,3.85,3.85,3.85,8400.0
2011-03-31,3.81,3.91,3.81,3.91,3.91,8500.0
2011-04-01,3.87,3.91,3.82,3.91,3.91,8500.0
2011-04-04,3.96,3.98,3.88,3.95,3.95,13900.0
2011-04-05,3.93,3.99,3.87,3.99,3.99,6500.0
2011-04-06,4.01,4.01,3.95,3.96,3.96,6700.0
2011-04-07,3.98,4.02,3.96,4.01,4.01,17900.0
2011-04-08,4.04,4.1,3.91,4.09,4.09,14300.0
2011-04-11,4.1,4.15,4.03,4.06,4.06,26800.0
2011-04-12,4.02,4.14,3.96,4.1,4.1,17500.0
2011-04-13,4.07,4.19,4.03,4.12,4.12,10900.0
2011-04-14,4.18,4.24,4.1,4.24,4.24,28000.0
2011-04-15,4.24,4.3,4.16,4.22,4.22,26800.0
2011-04-18,4.18,4.2,4.0,4.03,4.03,18100.0
2011-04-19,4.06,4.24,4.04,4.23,4.23,11800.0
2011-04-20,4.24,4.24,4.0,4.11,4.11,15600.0
2011-04-21,4.09,4.18,4.0,4.14,4.14,11700.0
2011-04-25,4.19,4.26,4.15,4.22,4.22,24300.0
2011-04-26,4.28,4.41,4.23,4.4,4.4,38600.0
2011-04-27,4.44,4.59,4.4,4.49,4.49,53000.0
2011-04-28,4.57,4.57,4.28,4.28,4.28,24000.0
2011-04-29,4.46,4.48,4.35,4.42,4.42,18000.0
2011-05-02,4.52,4.55,4.25,4.33,4.33,29000.0
2011-05-03,4.34,4.46,4.34,4.4,4.4,7100.0
2011-05-04,4.39,4.39,4.26,4.28,4.28,30100.0
2011-05-05,4.28,4.35,4.28,4.34,4.34,6800.0
2011-05-06,4.26,4.31,4.02,4.13,4.13,35000.0
2011-05-09,4.12,4.17,3.9,3.96,3.96,11000.0
2011-05-10,3.98,4.0,3.9,3.96,3.96,6500.0
2011-05-11,3.94,4.03,3.94,3.99,3.99,5100.0
2011-05-12,3.64,3.98,3.46,3.66,3.66,71600.0
2011-05-13,3.65,3.78,3.65,3.75,3.75,20000.0
2011-05-16,3.7,3.73,3.5,3.53,3.53,7600.0
2011-05-17,3.53,3.78,3.44,3.57,3.57,26200.0
2011-05-18,3.52,3.65,3.52,3.54,3.54,9000.0
2011-05-19,3.52,3.65,3.52,3.58,3.58,1900.0
2011-05-20,3.53,3.59,3.52,3.58,3.58,4700.0
2011-05-23,3.52,3.59,3.51,3.52,3.52,11600.0
2011-05-24,3.51,3.54,3.5,3.5,3.5,18600.0
2011-05-25,3.51,3.51,3.43,3.43,3.43,7900.0
2011-05-26,3.42,3.44,3.34,3.44,3.44,32500.0
2011-05-27,3.4,3.44,3.38,3.39,3.39,9400.0
2011-05-31,3.5,3.5,3.44,3.45,3.45,25500.0
2011-06-01,3.48,3.69,3.45,3.65,3.65,31000.0
2011-06-02,3.85,3.85,3.37,3.57,3.57,56500.0
2011-06-03,3.54,3.6,3.45,3.51,3.51,4500.0
2011-06-06,3.5,3.5,3.28,3.32,3.32,22900.0
2011-06-07,3.33,3.4,3.25,3.25,3.25,22100.0
2011-06-08,3.28,3.3,3.1,3.1,3.1,10300.0
2011-06-09,3.09,3.23,2.91,3.17,3.17,15900.0
2011-06-10,3.21,3.25,3.01,3.15,3.15,10800.0
2011-06-13,3.11,3.11,2.95,3.0,3.0,18700.0
2011-06-14,3.06,3.19,3.05,3.08,3.08,5600.0
2011-06-15,3.05,3.06,2.96,2.99,2.99,17300.0
2011-06-16,2.99,3.06,2.99,3.06,3.06,3900.0
2011-06-17,3.02,3.12,3.02,3.1,3.1,4400.0
2011-06-20,3.06,3.07,2.93,2.95,2.95,39500.0
2011-06-21,2.92,3.1,2.92,3.0,3.0,8600.0
2011-06-22,3.01,3.01,2.75,2.79,2.79,29300.0
2011-06-23,2.79,2.94,2.79,2.86,2.86,8400.0
2011-06-24,2.91,2.91,2.59,2.62,2.62,32200.0
2011-06-27,2.62,2.69,2.52,2.62,2.62,31100.0
2011-06-28,2.64,2.67,2.59,2.6,2.6,18600.0
2011-06-29,2.65,2.68,2.53,2.62,2.62,21400.0
2011-06-30,2.62,2.66,2.58,2.66,2.66,11000.0
2011-07-01,2.68,2.8,2.55,2.74,2.74,27800.0
2011-07-05,2.69,2.94,2.57,2.82,2.82,28600.0
2011-07-06,2.79,3.0,2.79,2.93,2.93,26600.0
2011-07-07,2.97,3.05,2.75,2.92,2.92,35600.0
2011-07-08,2.97,3.08,2.92,3.05,3.05,22200.0
2011-07-11,2.99,3.11,2.9,2.9,2.9,12200.0
2011-07-12,2.99,3.07,2.99,3.02,3.02,6000.0
2011-07-13,2.96,3.09,2.93,3.0,3.0,21100.0
2011-07-14,3.0,3.04,2.94,2.99,2.99,29100.0
2011-07-15,2.97,2.97,2.93,2.95,2.95,4100.0
2011-07-18,2.98,2.99,2.9,2.99,2.99,9300.0
2011-07-19,2.91,2.99,2.9,2.96,2.96,28700.0
2011-07-20,3.02,3.02,2.9,2.96,2.96,12000.0
2011-07-21,2.99,2.99,2.92,2.92,2.92,8500.0
2011-07-22,2.88,2.96,2.86,2.87,2.87,6600.0
2011-07-25,2.85,2.9,2.85,2.85,2.85,11900.0
2011-07-26,2.85,2.97,2.8,2.83,2.83,6300.0
2011-07-27,2.8,2.89,2.71,2.72,2.72,15500.0
2011-07-28,2.76,2.87,2.7,2.76,2.76,7800.0
2011-07-29,2.8,2.82,2.62,2.67,2.67,38000.0
2011-08-01,2.77,3.07,2.73,3.03,3.03,64900.0
2011-08-02,3.06,3.06,2.54,2.63,2.63,157200.0
2011-08-03,2.72,2.74,2.63,2.65,2.65,15600.0
2011-08-04,2.75,2.82,2.63,2.74,2.74,49400.0
2011-08-05,2.81,2.83,2.7,2.71,2.71,26500.0
2011-08-08,2.63,2.7,2.01,2.01,2.01,101400.0
2011-08-09,2.49,3.01,2.17,2.96,2.96,121200.0
2011-08-10,3.0,3.0,2.6,2.73,2.73,37900.0
2011-08-11,2.67,2.76,2.6,2.73,2.73,15100.0
2011-08-12,2.74,2.82,2.65,2.78,2.78,15400.0
2011-08-15,3.0,3.0,2.73,2.73,2.73,34900.0
2011-08-16,2.84,2.84,2.6,2.68,2.68,39800.0
2011-08-17,2.63,2.8,2.6,2.65,2.65,15800.0
2011-08-18,2.78,2.78,2.5,2.7,2.7,23700.0
2011-08-19,2.78,2.78,2.5,2.68,2.68,20100.0
2011-08-22,2.7,2.84,2.56,2.84,2.84,37300.0
2011-08-23,2.85,2.85,2.61,2.66,2.66,17700.0
2011-08-24,2.71,2.72,2.62,2.67,2.67,11400.0
2011-08-25,2.7,2.72,2.62,2.65,2.65,7900.0
2011-08-26,2.65,2.72,2.61,2.66,2.66,5000.0
2011-08-29,2.72,2.72,2.61,2.7,2.7,8800.0
2011-08-30,2.8,2.82,2.62,2.69,2.69,24800.0
2011-08-31,2.74,2.8,2.55,2.64,2.64,29300.0
2011-09-01,2.68,2.72,2.58,2.62,2.62,22200.0
2011-09-02,2.65,2.7,2.55,2.7,2.7,15200.0
2011-09-06,2.55,2.7,2.55,2.7,2.7,7800.0
2011-09-07,2.65,2.72,2.63,2.7,2.7,49000.0
2011-09-08,2.67,2.85,2.5,2.7,2.7,60900.0
2011-09-09,2.63,2.72,2.55,2.7,2.7,8100.0
2011-09-12,2.85,2.85,2.5,2.5,2.5,89100.0
2011-09-13,2.47,2.8,2.47,2.56,2.56,19800.0
2011-09-14,2.56,2.6,2.47,2.54,2.54,22600.0
2011-09-15,2.56,2.7,2.45,2.58,2.58,12400.0
2011-09-16,2.53,2.72,2.53,2.7,2.7,11300.0
2011-09-19,2.58,2.69,2.54,2.58,2.58,19200.0
2011-09-20,2.63,2.67,2.53,2.55,2.55,23600.0
2011-09-21,2.47,2.68,2.47,2.51,2.51,11600.0
2011-09-22,2.48,2.48,2.26,2.26,2.26,37800.0
2011-09-23,2.63,2.63,2.28,2.37,2.37,15700.0
2011-09-26,2.31,2.37,2.25,2.33,2.33,39000.0
2011-09-27,2.33,2.45,2.25,2.37,2.37,31100.0
2011-09-28,2.32,2.35,2.25,2.26,2.26,13000.0
2011-09-29,2.29,2.46,2.14,2.19,2.19,19000.0
2011-09-30,2.23,2.28,2.15,2.25,2.25,12000.0
2011-10-03,2.19,2.24,2.05,2.06,2.06,11100.0
2011-10-04,2.06,2.06,1.9,1.91,1.91,36500.0
2011-10-05,2.02,2.02,1.9,1.99,1.99,16700.0
2011-10-06,2.04,2.1,1.95,2.04,2.04,37300.0
2011-10-07,2.0,2.1,2.0,2.04,2.04,4200.0
2011-10-10,2.12,2.12,1.9,2.04,2.04,14400.0
2011-10-11,2.01,2.08,1.99,2.03,2.03,12900.0
2011-10-12,2.09,2.12,2.03,2.05,2.05,8500.0
2011-10-13,2.03,2.19,2.03,2.12,2.12,12800.0
2011-10-14,2.15,2.15,2.03,2.05,2.05,9900.0
2011-10-17,2.1,2.18,2.04,2.05,2.05,15700.0
2011-10-18,2.04,2.15,2.04,2.09,2.09,3900.0
2011-10-19,2.04,2.15,2.04,2.06,2.06,22900.0
2011-10-20,2.06,2.13,2.04,2.04,2.04,11900.0
2011-10-21,2.04,2.2,2.0,2.15,2.15,44600.0
2011-10-24,2.2,2.2,2.04,2.15,2.15,25800.0
2011-10-25,2.12,2.13,2.05,2.05,2.05,16200.0
2011-10-26,2.12,2.18,2.06,2.07,2.07,12400.0
2011-10-27,2.05,2.15,2.03,2.11,2.11,25000.0
2011-10-28,2.14,2.17,2.07,2.1,2.1,13100.0
2011-10-31,2.04,2.1,2.02,2.02,2.02,20500.0
2011-11-01,2.01,2.08,2.0,2.01,2.01,18100.0
2011-11-02,2.01,2.08,2.0,2.08,2.08,6100.0
2011-11-03,2.15,2.15,2.0,2.05,2.05,11500.0
2011-11-04,2.03,2.08,2.02,2.02,2.02,2500.0
2011-11-07,2.01,2.02,2.0,2.02,2.02,10200.0
2011-11-08,2.08,2.08,2.0,2.06,2.06,9800.0
2011-11-09,2.0,2.08,1.9,2.0,2.0,49400.0
2011-11-10,1.98,2.06,1.96,1.96,1.96,4400.0
2011-11-11,2.02,2.04,1.9,1.98,1.98,25300.0
2011-11-14,1.92,1.97,1.81,1.81,1.81,39300.0
2011-11-15,1.85,1.89,1.76,1.76,1.76,178300.0
2011-11-16,1.8,1.85,1.75,1.8,1.8,28600.0
2011-11-17,1.81,1.81,1.77,1.77,1.77,9200.0
2011-11-18,1.77,1.8,1.75,1.78,1.78,7400.0
2011-11-21,1.76,1.83,1.7,1.81,1.81,17400.0
2011-11-22,1.81,1.81,1.75,1.75,1.75,2900.0
2011-11-23,1.75,1.78,1.75,1.78,1.78,2900.0
2011-11-25,1.79,1.79,1.7,1.72,1.72,13100.0
2011-11-28,1.7,1.75,1.63,1.65,1.65,16300.0
2011-11-29,1.69,1.81,1.69,1.8,1.8,4700.0
2011-11-30,1.79,1.79,1.62,1.62,1.62,7700.0
2011-12-01,1.61,1.7,1.61,1.64,1.64,10100.0
2011-12-02,1.63,1.76,1.63,1.67,1.67,26000.0
2011-12-05,1.67,1.69,1.62,1.65,1.65,33800.0
2011-12-06,1.66,1.71,1.62,1.7,1.7,17900.0
2011-12-07,1.73,1.75,1.63,1.63,1.63,10600.0
2011-12-08,1.67,1.74,1.63,1.63,1.63,17100.0
2011-12-09,1.66,1.7,1.63,1.7,1.7,3300.0
2011-12-12,1.64,1.69,1.6,1.6,1.6,34500.0
2011-12-13,1.62,1.67,1.59,1.65,1.65,32000.0
2011-12-14,1.68,1.68,1.6,1.62,1.62,11900.0
2011-12-15,1.6,1.69,1.55,1.61,1.61,32100.0
2011-12-16,1.6,1.69,1.6,1.61,1.61,13700.0
2011-12-19,1.6,1.67,1.6,1.65,1.65,14400.0
2011-12-20,1.67,1.67,1.55,1.61,1.61,18200.0
2011-12-21,1.61,1.66,1.61,1.63,1.63,18600.0
2011-12-22,1.63,1.7,1.63,1.7,1.7,18700.0
2011-12-23,1.7,1.7,1.6,1.65,1.65,23700.0
2011-12-27,1.63,1.65,1.56,1.6,1.6,18600.0
2011-12-28,1.6,1.65,1.56,1.65,1.65,29500.0
2011-12-29,1.6,1.7,1.6,1.7,1.7,19400.0
2011-12-30,1.65,1.7,1.6,1.67,1.67,25800.0
2012-01-03,1.69,1.7,1.65,1.67,1.67,16700.0
2012-01-04,1.68,1.71,1.65,1.66,1.66,5600.0
2012-01-05,1.65,1.69,1.65,1.67,1.67,9200.0
2012-01-06,1.68,1.69,1.66,1.67,1.67,9800.0
2012-01-09,1.72,1.75,1.68,1.75,1.75,34500.0
2012-01-10,1.77,1.77,1.73,1.77,1.77,11100.0
2012-01-11,1.77,1.96,1.75,1.9,1.9,60200.0
2012-01-12,1.96,2.04,1.87,2.02,2.02,47800.0
2012-01-13,1.94,2.0,1.85,1.93,1.93,30000.0
2012-01-17,1.88,2.0,1.85,1.86,1.86,38100.0
2012-01-18,1.9,1.9,1.86,1.9,1.9,8400.0
2012-01-19,1.88,1.95,1.88,1.9,1.9,16600.0
2012-01-20,1.88,1.99,1.85,1.99,1.99,17100.0
2012-01-23,1.99,1.99,1.9,1.99,1.99,13400.0
2012-01-24,1.96,1.99,1.86,1.97,1.97,7400.0
2012-01-25,2.0,2.0,1.91,1.97,1.97,11600.0
2012-01-26,1.94,2.0,1.94,1.97,1.97,9000.0
2012-01-27,1.94,2.0,1.92,1.93,1.93,8900.0
2012-01-30,1.92,1.99,1.92,1.95,1.95,9900.0
2012-01-31,1.93,1.99,1.93,1.95,1.95,3400.0
2012-02-01,1.96,2.04,1.93,1.96,1.96,31500.0
2012-02-02,1.95,2.02,1.93,1.93,1.93,20300.0
2012-02-03,1.92,2.16,1.92,2.01,2.01,55000.0
2012-02-06,1.98,2.14,1.95,2.06,2.06,33800.0
2012-02-07,2.06,2.13,2.0,2.05,2.05,14200.0
2012-02-08,2.11,2.13,2.07,2.1,2.1,9900.0
2012-02-09,2.15,2.18,2.11,2.11,2.11,20700.0
2012-02-10,2.01,2.08,1.96,2.03,2.03,62000.0
2012-02-13,2.11,2.11,1.98,2.05,2.05,13700.0
2012-02-14,2.05,2.07,2.02,2.06,2.06,8000.0
2012-02-15,2.07,2.4,2.0,2.03,2.03,153400.0
2012-02-16,2.13,2.37,2.07,2.14,2.14,134800.0
2012-02-17,2.21,2.31,2.15,2.2,2.2,62500.0
2012-02-21,2.25,2.35,2.16,2.25,2.25,15600.0
2012-02-22,2.32,2.97,2.3,2.94,2.94,207400.0
2012-02-23,3.03,3.18,2.45,2.53,2.53,203100.0
2012-02-24,2.5,2.65,2.5,2.53,2.53,50300.0
2012-02-27,2.46,2.46,2.25,2.26,2.26,88000.0
2012-02-28,2.43,2.56,2.32,2.36,2.36,54500.0
2012-02-29,2.5,3.2,2.5,2.89,2.89,416900.0
2012-03-01,2.96,3.15,2.85,2.98,2.98,158500.0
2012-03-02,2.98,2.98,2.71,2.93,2.93,77300.0
2012-03-05,2.83,2.94,2.83,2.9,2.9,29300.0
2012-03-06,2.81,3.24,2.77,2.98,2.98,188600.0
2012-03-07,2.98,2.99,2.79,2.89,2.89,42100.0
2012-03-08,2.92,2.97,2.88,2.89,2.89,16900.0
2012-03-09,2.9,3.05,2.8,2.87,2.87,47100.0
2012-03-12,2.89,2.96,2.81,2.9,2.9,21900.0
2012-03-13,2.88,2.89,2.77,2.82,2.82,21700.0
2012-03-14,2.84,2.9,2.78,2.84,2.84,13500.0
2012-03-15,2.81,2.85,2.81,2.84,2.84,7000.0
2012-03-16,2.82,2.85,2.76,2.85,2.85,22500.0
2012-03-19,2.8,2.81,2.71,2.78,2.78,30300.0
2012-03-20,2.74,2.74,2.65,2.67,2.67,19800.0
2012-03-21,2.63,2.67,2.54,2.61,2.61,26400.0
2012-03-22,2.55,2.55,2.44,2.47,2.47,33400.0
2012-03-23,2.46,2.71,2.42,2.47,2.47,29500.0
2012-03-26,2.45,2.46,2.37,2.46,2.46,31000.0
2012-03-27,2.43,2.51,2.35,2.4,2.4,30500.0
2012-03-28,2.4,2.42,2.22,2.37,2.37,47200.0
2012-03-29,2.39,2.42,2.29,2.35,2.35,17400.0
2012-03-30,2.35,2.42,2.3,2.37,2.37,13100.0
2012-04-02,2.37,2.4,2.33,2.36,2.36,13400.0
2012-04-03,2.32,2.36,2.3,2.35,2.35,10600.0
2012-04-04,2.34,2.34,2.29,2.3,2.3,14100.0
2012-04-05,2.29,2.29,2.15,2.19,2.19,29500.0
2012-04-09,2.15,2.18,2.04,2.11,2.11,25500.0
2012-04-10,2.1,2.1,2.0,2.07,2.07,17400.0
2012-04-11,2.04,2.19,2.04,2.19,2.19,34200.0
2012-04-12,2.23,2.39,2.11,2.35,2.35,35600.0
2012-04-13,2.35,2.83,2.34,2.5,2.5,211600.0
2012-04-16,2.42,2.5,2.35,2.41,2.41,23100.0
2012-04-17,2.47,2.47,2.15,2.21,2.21,27300.0
2012-04-18,2.19,2.6,2.16,2.31,2.31,38300.0
2012-04-19,2.36,2.44,2.35,2.35,2.35,11300.0
2012-04-20,2.39,2.41,2.34,2.41,2.41,6900.0
2012-04-23,2.42,2.42,2.25,2.3,2.3,20800.0
2012-04-24,2.27,2.5,2.27,2.35,2.35,14300.0
2012-04-25,2.33,2.41,2.19,2.22,2.22,17600.0
2012-04-26,2.33,2.34,2.33,2.33,2.33,1600.0
2012-04-27,2.34,2.34,2.27,2.3,2.3,8500.0
2012-04-30,2.29,2.35,2.29,2.29,2.29,1100.0
2012-05-01,2.3,2.34,2.17,2.23,2.23,16000.0
2012-05-02,2.22,2.23,2.14,2.2,2.2,7100.0
2012-05-03,2.2,2.24,2.2,2.2,2.2,7800.0
2012-05-04,2.2,2.25,2.19,2.2,2.2,7900.0
2012-05-07,2.24,2.24,2.14,2.15,2.15,3100.0
2012-05-08,2.15,2.24,2.14,2.24,2.24,18000.0
2012-05-09,2.24,2.24,2.14,2.21,2.21,8100.0
2012-05-10,2.23,2.25,2.15,2.15,2.15,14000.0
2012-05-11,2.19,2.2,2.0,2.07,2.07,42700.0
2012-05-14,2.04,2.08,1.94,1.94,1.94,13200.0
2012-05-15,1.94,2.01,1.87,1.98,1.98,13000.0
2012-05-16,1.97,2.02,1.87,1.87,1.87,13200.0
2012-05-17,1.87,1.9,1.83,1.85,1.85,11000.0
2012-05-18,1.94,1.94,1.68,1.68,1.68,45900.0
2012-05-21,1.7,1.97,1.7,1.72,1.72,27300.0
2012-05-22,1.74,1.85,1.74,1.82,1.82,3700.0
2012-05-23,1.81,1.91,1.75,1.91,1.91,28000.0
2012-05-24,2.0,2.15,2.0,2.15,2.15,68800.0
2012-05-25,2.18,2.28,2.11,2.11,2.11,15600.0
2012-05-29,2.2,2.25,2.16,2.24,2.24,16200.0
2012-05-30,2.25,2.25,2.18,2.22,2.22,9100.0
2012-05-31,2.23,2.23,1.97,2.14,2.14,22700.0
2012-06-01,2.12,2.12,1.99,2.03,2.03,7500.0
2012-06-04,2.09,2.09,1.9,1.92,1.92,33100.0
2012-06-05,1.91,1.95,1.91,1.91,1.91,2700.0
2012-06-06,1.92,2.0,1.91,2.0,2.0,10100.0
2012-06-07,2.01,2.1,1.9,1.93,1.93,20800.0
2012-06-08,1.96,1.98,1.85,1.9,1.9,15800.0
2012-06-11,1.9,1.96,1.88,1.96,1.96,4100.0
2012-06-12,1.9,1.95,1.82,1.85,1.85,21800.0
2012-06-13,1.83,1.95,1.73,1.85,1.85,56300.0
2012-06-14,1.79,1.9,1.78,1.86,1.86,6100.0
2012-06-15,1.82,1.94,1.78,1.85,1.85,5900.0
2012-06-18,1.87,1.87,1.76,1.8,1.8,14300.0
2012-06-19,1.78,1.83,1.72,1.76,1.76,78600.0
2012-06-20,1.75,1.76,1.72,1.75,1.75,17400.0
2012-06-21,1.77,1.77,1.72,1.76,1.76,9400.0
2012-06-22,1.75,1.77,1.73,1.76,1.76,11000.0
2012-06-25,1.77,1.77,1.73,1.73,1.73,16600.0
2012-06-26,1.74,1.77,1.72,1.76,1.76,10500.0
2012-06-27,1.74,1.76,1.72,1.74,1.74,6200.0
2012-06-28,1.75,1.76,1.7,1.73,1.73,6600.0
2012-06-29,1.76,1.79,1.68,1.74,1.74,21300.0
2012-07-02,1.83,1.83,1.68,1.69,1.69,62300.0
2012-07-03,1.68,1.76,1.58,1.64,1.64,27500.0
2012-07-05,1.62,1.65,1.62,1.62,1.62,9400.0
2012-07-06,1.61,1.61,1.55,1.55,1.55,21900.0
2012-07-09,1.62,1.62,1.52,1.59,1.59,27500.0
2012-07-10,1.63,1.63,1.54,1.62,1.62,37400.0
2012-07-11,1.6,1.64,1.45,1.45,1.45,35900.0
2012-07-12,1.53,1.58,1.46,1.54,1.54,14500.0
2012-07-13,1.54,1.54,1.44,1.52,1.52,32200.0
2012-07-16,1.47,1.5,1.38,1.44,1.44,41800.0
2012-07-17,1.45,1.5,1.3,1.37,1.37,37800.0
2012-07-18,1.41,1.41,1.3,1.32,1.32,61000.0
2012-07-19,1.3,1.41,1.3,1.4,1.4,5200.0
2012-07-20,1.35,1.4,1.31,1.39,1.39,9400.0
2012-07-23,1.36,1.39,1.32,1.32,1.32,8100.0
2012-07-24,1.31,1.38,1.28,1.36,1.36,27900.0
2012-07-25,1.38,1.39,1.3,1.3,1.3,7300.0
2012-07-26,1.31,1.43,1.3,1.37,1.37,8400.0
2012-07-27,1.31,1.35,1.31,1.33,1.33,7600.0
2012-07-30,1.36,1.44,1.36,1.42,1.42,14000.0
2012-07-31,1.45,1.62,1.42,1.49,1.49,59300.0
2012-08-01,1.48,1.48,1.41,1.42,1.42,10800.0
2012-08-02,1.42,1.47,1.39,1.4,1.4,5000.0
2012-08-03,1.36,1.37,1.35,1.36,1.36,11600.0
2012-08-06,1.36,1.42,1.18,1.29,1.29,35100.0
2012-08-07,1.33,1.35,1.29,1.32,1.32,23700.0
2012-08-08,1.3,1.31,1.29,1.29,1.29,5000.0
2012-08-09,1.26,1.34,1.21,1.27,1.27,37000.0
2012-08-10,1.26,1.3,1.22,1.3,1.3,8700.0
2012-08-13,1.27,1.31,1.26,1.27,1.27,8200.0
2012-08-14,1.29,1.31,1.21,1.31,1.31,9900.0
2012-08-15,1.33,1.33,1.24,1.26,1.26,15200.0
2012-08-16,1.22,1.33,1.21,1.22,1.22,14800.0
2012-08-17,1.23,1.23,1.18,1.19,1.19,19600.0
2012-08-20,1.18,1.2,1.15,1.17,1.17,36400.0
2012-08-21,1.2,1.2,1.15,1.19,1.19,31500.0
2012-08-22,1.19,1.21,1.02,1.14,1.14,38300.0
2012-08-23,1.07,1.12,1.04,1.06,1.06,16700.0
2012-08-24,1.09,1.15,1.08,1.14,1.14,16100.0
2012-08-27,1.1,1.15,1.1,1.14,1.14,4000.0
2012-08-28,1.16,1.22,1.11,1.12,1.12,18000.0
2012-08-29,1.08,1.19,1.08,1.14,1.14,18400.0
2012-08-30,1.18,1.18,1.1,1.1,1.1,3900.0
2012-08-31,1.11,1.18,1.11,1.14,1.14,8500.0
2012-09-04,1.16,1.19,1.13,1.19,1.19,8200.0
2012-09-05,1.16,1.19,1.16,1.19,1.19,9500.0
2012-09-06,1.16,1.22,1.16,1.21,1.21,12500.0
2012-09-07,1.23,1.23,1.15,1.23,1.23,7700.0
2012-09-10,1.21,1.24,1.16,1.18,1.18,7600.0
2012-09-11,1.17,1.24,1.17,1.19,1.19,4800.0
2012-09-12,1.16,1.24,1.16,1.24,1.24,4400.0
2012-09-13,1.19,1.2,1.16,1.17,1.17,11000.0
2012-09-14,1.15,1.21,1.15,1.18,1.18,4900.0
2012-09-17,1.23,1.24,1.16,1.22,1.22,21500.0
2012-09-18,1.23,1.23,1.2,1.23,1.23,1400.0
2012-09-19,1.21,1.25,1.16,1.17,1.17,25900.0
2012-09-20,1.22,1.24,1.2,1.24,1.24,27400.0
2012-09-21,1.25,1.25,1.24,1.24,1.24,15800.0
2012-09-24,1.22,1.23,1.21,1.21,1.21,21600.0
2012-09-25,1.22,1.26,1.22,1.22,1.22,7500.0
2012-09-26,1.21,1.24,1.18,1.19,1.19,13600.0
2012-09-27,1.17,1.24,1.17,1.17,1.17,4700.0
2012-09-28,1.17,1.2,1.17,1.17,1.17,6000.0
2012-10-01,1.17,1.21,1.17,1.17,1.17,5000.0
2012-10-02,1.19,1.25,1.18,1.23,1.23,2400.0
2012-10-03,1.21,1.25,1.18,1.2,1.2,3200.0
2012-10-04,1.21,1.3,1.17,1.18,1.18,42600.0
2012-10-05,1.25,1.25,1.1,1.11,1.11,8200.0
2012-10-08,1.12,1.19,1.1,1.13,1.13,9200.0
2012-10-09,1.12,1.3,1.11,1.12,1.12,14500.0
2012-10-10,1.21,1.21,1.12,1.15,1.15,10000.0
2012-10-11,1.17,1.28,1.15,1.26,1.26,11800.0
2012-10-12,1.17,1.26,1.17,1.17,1.17,14300.0
2012-10-15,1.22,1.24,1.15,1.22,1.22,28800.0
2012-10-16,1.18,1.24,1.18,1.23,1.23,2100.0
2012-10-17,1.2,1.25,1.19,1.24,1.24,7200.0
2012-10-18,1.25,1.25,1.13,1.13,1.13,14800.0
2012-10-19,1.18,1.22,1.13,1.21,1.21,2900.0
2012-10-22,1.22,1.22,1.17,1.17,1.17,7700.0
2012-10-23,1.2,1.22,1.17,1.22,1.22,12400.0
2012-10-24,1.22,1.22,1.19,1.21,1.21,2700.0
2012-10-25,1.17,1.17,1.17,1.17,1.17,200.0
2012-10-26,1.19,1.19,1.17,1.18,1.18,5400.0
2012-10-31,1.17,1.21,1.17,1.21,1.21,2600.0
2012-11-01,1.22,1.23,1.14,1.21,1.21,20700.0
2012-11-02,1.18,1.24,1.16,1.22,1.22,14300.0
2012-11-05,1.24,1.26,1.21,1.26,1.26,27900.0
2012-11-06,1.25,1.3,1.17,1.27,1.27,7700.0
2012-11-07,1.29,1.29,1.13,1.21,1.21,27800.0
2012-11-08,1.17,1.2,1.16,1.16,1.16,6200.0
2012-11-09,1.19,1.23,1.18,1.23,1.23,8800.0
2012-11-12,1.19,1.24,1.19,1.22,1.22,2700.0
2012-11-13,1.23,1.25,1.2,1.21,1.21,5600.0
2012-11-14,1.19,1.25,1.19,1.25,1.25,17700.0
2012-11-15,1.19,1.2,1.14,1.14,1.14,5000.0
2012-11-16,1.13,1.21,1.13,1.16,1.16,33000.0
2012-11-19,1.14,1.21,1.14,1.17,1.17,2200.0
2012-11-20,1.16,1.22,1.14,1.18,1.18,33000.0
2012-11-21,1.16,1.18,1.16,1.18,1.18,1800.0
2012-11-23,1.15,1.21,1.15,1.18,1.18,4200.0
2012-11-26,1.15,1.2,1.15,1.19,1.19,7000.0
2012-11-27,1.18,1.18,1.15,1.15,1.15,4800.0
2012-11-28,1.15,1.2,1.15,1.2,1.2,9400.0
2012-11-29,1.18,1.24,1.17,1.24,1.24,3400.0
2012-11-30,1.25,1.25,1.17,1.21,1.21,25400.0
2012-12-03,1.17,1.2,1.16,1.2,1.2,12300.0
2012-12-04,1.17,1.23,1.17,1.18,1.18,1200.0
2012-12-05,1.23,1.23,1.2,1.23,1.23,4300.0
2012-12-06,1.18,1.23,1.11,1.14,1.14,25500.0
2012-12-07,1.16,1.17,1.15,1.17,1.17,6400.0
2012-12-10,1.11,1.17,1.11,1.15,1.15,16600.0
2012-12-11,1.19,1.19,1.15,1.17,1.17,13300.0
2012-12-12,1.11,1.18,1.11,1.13,1.13,5300.0
2012-12-13,1.17,1.17,1.12,1.14,1.14,10500.0
2012-12-14,1.12,1.24,1.08,1.21,1.21,23900.0
2012-12-17,1.24,1.24,1.09,1.21,1.21,55500.0
2012-12-18,1.19,1.22,1.1,1.22,1.22,24900.0
2012-12-19,1.17,1.24,1.16,1.24,1.24,13700.0
2012-12-20,1.24,1.24,1.16,1.2,1.2,42100.0
2012-12-21,1.21,1.25,1.15,1.25,1.25,53300.0
2012-12-24,1.22,1.23,1.17,1.22,1.22,4500.0
2012-12-26,1.18,1.24,1.16,1.24,1.24,8500.0
2012-12-27,1.19,1.3,1.13,1.13,1.13,80200.0
2012-12-28,1.17,1.23,1.17,1.19,1.19,32900.0
2012-12-31,1.21,1.5,1.21,1.48,1.48,209500.0
2013-01-02,1.48,1.95,1.48,1.51,1.51,264400.0
2013-01-03,1.72,1.94,1.56,1.64,1.64,130900.0
2013-01-04,1.58,1.8,1.58,1.61,1.61,78300.0
2013-01-07,1.61,1.75,1.49,1.61,1.61,70500.0
2013-01-08,1.65,1.66,1.43,1.62,1.62,64500.0
2013-01-09,1.62,1.8,1.5,1.6,1.6,110200.0
2013-01-10,1.57,1.66,1.57,1.62,1.62,20800.0
2013-01-11,1.67,1.68,1.6,1.64,1.64,53900.0
2013-01-14,1.8,1.8,1.6,1.64,1.64,48600.0
2013-01-15,1.6,1.65,1.6,1.63,1.63,23900.0
2013-01-16,1.7,1.76,1.66,1.72,1.72,52200.0
2013-01-17,1.72,1.78,1.72,1.72,1.72,23000.0
2013-01-18,1.75,1.75,1.72,1.74,1.74,65600.0
2013-01-22,1.8,1.8,1.75,1.79,1.79,52500.0
2013-01-23,1.82,1.98,1.75,1.9,1.9,187900.0
2013-01-24,1.9,2.0,1.9,1.94,1.94,97100.0
2013-01-25,1.97,1.98,1.85,1.85,1.85,29900.0
2013-01-28,1.85,1.95,1.85,1.87,1.87,23800.0
2013-01-29,1.79,1.95,1.71,1.91,1.91,192800.0
2013-01-30,1.89,1.9,1.83,1.88,1.88,42100.0
2013-01-31,1.86,1.87,1.8,1.87,1.87,22600.0
2013-02-01,1.87,1.87,1.8,1.81,1.81,10800.0
2013-02-04,1.76,1.86,1.76,1.8,1.8,33100.0
2013-02-05,1.8,1.84,1.8,1.82,1.82,34000.0
2013-02-06,1.85,1.92,1.83,1.86,1.86,30100.0
2013-02-07,1.86,1.89,1.86,1.86,1.86,19900.0
2013-02-08,1.9,1.9,1.82,1.88,1.88,44600.0
2013-02-11,1.85,1.9,1.85,1.85,1.85,21400.0
2013-02-12,1.83,1.89,1.83,1.87,1.87,9300.0
2013-02-13,1.88,1.88,1.85,1.86,1.86,6000.0
2013-02-14,1.85,1.87,1.83,1.85,1.85,11000.0
2013-02-15,1.86,1.88,1.83,1.87,1.87,20400.0
2013-02-19,1.88,1.95,1.88,1.93,1.93,93600.0
2013-02-20,1.93,2.04,1.93,1.98,1.98,32100.0
2013-02-21,2.02,2.06,1.98,2.01,2.01,55200.0
2013-02-22,2.1,2.15,2.02,2.09,2.09,116900.0
2013-02-25,2.05,2.17,2.05,2.1,2.1,64700.0
2013-02-26,2.1,2.11,2.0,2.02,2.02,80500.0
2013-02-27,2.05,2.06,2.02,2.02,2.02,3300.0
2013-02-28,2.03,2.03,2.0,2.0,2.0,47700.0
2013-03-01,1.98,2.02,1.83,1.99,1.99,72300.0
2013-03-04,1.96,1.99,1.88,1.99,1.99,18800.0
2013-03-05,1.99,1.99,1.97,1.97,1.97,19400.0
2013-03-06,1.98,2.0,1.97,1.98,1.98,5700.0
2013-03-07,1.93,2.0,1.89,1.98,1.98,13800.0
2013-03-08,2.04,2.08,1.98,1.99,1.99,41100.0
2013-03-11,2.03,2.07,1.98,2.0,2.0,35800.0
2013-03-12,2.0,2.06,2.0,2.03,2.03,17000.0
2013-03-13,2.05,2.08,2.0,2.07,2.07,55600.0
2013-03-14,2.06,2.08,2.01,2.02,2.02,39300.0
2013-03-15,2.02,2.05,2.02,2.03,2.03,33100.0
2013-03-18,2.02,2.06,2.02,2.05,2.05,52300.0
2013-03-19,2.02,2.05,2.01,2.02,2.02,34400.0
2013-03-20,2.02,2.03,2.0,2.02,2.02,38200.0
2013-03-21,2.01,2.04,2.01,2.04,2.04,20200.0
2013-03-22,2.04,2.05,2.01,2.01,2.01,112200.0
2013-03-25,2.04,2.05,2.02,2.05,2.05,29000.0
2013-03-26,2.05,2.07,2.05,2.05,2.05,32000.0
2013-03-27,2.06,2.1,2.05,2.06,2.06,64500.0
2013-03-28,2.06,2.06,2.05,2.05,2.05,24800.0
2013-04-01,2.02,2.08,2.02,2.05,2.05,17200.0
2013-04-02,2.05,2.08,2.03,2.03,2.03,19200.0
2013-04-03,2.06,2.06,2.04,2.04,2.04,9700.0
2013-04-04,2.07,2.07,2.04,2.04,2.04,3500.0
2013-04-05,2.07,2.08,2.05,2.06,2.06,8200.0
2013-04-08,2.07,2.08,2.06,2.08,2.08,5000.0
2013-04-09,2.07,2.08,2.07,2.07,2.07,43600.0
2013-04-10,2.08,2.08,2.07,2.07,2.07,6700.0
2013-04-11,2.08,2.1,2.07,2.08,2.08,50000.0
2013-04-12,2.08,2.09,2.08,2.08,2.08,2200.0
2013-04-15,2.08,2.11,2.08,2.11,2.11,12300.0
2013-04-16,2.05,2.09,2.05,2.08,2.08,16300.0
2013-04-17,2.12,2.12,2.06,2.07,2.07,13900.0
2013-04-18,2.07,2.08,2.07,2.07,2.07,10900.0
2013-04-19,2.07,2.07,1.91,1.96,1.96,16300.0
2013-04-22,1.97,2.03,1.97,1.97,1.97,8200.0
2013-04-23,1.97,2.05,1.95,1.95,1.95,33100.0
2013-04-24,1.95,2.1,1.83,1.97,1.97,23600.0
2013-04-25,1.95,1.98,1.86,1.86,1.86,11400.0
2013-04-26,1.88,1.9,1.86,1.87,1.87,3600.0
2013-04-29,1.87,1.94,1.87,1.88,1.88,8700.0
2013-04-30,1.87,2.14,1.87,2.01,2.01,50800.0
2013-05-01,1.99,2.09,1.95,2.04,2.04,20700.0
2013-05-02,2.01,2.01,2.0,2.0,2.0,9000.0
2013-05-03,1.98,1.98,1.89,1.89,1.89,8600.0
2013-05-06,1.9,2.02,1.9,1.97,1.97,7000.0
2013-05-07,1.94,2.0,1.92,1.92,1.92,7200.0
2013-05-08,1.9,1.9,1.88,1.89,1.89,4500.0
2013-05-09,1.87,1.92,1.79,1.79,1.79,14700.0
2013-05-10,1.82,2.05,1.76,2.04,2.04,52200.0
2013-05-13,2.05,2.05,1.87,1.95,1.95,8600.0
2013-05-14,2.0,2.05,1.89,1.99,1.99,16500.0
2013-05-15,1.93,2.0,1.86,1.99,1.99,15900.0
2013-05-16,1.96,2.04,1.87,2.0,2.0,9800.0
2013-05-17,1.88,1.98,1.88,1.98,1.98,11700.0
2013-05-20,1.98,2.05,1.91,1.95,1.95,17600.0
2013-05-21,2.0,2.02,1.92,2.02,2.02,4400.0
2013-05-22,2.01,2.01,1.95,1.96,1.96,10300.0
2013-05-23,2.01,2.01,1.83,1.94,1.94,9100.0
2013-05-24,2.0,2.01,1.95,2.0,2.0,14100.0
2013-05-28,2.01,2.1,1.96,2.0,2.0,42000.0
2013-05-29,1.96,2.05,1.96,1.96,1.96,10100.0
2013-05-30,2.0,2.0,1.92,1.92,1.92,1800.0
2013-05-31,1.9,1.95,1.9,1.92,1.92,5700.0
2013-06-03,1.91,2.0,1.91,1.95,1.95,11000.0
2013-06-04,1.95,1.97,1.86,1.91,1.91,9500.0
2013-06-05,1.9,1.9,1.85,1.86,1.86,2400.0
2013-06-06,2.0,2.02,1.87,2.0,2.0,25700.0
2013-06-07,2.0,2.0,1.86,1.9,1.9,21500.0
2013-06-10,1.86,2.0,1.86,1.99,1.99,12200.0
2013-06-11,1.93,2.0,1.93,2.0,2.0,1900.0
2013-06-12,1.96,2.01,1.9,2.0,2.0,9900.0
2013-06-13,1.95,2.01,1.91,2.0,2.0,5600.0
2013-06-14,2.01,2.01,1.9,1.96,1.96,10400.0
2013-06-17,1.98,1.98,1.9,1.95,1.95,3300.0
2013-06-18,1.97,2.0,1.7,1.97,1.97,63400.0
2013-06-19,1.92,1.98,1.83,1.97,1.97,9000.0
2013-06-20,1.87,1.97,1.82,1.93,1.93,13900.0
2013-06-21,1.89,2.0,1.85,1.92,1.92,42300.0
2013-06-24,1.99,2.0,1.8,1.99,1.99,26200.0
2013-06-25,1.98,1.99,1.86,1.93,1.93,5500.0
2013-06-26,1.91,1.99,1.81,1.91,1.91,3400.0
2013-06-27,1.93,1.95,1.82,1.94,1.94,2300.0
2013-06-28,1.89,1.95,1.79,1.9,1.9,17300.0
2013-07-01,1.82,1.95,1.82,1.9,1.9,17000.0
2013-07-02,1.95,1.96,1.9,1.96,1.96,23200.0
2013-07-03,1.92,1.93,1.9,1.9,1.9,3000.0
2013-07-05,1.86,1.95,1.86,1.92,1.92,15300.0
2013-07-08,1.95,1.96,1.87,1.96,1.96,14000.0
2013-07-09,1.9,1.96,1.87,1.93,1.93,4200.0
2013-07-10,1.96,1.97,1.91,1.92,1.92,6600.0
2013-07-11,1.95,1.99,1.91,1.92,1.92,25700.0
2013-07-12,1.91,1.99,1.91,1.93,1.93,11700.0
2013-07-15,1.9,1.93,1.9,1.9,1.9,15700.0
2013-07-16,1.9,1.91,1.9,1.91,1.91,18200.0
2013-07-17,1.99,1.99,1.9,1.9,1.9,12300.0
2013-07-18,1.9,1.97,1.9,1.92,1.92,8100.0
2013-07-19,1.9,1.97,1.9,1.9,1.9,2600.0
2013-07-22,1.89,1.94,1.86,1.9,1.9,18200.0
2013-07-23,1.89,1.94,1.89,1.9,1.9,7200.0
2013-07-24,1.9,1.94,1.9,1.9,1.9,2000.0
2013-07-25,1.94,1.94,1.86,1.87,1.87,8300.0
2013-07-26,1.87,1.92,1.87,1.89,1.89,12200.0
2013-07-29,1.87,1.9,1.87,1.88,1.88,6600.0
2013-07-30,1.88,1.9,1.88,1.88,1.88,1600.0
2013-07-31,1.88,1.9,1.87,1.89,1.89,21100.0
2013-08-01,1.9,1.9,1.87,1.89,1.89,3400.0
2013-08-02,1.87,1.91,1.87,1.9,1.9,29100.0
2013-08-05,1.92,1.96,1.9,1.94,1.94,13100.0
2013-08-06,1.96,1.96,1.91,1.93,1.93,1900.0
2013-08-07,1.9,1.93,1.9,1.91,1.91,2500.0
2013-08-08,1.9,1.92,1.9,1.92,1.92,7000.0
2013-08-09,1.9,1.92,1.9,1.91,1.91,6800.0
2013-08-12,1.87,1.9,1.85,1.85,1.85,33600.0
2013-08-13,1.85,1.92,1.85,1.89,1.89,9700.0
2013-08-14,1.92,1.92,1.86,1.88,1.88,16400.0
2013-08-15,1.89,1.92,1.89,1.89,1.89,1100.0
2013-08-16,1.85,1.88,1.85,1.86,1.86,5500.0
2013-08-19,1.9,1.9,1.86,1.87,1.87,1300.0
2013-08-20,1.85,1.86,1.85,1.85,1.85,5800.0
2013-08-21,1.85,1.86,1.84,1.85,1.85,5000.0
2013-08-22,1.85,1.86,1.78,1.84,1.84,32900.0
2013-08-23,1.81,1.83,1.7,1.78,1.78,37600.0
2013-08-26,1.75,1.77,1.71,1.74,1.74,18600.0
2013-08-27,1.76,1.76,1.66,1.71,1.71,3900.0
2013-08-28,1.73,1.84,1.72,1.8,1.8,62000.0
2013-08-29,1.76,1.84,1.74,1.8,1.8,14700.0
2013-08-30,1.74,1.77,1.74,1.77,1.77,2100.0
2013-09-03,1.74,1.91,1.74,1.74,1.74,26000.0
2013-09-04,1.75,1.92,1.75,1.83,1.83,44900.0
2013-09-05,1.78,1.94,1.78,1.94,1.94,76900.0
2013-09-06,1.9,1.96,1.85,1.96,1.96,47000.0
2013-09-09,1.95,1.95,1.83,1.9,1.9,10000.0
2013-09-10,1.9,1.9,1.84,1.84,1.84,7300.0
2013-09-11,1.85,1.9,1.84,1.87,1.87,9500.0
2013-09-12,1.86,1.95,1.85,1.85,1.85,9200.0
2013-09-13,1.86,1.95,1.85,1.95,1.95,2300.0
2013-09-16,1.95,1.95,1.86,1.86,1.86,3300.0
2013-09-17,1.94,1.94,1.85,1.91,1.91,2500.0
2013-09-18,1.91,1.96,1.86,1.95,1.95,19800.0
2013-09-19,1.86,1.89,1.86,1.87,1.87,20000.0
2013-09-20,1.89,1.91,1.86,1.86,1.86,6700.0
2013-09-23,1.89,1.89,1.86,1.87,1.87,1600.0
2013-09-24,1.88,1.88,1.86,1.86,1.86,3500.0
2013-09-25,1.88,1.89,1.86,1.89,1.89,5700.0
2013-09-26,1.92,1.92,1.86,1.86,1.86,2000.0
2013-09-27,1.87,1.9,1.86,1.87,1.87,12100.0
2013-09-30,1.9,1.9,1.87,1.87,1.87,1800.0
2013-10-01,1.85,1.88,1.85,1.86,1.86,22800.0
2013-10-02,1.87,1.87,1.82,1.82,1.82,700.0
2013-10-03,1.83,1.84,1.83,1.83,1.83,7500.0
2013-10-04,1.86,1.88,1.84,1.88,1.88,19100.0
2013-10-07,1.83,1.83,1.83,1.83,1.83,5300.0
2013-10-08,1.82,1.89,1.73,1.84,1.84,12300.0
2013-10-09,1.82,1.84,1.82,1.84,1.84,700.0
2013-10-10,1.87,1.87,1.79,1.85,1.85,6500.0
2013-10-11,1.87,1.87,1.73,1.81,1.81,1700.0
2013-10-14,1.79,1.8,1.79,1.8,1.8,500.0
2013-10-15,1.77,1.8,1.77,1.8,1.8,4800.0
2013-10-16,1.8,1.82,1.8,1.8,1.8,8300.0
2013-10-17,1.75,1.82,1.74,1.74,1.74,10000.0
2013-10-18,1.73,1.74,1.65,1.69,1.69,16700.0
2013-10-21,1.73,1.73,1.73,1.73,1.73,9700.0
2013-10-22,1.73,1.78,1.73,1.76,1.76,3300.0
2013-10-23,1.86,1.89,1.78,1.78,1.78,21000.0
2013-10-24,1.79,1.82,1.74,1.74,1.74,13200.0
2013-10-25,1.69,1.83,1.69,1.75,1.75,12100.0
2013-10-28,1.78,1.79,1.75,1.75,1.75,2000.0
2013-10-29,1.75,1.82,1.75,1.81,1.81,5800.0
2013-10-30,1.8,1.81,1.77,1.77,1.77,8600.0
2013-10-31,1.75,1.75,1.75,1.75,1.75,2600.0
2013-11-01,1.75,1.77,1.75,1.77,1.77,7300.0
2013-11-04,1.74,1.77,1.71,1.73,1.73,9000.0
2013-11-05,1.74,1.75,1.74,1.74,1.74,2400.0
2013-11-06,1.78,1.79,1.71,1.71,1.71,3800.0
2013-11-07,1.7,1.76,1.69,1.71,1.71,3600.0
2013-11-08,1.74,1.74,1.66,1.7,1.7,6900.0
2013-11-11,1.68,1.68,1.62,1.64,1.64,16800.0
2013-11-12,1.67,1.67,1.65,1.65,1.65,4700.0
2013-11-13,1.63,1.66,1.6,1.66,1.66,14900.0
2013-11-14,1.64,1.64,1.6,1.63,1.63,7200.0
2013-11-15,1.6,1.6,1.51,1.52,1.52,17000.0
2013-11-18,1.57,1.6,1.57,1.59,1.59,6000.0
2013-11-19,1.57,1.59,1.53,1.54,1.54,800.0
2013-11-20,1.55,1.59,1.52,1.52,1.52,5300.0
2013-11-21,1.52,1.54,1.51,1.51,1.51,5000.0
2013-11-22,1.5,1.5,1.41,1.41,1.41,16000.0
2013-11-25,1.47,1.49,1.47,1.49,1.49,14000.0
2013-11-26,1.5,1.5,1.48,1.48,1.48,1700.0
2013-11-27,1.46,1.49,1.44,1.47,1.47,4600.0
2013-11-29,1.48,1.7,1.45,1.69,1.69,30700.0
2013-12-02,1.65,1.68,1.52,1.67,1.67,30300.0
2013-12-03,1.63,1.63,1.54,1.6,1.6,5700.0
2013-12-04,1.56,1.66,1.55,1.59,1.59,10400.0
2013-12-05,1.62,1.7,1.55,1.65,1.65,19200.0
2013-12-06,1.56,1.58,1.55,1.55,1.55,16200.0
2013-12-09,1.55,1.6,1.55,1.59,1.59,3600.0
2013-12-10,1.59,1.59,1.54,1.54,1.54,4000.0
2013-12-11,1.55,1.59,1.55,1.59,1.59,4000.0
2013-12-12,1.6,1.6,1.59,1.6,1.6,10600.0
2013-12-13,1.57,1.59,1.55,1.55,1.55,2700.0
2013-12-16,1.55,1.55,1.47,1.53,1.53,32900.0
2013-12-17,1.5,1.5,1.48,1.49,1.49,6400.0
2013-12-18,1.53,1.53,1.47,1.5,1.5,6000.0
2013-12-19,1.47,1.54,1.43,1.54,1.54,5000.0
2013-12-20,1.48,1.48,1.46,1.46,1.46,2800.0
2013-12-23,1.45,1.54,1.45,1.46,1.46,16600.0
2013-12-24,1.46,1.59,1.46,1.46,1.46,10300.0
2013-12-26,1.45,1.58,1.45,1.58,1.58,25100.0
2013-12-27,1.53,1.58,1.45,1.5,1.5,22600.0
2013-12-30,1.48,1.62,1.45,1.51,1.51,43200.0
2013-12-31,1.52,1.57,1.52,1.55,1.55,13800.0
2014-01-02,1.61,1.74,1.58,1.65,1.65,19700.0
2014-01-03,1.73,1.73,1.52,1.6,1.6,41600.0
2014-01-06,1.59,1.63,1.54,1.6,1.6,13200.0
2014-01-07,1.56,1.58,1.53,1.57,1.57,9500.0
2014-01-08,1.6,1.72,1.55,1.62,1.62,13400.0
2014-01-09,1.68,1.69,1.63,1.67,1.67,4400.0
2014-01-10,1.61,1.77,1.6,1.74,1.74,19800.0
2014-01-13,1.77,1.81,1.66,1.71,1.71,24600.0
2014-01-14,1.8,1.81,1.76,1.79,1.79,10300.0
2014-01-15,1.82,1.87,1.82,1.83,1.83,11100.0
2014-01-16,1.77,1.84,1.6,1.74,1.74,20800.0
2014-01-17,1.7,1.81,1.7,1.74,1.74,24300.0
2014-01-21,1.78,1.99,1.76,1.9,1.9,59100.0
2014-01-22,1.85,1.89,1.78,1.86,1.86,37000.0
2014-01-23,1.88,1.88,1.75,1.8,1.8,8000.0
2014-01-24,1.85,1.89,1.76,1.89,1.89,34700.0
2014-01-27,1.84,1.84,1.76,1.77,1.77,8500.0
2014-01-28,1.7,1.79,1.7,1.79,1.79,3400.0
2014-01-29,1.8,1.8,1.7,1.7,1.7,1800.0
2014-01-30,1.76,1.78,1.64,1.73,1.73,11000.0
2014-01-31,1.73,1.73,1.66,1.66,1.66,14700.0
2014-02-03,1.64,1.69,1.62,1.65,1.65,12700.0
2014-02-04,1.62,1.68,1.62,1.65,1.65,2200.0
2014-02-05,1.62,1.7,1.62,1.7,1.7,3700.0
2014-02-06,1.7,1.73,1.63,1.65,1.65,12600.0
2014-02-07,1.69,1.73,1.68,1.73,1.73,8100.0
2014-02-10,1.75,1.81,1.73,1.75,1.75,2300.0
2014-02-11,1.74,1.82,1.72,1.73,1.73,2800.0
2014-02-12,1.75,1.75,1.7,1.7,1.7,1800.0
2014-02-13,1.68,1.82,1.61,1.66,1.66,9700.0
2014-02-14,1.82,1.82,1.68,1.69,1.69,22500.0
2014-02-18,1.75,1.83,1.71,1.83,1.83,21800.0
2014-02-19,1.8,1.89,1.68,1.68,1.68,301800.0
2014-02-20,1.78,1.78,1.6,1.61,1.61,191200.0
2014-02-21,1.62,1.72,1.53,1.58,1.58,68200.0
2014-02-24,1.7,1.71,1.63,1.67,1.67,24000.0
2014-02-25,1.64,1.71,1.64,1.7,1.7,8300.0
2014-02-26,1.7,1.8,1.65,1.71,1.71,47500.0
2014-02-27,1.73,1.75,1.69,1.75,1.75,8400.0
2014-02-28,1.75,1.75,1.75,1.75,1.75,0.0
2014-03-03,1.71,1.71,1.68,1.71,1.71,10300.0
2014-03-04,1.7,1.71,1.68,1.69,1.69,8200.0
2014-03-05,1.68,1.73,1.68,1.73,1.73,30800.0
2014-03-06,1.77,1.77,1.64,1.64,1.64,29600.0
2014-03-07,1.64,1.76,1.62,1.7,1.7,76300.0
2014-03-10,1.69,1.73,1.64,1.73,1.73,10500.0
2014-03-11,1.67,1.75,1.63,1.73,1.73,71100.0
2014-03-12,1.65,1.74,1.65,1.72,1.72,13600.0
2014-03-13,1.68,1.74,1.53,1.54,1.54,170600.0
2014-03-14,1.62,1.62,1.55,1.6,1.6,13600.0
2014-03-17,1.6,1.6,1.56,1.6,1.6,19500.0
2014-03-18,1.56,1.64,1.56,1.59,1.59,82300.0
2014-03-19,1.63,1.64,1.55,1.59,1.59,61500.0
2014-03-20,1.56,1.56,1.54,1.56,1.56,8100.0
2014-03-21,1.58,1.61,1.54,1.54,1.54,9700.0
2014-03-24,1.6,1.6,1.51,1.55,1.55,42400.0
2014-03-25,1.56,1.67,1.55,1.67,1.67,298400.0
2014-03-26,1.68,1.69,1.54,1.55,1.55,175000.0
2014-03-27,1.55,1.58,1.54,1.57,1.57,62800.0
2014-03-28,1.57,1.63,1.53,1.6,1.6,39200.0
2014-03-31,1.65,2.1,1.56,1.96,1.96,1097600.0
2014-04-01,1.88,1.93,1.71,1.81,1.81,241000.0
2014-04-02,1.77,1.82,1.7,1.78,1.78,78600.0
2014-04-03,1.78,1.78,1.7,1.71,1.71,60700.0
2014-04-04,1.7,1.81,1.63,1.66,1.66,62000.0
2014-04-07,1.64,1.74,1.62,1.69,1.69,30100.0
2014-04-08,1.73,1.77,1.7,1.75,1.75,36200.0
2014-04-09,1.78,1.78,1.69,1.71,1.71,17800.0
2014-04-10,1.66,1.77,1.66,1.71,1.71,9100.0
2014-04-11,1.77,1.77,1.65,1.69,1.69,22600.0
2014-04-14,1.73,1.78,1.66,1.68,1.68,17900.0
2014-04-15,1.72,1.72,1.59,1.61,1.61,20900.0
2014-04-16,1.64,1.67,1.61,1.64,1.64,8200.0
2014-04-17,1.67,1.68,1.63,1.65,1.65,31200.0
2014-04-21,1.67,1.69,1.65,1.66,1.66,7200.0
2014-04-22,1.69,1.7,1.67,1.7,1.7,25800.0
2014-04-23,1.7,1.7,1.63,1.65,1.65,17200.0
2014-04-24,1.63,1.71,1.63,1.65,1.65,41100.0
2014-04-25,1.71,1.71,1.64,1.69,1.69,51500.0
2014-04-28,1.7,1.7,1.63,1.7,1.7,9000.0
2014-04-29,1.7,1.7,1.64,1.69,1.69,5600.0
2014-04-30,1.68,1.68,1.63,1.65,1.65,8900.0
2014-05-01,1.69,1.69,1.65,1.65,1.65,3100.0
2014-05-02,1.66,1.7,1.66,1.7,1.7,10500.0
2014-05-05,1.67,1.69,1.67,1.67,1.67,800.0
2014-05-06,1.7,1.71,1.65,1.65,1.65,14200.0
2014-05-07,1.68,1.73,1.65,1.65,1.65,2200.0
2014-05-08,1.71,1.71,1.59,1.64,1.64,33500.0
2014-05-09,1.62,1.64,1.59,1.6,1.6,7500.0
2014-05-12,1.58,1.59,1.56,1.57,1.57,24900.0
2014-05-13,1.56,1.56,1.52,1.54,1.54,36900.0
2014-05-14,1.52,1.54,1.5,1.51,1.51,14000.0
2014-05-15,1.54,1.59,1.52,1.59,1.59,18300.0
2014-05-16,1.5,1.5,1.15,1.15,1.15,188400.0
2014-05-19,1.35,1.49,1.23,1.29,1.29,192600.0
2014-05-20,1.35,1.42,1.32,1.35,1.35,20400.0
2014-05-21,1.37,1.4,1.35,1.36,1.36,36000.0
2014-05-22,1.36,1.39,1.3,1.32,1.32,11900.0
2014-05-23,1.36,1.4,1.32,1.35,1.35,16800.0
2014-05-27,1.32,1.35,1.31,1.31,1.31,19000.0
2014-05-28,1.35,1.35,1.29,1.31,1.31,8700.0
2014-05-29,1.3,1.32,1.29,1.29,1.29,10200.0
2014-05-30,1.3,1.35,1.3,1.34,1.34,9700.0
2014-06-02,1.37,1.37,1.34,1.34,1.34,3100.0
2014-06-03,1.37,1.38,1.36,1.37,1.37,10000.0
2014-06-04,1.38,1.38,1.36,1.37,1.37,2900.0
2014-06-05,1.36,1.37,1.27,1.27,1.27,25600.0
2014-06-06,1.3,1.33,1.3,1.31,1.31,29400.0
2014-06-09,1.31,1.33,1.23,1.25,1.25,56700.0
2014-06-10,1.28,1.28,1.2,1.2,1.2,63900.0
2014-06-11,1.21,1.28,1.21,1.25,1.25,10800.0
2014-06-12,1.28,1.3,1.26,1.29,1.29,23900.0
2014-06-13,1.29,1.31,1.24,1.31,1.31,12900.0
2014-06-16,1.28,1.28,1.24,1.27,1.27,17500.0
2014-06-17,1.25,1.29,1.24,1.27,1.27,13900.0
2014-06-18,1.24,1.27,1.22,1.24,1.24,21200.0
2014-06-19,1.21,1.25,1.21,1.21,1.21,18300.0
2014-06-20,1.21,1.26,1.21,1.26,1.26,20100.0
2014-06-23,1.26,1.27,1.22,1.27,1.27,1800.0
2014-06-24,1.21,1.25,1.21,1.23,1.23,9100.0
2014-06-25,1.21,1.23,1.16,1.19,1.19,24500.0
2014-06-26,1.16,1.22,1.16,1.21,1.21,24600.0
2014-06-27,1.22,1.24,1.18,1.22,1.22,35400.0
2014-06-30,1.22,1.25,1.22,1.22,1.22,5900.0
2014-07-01,1.18,1.23,1.18,1.19,1.19,10700.0
2014-07-02,1.19,1.22,1.19,1.19,1.19,5200.0
2014-07-03,1.21,1.23,1.19,1.2,1.2,25100.0
2014-07-07,1.19,1.28,1.19,1.23,1.23,73000.0
2014-07-08,1.25,1.39,1.25,1.31,1.31,50400.0
2014-07-09,1.31,1.32,1.29,1.3,1.3,27900.0
2014-07-10,1.27,1.35,1.27,1.35,1.35,68800.0
2014-07-11,1.36,1.46,1.36,1.45,1.45,121300.0
2014-07-14,1.42,1.46,1.4,1.42,1.42,18700.0
2014-07-15,1.42,1.43,1.34,1.4,1.4,25500.0
2014-07-16,1.38,1.45,1.38,1.45,1.45,3200.0
2014-07-17,1.45,1.45,1.36,1.36,1.36,16100.0
2014-07-18,1.41,1.41,1.36,1.37,1.37,3500.0
2014-07-21,1.39,1.39,1.31,1.35,1.35,92200.0
2014-07-22,1.36,1.41,1.33,1.4,1.4,72800.0
2014-07-23,1.43,1.43,1.4,1.43,1.43,2400.0
2014-07-24,1.43,1.45,1.34,1.37,1.37,33600.0
2014-07-25,1.4,1.41,1.37,1.41,1.41,6900.0
2014-07-28,1.41,1.41,1.37,1.4,1.4,6800.0
2014-07-29,1.38,1.39,1.35,1.39,1.39,10600.0
2014-07-30,1.34,1.38,1.34,1.38,1.38,2100.0
2014-07-31,1.35,1.39,1.34,1.36,1.36,10900.0
2014-08-01,1.3,1.38,1.25,1.27,1.27,38300.0
2014-08-04,1.27,1.33,1.22,1.33,1.33,44800.0
2014-08-05,1.33,1.33,1.32,1.32,1.32,5900.0
2014-08-06,1.33,1.35,1.3,1.31,1.31,4100.0
2014-08-07,1.29,1.35,1.24,1.29,1.29,6000.0
2014-08-08,1.24,1.29,1.22,1.22,1.22,18100.0
2014-08-11,1.35,1.35,1.21,1.23,1.23,24400.0
2014-08-12,1.28,1.28,1.23,1.23,1.23,10900.0
2014-08-13,1.23,1.23,1.21,1.22,1.22,2400.0
2014-08-14,1.28,1.34,1.2,1.23,1.23,27500.0
2014-08-15,1.27,1.27,1.24,1.27,1.27,3600.0
2014-08-18,1.32,1.33,1.2,1.21,1.21,15800.0
2014-08-19,1.3,1.3,1.21,1.21,1.21,40600.0
2014-08-20,1.25,1.28,1.23,1.28,1.28,9500.0
2014-08-21,1.23,1.3,1.21,1.22,1.22,14500.0
2014-08-22,1.21,1.22,1.2,1.21,1.21,13400.0
2014-08-25,1.21,1.33,1.21,1.27,1.27,17200.0
2014-08-26,1.21,1.29,1.21,1.24,1.24,26100.0
2014-08-27,1.27,1.27,1.24,1.25,1.25,18200.0
2014-08-28,1.26,1.26,1.23,1.23,1.23,6200.0
2014-08-29,1.23,1.3,1.21,1.28,1.28,32500.0
2014-09-02,1.25,1.28,1.24,1.28,1.28,15600.0
2014-09-03,1.28,1.29,1.27,1.29,1.29,6500.0
2014-09-04,1.28,1.3,1.28,1.3,1.3,5200.0
2014-09-05,1.28,1.38,1.28,1.35,1.35,99800.0
2014-09-08,1.29,1.32,1.27,1.27,1.27,8000.0
2014-09-09,1.31,1.35,1.27,1.28,1.28,39700.0
2014-09-10,1.28,1.35,1.28,1.35,1.35,13000.0
2014-09-11,1.35,1.38,1.34,1.34,1.34,37900.0
2014-09-12,1.35,1.36,1.29,1.3,1.3,17900.0
2014-09-15,1.3,1.32,1.25,1.29,1.29,12600.0
2014-09-16,1.28,1.32,1.28,1.32,1.32,11600.0
2014-09-17,1.26,1.32,1.26,1.31,1.31,7600.0
2014-09-18,1.3,1.32,1.25,1.31,1.31,3500.0
2014-09-19,1.29,1.37,1.26,1.37,1.37,25600.0
2014-09-22,1.35,1.35,1.29,1.32,1.32,9600.0
2014-09-23,1.34,1.38,1.26,1.31,1.31,42500.0
2014-09-24,1.31,1.37,1.31,1.35,1.35,4900.0
2014-09-25,1.32,1.73,1.26,1.5,1.5,599400.0
2014-09-26,1.57,1.57,1.34,1.41,1.41,100700.0
2014-09-29,1.34,1.39,1.3,1.32,1.32,39700.0
2014-09-30,1.37,1.37,1.3,1.33,1.33,22700.0
2014-10-01,1.3,1.34,1.24,1.32,1.32,37900.0
2014-10-02,1.28,1.34,1.24,1.31,1.31,17700.0
2014-10-03,1.24,1.33,1.23,1.31,1.31,53600.0
2014-10-06,1.34,1.35,1.3,1.33,1.33,31600.0
2014-10-07,1.25,1.33,1.25,1.28,1.28,4300.0
2014-10-08,1.31,1.31,1.2,1.29,1.29,45800.0
2014-10-09,1.23,1.31,1.23,1.26,1.26,9200.0
2014-10-10,1.29,1.29,1.24,1.25,1.25,9300.0
2014-10-13,1.25,1.29,1.24,1.26,1.26,15200.0
2014-10-14,1.26,1.28,1.22,1.28,1.28,6600.0
2014-10-15,1.28,1.28,1.21,1.23,1.23,14700.0
2014-10-16,1.26,1.28,1.24,1.27,1.27,9500.0
2014-10-17,1.24,1.27,1.24,1.25,1.25,5200.0
2014-10-20,1.24,1.27,1.24,1.24,1.24,1600.0
2014-10-21,1.23,1.27,1.21,1.23,1.23,26200.0
2014-10-22,1.23,1.27,1.23,1.27,1.27,5900.0
2014-10-23,1.26,1.26,1.2,1.24,1.24,9600.0
2014-10-24,1.23,1.28,1.21,1.24,1.24,31400.0
2014-10-27,1.27,1.29,1.2,1.24,1.24,11700.0
2014-10-28,1.25,1.32,1.21,1.24,1.24,25600.0
2014-10-29,1.25,1.25,1.21,1.22,1.22,20100.0
2014-10-30,1.23,1.32,1.2,1.26,1.26,30900.0
2014-10-31,1.3,1.3,1.17,1.22,1.22,22300.0
2014-11-03,1.26,1.26,1.23,1.24,1.24,14200.0
2014-11-04,1.27,1.27,1.21,1.23,1.23,11700.0
2014-11-05,1.24,1.24,1.21,1.21,1.21,7400.0
2014-11-06,1.2,1.2,1.17,1.18,1.18,4500.0
2014-11-07,1.16,1.2,1.16,1.18,1.18,15400.0
2014-11-10,1.19,1.22,1.19,1.21,1.21,13700.0
2014-11-11,1.2,1.21,1.2,1.2,1.2,2300.0
2014-11-12,1.2,1.2,1.18,1.18,1.18,11900.0
2014-11-13,1.18,1.18,1.15,1.18,1.18,9200.0
2014-11-14,1.18,1.2,1.17,1.19,1.19,4300.0
2014-11-17,1.23,1.23,1.12,1.12,1.12,39600.0
2014-11-18,1.14,1.15,1.12,1.14,1.14,6700.0
2014-11-19,1.15,1.15,1.11,1.14,1.14,7400.0
2014-11-20,1.14,1.14,1.04,1.07,1.07,34100.0
2014-11-21,1.05,1.07,1.03,1.04,1.04,20100.0
2014-11-24,1.04,1.13,1.03,1.05,1.05,41000.0
2014-11-25,1.09,1.1,1.06,1.08,1.08,38300.0
2014-11-26,1.06,1.19,1.06,1.11,1.11,61400.0
2014-11-28,1.08,1.18,1.08,1.1,1.1,9900.0
2014-12-01,1.08,1.2,1.08,1.15,1.15,11800.0
2014-12-02,1.1,1.18,1.1,1.11,1.11,12300.0
2014-12-03,1.1,1.14,1.1,1.11,1.11,13200.0
2014-12-04,1.11,1.19,1.08,1.08,1.08,15900.0
2014-12-05,1.1,1.18,1.1,1.16,1.16,23100.0
2014-12-08,1.18,1.18,1.09,1.1,1.1,8200.0
2014-12-09,1.16,1.16,1.12,1.12,1.12,900.0
2014-12-10,1.1,1.12,1.08,1.08,1.08,8600.0
2014-12-11,1.12,1.18,1.03,1.05,1.05,33800.0
2014-12-12,1.05,1.11,1.03,1.03,1.03,14700.0
2014-12-15,1.03,1.07,0.97,0.97,0.97,24400.0
2014-12-16,1.12,1.12,0.85,0.98,0.98,29000.0
2014-12-17,0.96,0.97,0.91,0.93,0.93,33100.0
2014-12-18,0.97,1.04,0.88,0.91,0.91,44200.0
2014-12-19,0.91,0.93,0.82,0.93,0.93,117900.0
2014-12-22,0.88,0.95,0.84,0.92,0.92,27800.0
2014-12-23,0.9,0.95,0.88,0.9,0.9,10600.0
2014-12-24,0.92,0.95,0.92,0.95,0.95,4100.0
2014-12-26,0.95,1.0,0.95,1.0,1.0,18000.0
2014-12-29,1.0,1.1,1.0,1.1,1.1,47900.0
2014-12-30,1.09,1.09,1.0,1.07,1.07,38500.0
2014-12-31,1.09,1.09,1.0,1.04,1.04,64500.0
2015-01-02,1.04,1.08,1.02,1.03,1.03,11700.0
2015-01-05,1.1,1.15,1.1,1.11,1.11,51100.0
2015-01-06,1.1,1.21,1.1,1.21,1.21,13700.0
2015-01-07,1.21,1.22,1.02,1.15,1.15,46400.0
2015-01-08,1.15,1.18,1.1,1.11,1.11,29600.0
2015-01-09,1.14,1.16,1.1,1.15,1.15,28500.0
2015-01-12,1.25,1.25,1.11,1.12,1.12,93000.0
2015-01-13,1.13,1.23,1.13,1.19,1.19,1100.0
2015-01-14,1.13,1.15,1.05,1.06,1.06,30200.0
2015-01-15,1.12,1.12,1.06,1.07,1.07,20700.0
2015-01-16,1.06,1.1,0.9,0.98,0.98,76800.0
2015-01-20,0.98,0.99,0.92,0.92,0.92,39000.0
2015-01-21,0.95,1.04,0.86,1.04,1.04,41700.0
2015-01-22,1.04,1.04,1.0,1.01,1.01,4500.0
2015-01-23,0.98,1.02,0.95,0.97,0.97,35300.0
2015-01-26,1.0,1.0,0.97,0.99,0.99,11000.0
2015-01-27,0.96,1.04,0.96,0.97,0.97,10400.0
2015-01-28,1.02,1.02,0.98,0.99,0.99,8700.0
2015-01-29,1.0,1.01,0.98,0.98,0.98,5600.0
2015-01-30,0.97,0.99,0.95,0.95,0.95,12400.0
2015-02-02,0.95,0.97,0.95,0.95,0.95,15400.0
2015-02-03,0.95,0.98,0.95,0.96,0.96,11400.0
2015-02-04,1.0,1.0,0.95,0.95,0.95,7500.0
2015-02-05,1.0,1.0,0.95,0.98,0.98,4100.0
2015-02-06,0.95,1.0,0.95,0.97,0.97,17800.0
2015-02-09,0.95,0.99,0.95,0.95,0.95,22800.0
2015-02-10,0.98,0.98,0.95,0.95,0.95,18100.0
2015-02-11,0.95,0.97,0.93,0.93,0.93,4900.0
2015-02-12,0.93,0.97,0.9,0.91,0.91,16800.0
2015-02-13,0.9,1.02,0.87,0.9,0.9,61100.0
2015-02-17,0.92,0.95,0.91,0.92,0.92,26200.0
2015-02-18,0.96,0.96,0.92,0.95,0.95,13700.0
2015-02-19,0.95,0.95,0.92,0.92,0.92,1200.0
2015-02-20,0.9,0.95,0.9,0.93,0.93,2400.0
2015-02-23,0.94,0.94,0.92,0.92,0.92,1200.0
2015-02-24,0.9,0.99,0.9,0.95,0.95,29800.0
2015-02-25,0.98,0.99,0.95,0.96,0.96,11600.0
2015-02-26,0.91,0.94,0.89,0.91,0.91,20600.0
2015-02-27,0.94,0.94,0.89,0.91,0.91,6100.0
2015-03-02,0.93,0.94,0.92,0.94,0.94,2800.0
2015-03-03,0.89,0.9,0.88,0.89,0.89,6400.0
2015-03-04,0.9,0.9,0.86,0.86,0.86,6600.0
2015-03-05,0.88,0.9,0.88,0.9,0.9,1700.0
2015-03-06,0.86,0.89,0.85,0.88,0.88,6200.0
2015-03-09,0.85,0.85,0.8,0.8,0.8,29800.0
2015-03-10,0.89,0.89,0.81,0.81,0.81,6100.0
2015-03-11,0.86,0.86,0.81,0.84,0.84,8200.0
2015-03-12,0.8,0.82,0.78,0.82,0.82,9500.0
2015-03-13,0.82,0.82,0.77,0.81,0.81,35100.0
2015-03-16,0.8,0.8,0.76,0.77,0.77,8200.0
2015-03-17,0.8,0.81,0.75,0.75,0.75,24400.0
2015-03-18,0.8,0.8,0.75,0.76,0.76,6300.0
2015-03-19,0.75,0.78,0.74,0.77,0.77,11600.0
2015-03-20,0.77,0.77,0.7,0.71,0.71,48900.0
2015-03-23,0.71,0.78,0.71,0.75,0.75,5600.0
2015-03-24,0.75,0.77,0.75,0.75,0.75,1200.0
2015-03-25,0.75,0.78,0.74,0.78,0.78,17100.0
2015-03-26,0.75,0.94,0.75,0.9,0.9,70000.0
2015-03-27,0.84,0.85,0.79,0.84,0.84,14000.0
2015-03-30,0.85,0.93,0.74,0.82,0.82,11500.0
2015-03-31,0.76,0.8,0.76,0.79,0.79,14000.0
2015-04-01,0.83,0.85,0.77,0.81,0.81,8000.0
2015-04-02,0.8,0.8,0.75,0.79,0.79,14200.0
2015-04-06,0.74,0.75,0.72,0.74,0.74,8300.0
2015-04-07,0.73,0.8,0.73,0.78,0.78,8900.0
2015-04-08,0.73,0.77,0.73,0.77,0.77,12700.0
2015-04-09,0.76,0.76,0.74,0.76,0.76,7800.0
2015-04-10,0.73,0.78,0.73,0.73,0.73,600.0
2015-04-13,0.76,0.78,0.73,0.73,0.73,2000.0
2015-04-14,0.73,0.73,0.71,0.73,0.73,15300.0
2015-04-15,0.7,0.75,0.7,0.75,0.75,12600.0
2015-04-16,0.75,0.76,0.71,0.73,0.73,6400.0
2015-04-17,0.7,0.72,0.66,0.67,0.67,19200.0
2015-04-20,0.67,0.71,0.67,0.7,0.7,3400.0
2015-04-21,0.7,0.72,0.7,0.7,0.7,8300.0
2015-04-22,0.67,0.67,0.67,0.67,0.67,400.0
2015-04-23,0.69,0.7,0.67,0.7,0.7,6300.0
2015-04-24,0.7,0.7,0.67,0.67,0.67,4500.0
2015-04-27,0.65,0.68,0.62,0.66,0.66,12900.0
2015-04-28,0.68,0.68,0.61,0.65,0.65,19900.0
2015-04-29,0.63,0.66,0.58,0.64,0.64,39300.0
2015-04-30,0.64,0.66,0.61,0.61,0.61,1600.0
2015-05-01,0.69,0.71,0.69,0.69,0.69,49000.0
2015-05-04,0.66,0.68,0.64,0.66,0.66,2900.0
2015-05-05,0.59,0.71,0.59,0.65,0.65,13300.0
2015-05-06,0.64,0.64,0.64,0.64,0.64,2100.0
2015-05-07,0.61,0.65,0.61,0.65,0.65,17600.0
2015-05-08,0.64,0.72,0.64,0.69,0.69,900.0
2015-05-11,0.62,0.69,0.62,0.63,0.63,10100.0
2015-05-12,0.65,0.68,0.61,0.65,0.65,21600.0
2015-05-13,0.6,0.67,0.6,0.63,0.63,17200.0
2015-05-14,0.66,0.67,0.61,0.61,0.61,6700.0
2015-05-15,0.65,0.67,0.65,0.67,0.67,6100.0
2015-05-18,0.7,0.7,0.65,0.65,0.65,9700.0
2015-05-19,0.66,0.69,0.65,0.65,0.65,2800.0
2015-05-20,0.7,0.7,0.66,0.67,0.67,8400.0
2015-05-21,0.67,0.67,0.67,0.67,0.67,200.0
2015-05-22,0.65,0.69,0.65,0.69,0.69,4400.0
2015-05-26,0.62,0.69,0.62,0.68,0.68,6300.0
2015-05-27,0.7,0.7,0.63,0.68,0.68,1700.0
2015-05-28,0.64,0.64,0.63,0.63,0.63,1800.0
2015-05-29,0.64,0.65,0.63,0.65,0.65,1400.0
2015-06-01,0.66,0.68,0.63,0.63,0.63,2500.0
2015-06-02,0.69,0.69,0.64,0.67,0.67,2900.0
2015-06-03,0.69,0.69,0.65,0.65,0.65,1300.0
2015-06-04,0.65,0.7,0.65,0.68,0.68,18800.0
2015-06-05,0.7,0.7,0.67,0.67,0.67,22700.0
2015-06-08,0.7,0.7,0.7,0.7,0.7,11300.0
2015-06-09,0.7,0.7,0.67,0.7,0.7,9700.0
2015-06-10,0.69,0.73,0.68,0.68,0.68,8700.0
2015-06-11,0.7,0.7,0.68,0.68,0.68,13700.0
2015-06-12,0.7,0.7,0.69,0.7,0.7,17400.0
2015-06-15,0.73,0.73,0.66,0.7,0.7,11800.0
2015-06-16,0.7,0.7,0.65,0.65,0.65,31700.0
2015-06-17,0.69,0.7,0.66,0.66,0.66,4900.0
2015-06-18,0.67,0.69,0.67,0.67,0.67,9400.0
2015-06-19,0.69,0.7,0.65,0.69,0.69,14300.0
2015-06-22,0.67,0.68,0.6,0.68,0.68,15600.0
2015-06-23,0.66,0.68,0.65,0.66,0.66,6500.0
2015-06-24,0.63,0.66,0.62,0.63,0.63,21200.0
2015-06-25,0.63,0.7,0.63,0.64,0.64,9300.0
2015-06-26,0.68,0.73,0.67,0.71,0.71,91100.0
2015-06-29,0.63,0.69,0.63,0.68,0.68,17900.0
2015-06-30,0.68,0.7,0.65,0.69,0.69,14900.0
2015-07-01,0.68,0.69,0.64,0.64,0.64,10200.0
2015-07-02,0.67,0.69,0.67,0.67,0.67,25900.0
2015-07-06,0.7,0.7,0.64,0.68,0.68,24700.0
2015-07-07,0.67,0.68,0.65,0.65,0.65,4800.0
2015-07-08,0.7,0.89,0.69,0.74,0.74,521900.0
2015-07-09,0.73,0.79,0.66,0.66,0.66,140600.0
2015-07-10,0.67,0.7,0.67,0.7,0.7,16800.0
2015-07-13,0.67,0.7,0.65,0.65,0.65,23000.0
2015-07-14,0.65,0.72,0.65,0.72,0.72,111800.0
2015-07-15,0.69,0.72,0.66,0.7,0.7,5500.0
2015-07-16,0.66,0.7,0.61,0.63,0.63,58300.0
2015-07-17,0.64,0.66,0.61,0.65,0.65,24500.0
2015-07-20,0.67,0.68,0.65,0.65,0.65,23100.0
2015-07-21,0.65,0.67,0.65,0.66,0.66,16500.0
2015-07-22,0.67,0.68,0.67,0.68,0.68,1500.0
2015-07-23,0.68,0.68,0.65,0.67,0.67,4300.0
2015-07-24,0.65,0.68,0.64,0.64,0.64,5600.0
2015-07-27,0.65,0.65,0.64,0.65,0.65,6400.0
2015-07-28,0.65,0.67,0.65,0.65,0.65,5800.0
2015-07-29,0.65,0.65,0.64,0.65,0.65,11400.0
2015-07-30,0.67,0.67,0.64,0.66,0.66,4000.0
2015-07-31,0.66,0.67,0.65,0.65,0.65,13800.0
2015-08-03,0.67,0.67,0.64,0.64,0.64,300.0
2015-08-04,0.64,0.67,0.64,0.67,0.67,8500.0
2015-08-05,0.67,0.68,0.66,0.68,0.68,3000.0
2015-08-06,0.66,0.73,0.65,0.66,0.66,25600.0
2015-08-07,0.69,0.69,0.68,0.68,0.68,1400.0
2015-08-10,0.65,0.68,0.64,0.65,0.65,8700.0
2015-08-11,0.92,3.9,0.92,1.7,1.7,6506300.0
2015-08-12,1.77,1.79,1.05,1.15,1.15,2946400.0
2015-08-13,1.01,1.33,1.01,1.04,1.04,406900.0
2015-08-14,1.05,1.59,0.96,1.26,1.26,4713100.0
2015-08-17,1.2,1.25,1.05,1.15,1.15,773400.0
2015-08-18,1.13,1.15,1.08,1.1,1.1,206600.0
2015-08-19,1.13,1.13,0.96,1.07,1.07,223000.0
2015-08-20,1.04,1.15,1.0,1.06,1.06,241500.0
2015-08-21,1.03,1.06,0.97,1.04,1.04,195900.0
2015-08-24,0.96,1.03,0.95,1.03,1.03,121000.0
2015-08-25,1.01,1.93,1.0,1.28,1.28,11136000.0
2015-08-26,1.32,1.92,1.32,1.81,1.81,19228200.0
2015-08-27,2.28,2.91,2.03,2.34,2.34,15162900.0
2015-08-28,2.08,2.24,1.59,1.67,1.67,2645900.0
2015-08-31,1.63,1.7,1.34,1.35,1.35,1480300.0
2015-09-01,1.36,1.99,1.35,1.85,1.85,5252200.0
2015-09-02,1.77,1.84,1.52,1.67,1.67,3118300.0
2015-09-03,1.61,1.74,1.54,1.73,1.73,1392000.0
2015-09-04,1.71,1.86,1.57,1.58,1.58,1491200.0
2015-09-08,1.67,1.78,1.58,1.63,1.63,1480000.0
2015-09-09,1.66,1.69,1.53,1.55,1.55,634700.0
2015-09-10,1.54,1.59,1.42,1.45,1.45,460700.0
2015-09-11,1.45,1.53,1.41,1.43,1.43,327700.0
2015-09-14,1.45,1.55,1.43,1.53,1.53,439100.0
2015-09-15,1.53,1.85,1.51,1.73,1.73,2859900.0
2015-09-16,1.82,1.94,1.59,1.6,1.6,2558300.0
2015-09-17,1.56,1.6,1.49,1.55,1.55,492500.0
2015-09-18,1.5,1.65,1.5,1.58,1.58,591400.0
2015-09-21,1.6,1.74,1.52,1.7,1.7,1515000.0
2015-09-22,1.69,1.7,1.61,1.64,1.64,319300.0
2015-09-23,1.7,1.7,1.54,1.59,1.59,381900.0
2015-09-24,1.58,1.67,1.55,1.64,1.64,473500.0
2015-09-25,1.63,1.7,1.45,1.49,1.49,730700.0
2015-09-28,1.54,1.54,1.4,1.43,1.43,304600.0
2015-09-29,1.42,1.48,1.4,1.4,1.4,207100.0
2015-09-30,1.44,1.46,1.32,1.36,1.36,225100.0
2015-10-01,1.38,1.39,1.24,1.27,1.27,348600.0
2015-10-02,1.25,1.29,1.16,1.21,1.21,271800.0
2015-10-05,1.21,1.34,1.21,1.3,1.3,217700.0
2015-10-06,1.33,1.37,1.22,1.27,1.27,134800.0
2015-10-07,1.27,1.3,1.23,1.24,1.24,101400.0
2015-10-08,1.26,1.32,1.24,1.27,1.27,113700.0
2015-10-09,1.31,1.36,1.25,1.32,1.32,219900.0
2015-10-12,1.37,1.37,1.27,1.28,1.28,68100.0
2015-10-13,1.3,1.34,1.25,1.3,1.3,89300.0
2015-10-14,1.3,1.35,1.26,1.27,1.27,43400.0
2015-10-15,1.28,1.34,1.27,1.33,1.33,65300.0
2015-10-16,1.3,1.35,1.28,1.31,1.31,47700.0
2015-10-19,1.29,1.33,1.27,1.27,1.27,38800.0
2015-10-20,1.29,1.32,1.17,1.2,1.2,123300.0
2015-10-21,1.19,1.31,1.17,1.18,1.18,325600.0
2015-10-22,1.19,1.24,1.12,1.15,1.15,77500.0
2015-10-23,1.13,1.16,1.08,1.11,1.11,62400.0
2015-10-26,1.14,1.15,1.1,1.13,1.13,27500.0
2015-10-27,1.14,1.2,1.08,1.18,1.18,105400.0
2015-10-28,1.2,1.26,1.18,1.21,1.21,191000.0
2015-10-29,1.25,1.3,1.19,1.22,1.22,63900.0
2015-10-30,1.24,1.24,1.19,1.21,1.21,35700.0
2015-11-02,1.2,1.23,1.16,1.21,1.21,55300.0
2015-11-03,1.16,1.22,1.16,1.19,1.19,50700.0
2015-11-04,1.19,1.26,1.19,1.23,1.23,68200.0
2015-11-05,1.25,1.61,1.24,1.54,1.54,983400.0
2015-11-06,1.55,1.79,1.5,1.55,1.55,1100200.0
2015-11-09,1.5,1.68,1.41,1.42,1.42,323200.0
2015-11-10,1.38,1.45,1.33,1.38,1.38,186400.0
2015-11-11,1.4,1.42,1.3,1.3,1.3,73300.0
2015-11-12,1.28,1.5,1.26,1.4,1.4,205600.0
2015-11-13,1.39,1.43,1.35,1.37,1.37,37100.0
2015-11-16,1.38,1.41,1.3,1.4,1.4,38600.0
2015-11-17,1.43,1.43,1.38,1.38,1.38,13000.0
2015-11-18,1.39,1.42,1.34,1.34,1.34,20300.0
2015-11-19,1.32,1.45,1.32,1.42,1.42,63400.0
2015-11-20,1.39,1.59,1.39,1.45,1.45,195600.0
2015-11-23,1.48,1.67,1.44,1.48,1.48,537100.0
2015-11-24,1.5,1.54,1.42,1.42,1.42,82400.0
2015-11-25,1.45,1.52,1.43,1.44,1.44,146600.0
2015-11-27,1.47,1.55,1.44,1.51,1.51,58300.0
2015-11-30,1.5,1.54,1.48,1.5,1.5,31300.0
2015-12-01,1.48,1.62,1.48,1.55,1.55,109600.0
2015-12-02,1.55,1.62,1.5,1.54,1.54,160800.0
2015-12-03,1.54,1.57,1.5,1.52,1.52,63600.0
2015-12-04,1.56,1.6,1.48,1.54,1.54,69500.0
2015-12-07,1.54,1.74,1.53,1.71,1.71,699900.0
2015-12-08,1.62,1.8,1.55,1.6,1.6,314100.0
2015-12-09,1.72,1.72,1.6,1.66,1.66,181600.0
2015-12-10,1.73,1.73,1.64,1.68,1.68,171500.0
2015-12-11,1.69,1.69,1.64,1.65,1.65,60100.0
2015-12-14,1.68,1.74,1.64,1.67,1.67,141800.0
2015-12-15,1.69,1.69,1.43,1.49,1.49,136800.0
2015-12-16,1.61,1.66,1.52,1.55,1.55,99600.0
2015-12-17,1.52,1.58,1.52,1.52,1.52,34800.0
2015-12-18,1.52,1.58,1.5,1.58,1.58,35100.0
2015-12-21,1.54,1.57,1.48,1.53,1.53,82300.0
2015-12-22,1.52,1.53,1.48,1.48,1.48,10400.0
2015-12-23,1.51,1.54,1.49,1.5,1.5,84400.0
2015-12-24,1.53,1.53,1.45,1.5,1.5,15700.0
2015-12-28,1.5,1.54,1.33,1.43,1.43,146700.0
2015-12-29,1.5,1.51,1.4,1.46,1.46,87600.0
2015-12-30,1.49,1.5,1.45,1.48,1.48,25700.0
2015-12-31,1.49,1.49,1.41,1.48,1.48,14900.0
2016-01-04,1.51,1.52,1.41,1.43,1.43,21800.0
2016-01-05,1.4,1.47,1.35,1.35,1.35,66800.0
2016-01-06,1.32,1.44,1.31,1.35,1.35,81900.0
2016-01-07,1.42,1.42,1.35,1.35,1.35,129600.0
2016-01-08,1.35,1.36,1.32,1.35,1.35,23800.0
2016-01-11,1.33,1.38,1.31,1.31,1.31,20300.0
2016-01-12,1.31,1.33,1.31,1.33,1.33,19400.0
2016-01-13,1.31,1.34,1.26,1.3,1.3,64400.0
2016-01-14,1.27,1.35,1.22,1.22,1.22,96600.0
2016-01-15,1.22,1.22,1.07,1.15,1.15,86400.0
2016-01-19,1.16,1.5,1.16,1.3,1.3,284400.0
2016-01-20,1.3,1.39,1.22,1.26,1.26,25700.0
2016-01-21,1.24,1.39,1.21,1.25,1.25,46100.0
2016-01-22,1.28,1.38,1.18,1.2,1.2,208300.0
2016-01-25,1.21,1.27,1.19,1.22,1.22,14300.0
2016-01-26,1.22,1.28,1.22,1.27,1.27,24700.0
2016-01-27,1.26,1.29,1.25,1.25,1.25,61500.0
2016-01-28,1.25,1.28,1.25,1.26,1.26,56400.0
2016-01-29,1.28,1.37,1.26,1.26,1.26,84000.0
2016-02-01,1.27,1.27,1.16,1.25,1.25,58200.0
2016-02-02,1.25,1.27,1.12,1.21,1.21,200100.0
2016-02-03,1.23,1.28,1.14,1.19,1.19,101700.0
2016-02-04,1.18,1.25,1.16,1.21,1.21,7600.0
2016-02-05,1.19,1.28,1.18,1.21,1.21,27000.0
2016-02-08,1.22,1.24,1.18,1.18,1.18,19200.0
2016-02-09,1.18,1.2,1.15,1.19,1.19,5100.0
2016-02-10,1.3,1.3,1.19,1.19,1.19,85500.0
2016-02-11,1.25,1.27,1.2,1.26,1.26,113500.0
2016-02-12,1.3,1.3,1.24,1.29,1.29,59400.0
2016-02-16,1.3,1.37,1.3,1.37,1.37,28000.0
2016-02-17,1.38,1.49,1.38,1.48,1.48,26400.0
2016-02-18,1.46,1.56,1.38,1.43,1.43,43400.0
2016-02-19,1.4,1.44,1.4,1.41,1.41,20800.0
2016-02-22,1.43,1.52,1.39,1.47,1.47,55400.0
2016-02-23,1.48,1.54,1.43,1.47,1.47,18200.0
2016-02-24,1.48,1.5,1.46,1.47,1.47,5600.0
2016-02-25,1.48,1.49,1.42,1.44,1.44,6300.0
2016-02-26,1.44,1.49,1.35,1.42,1.42,28100.0
2016-02-29,1.43,1.49,1.43,1.43,1.43,14700.0
2016-03-01,1.43,1.49,1.4,1.43,1.43,39200.0
2016-03-02,1.43,1.47,1.41,1.44,1.44,4800.0
2016-03-03,1.49,1.49,1.44,1.49,1.49,69800.0
2016-03-04,1.46,1.46,1.43,1.44,1.44,16200.0
2016-03-07,1.41,1.45,1.35,1.39,1.39,41500.0
2016-03-08,1.41,1.45,1.4,1.4,1.4,10000.0
2016-03-09,1.41,1.41,1.34,1.39,1.39,11200.0
2016-03-10,1.37,1.43,1.37,1.39,1.39,2300.0
2016-03-11,1.42,1.42,1.36,1.38,1.38,3900.0
2016-03-14,1.38,1.38,1.27,1.34,1.34,31000.0
2016-03-15,1.33,1.39,1.33,1.33,1.33,53100.0
2016-03-16,1.32,1.37,1.3,1.32,1.32,13500.0
2016-03-17,1.32,1.37,1.29,1.31,1.31,12600.0
2016-03-18,1.33,1.36,1.3,1.33,1.33,7900.0
2016-03-21,1.36,1.39,1.25,1.33,1.33,51300.0
2016-03-22,1.32,1.36,1.26,1.27,1.27,15400.0
2016-03-23,1.28,1.35,1.26,1.29,1.29,7300.0
2016-03-24,1.32,1.32,1.28,1.32,1.32,5000.0
2016-03-28,1.34,1.37,1.21,1.22,1.22,102000.0
2016-03-29,1.22,1.31,1.22,1.23,1.23,33700.0
2016-03-30,1.29,1.32,1.25,1.28,1.28,16900.0
2016-03-31,1.31,1.34,1.26,1.29,1.29,36800.0
2016-04-01,1.27,1.33,1.26,1.28,1.28,15000.0
2016-04-04,1.26,1.33,1.26,1.31,1.31,9300.0
2016-04-05,1.34,1.34,1.31,1.32,1.32,4500.0
2016-04-06,1.33,1.33,1.21,1.25,1.25,130000.0
2016-04-07,1.22,1.32,1.22,1.31,1.31,63900.0
2016-04-08,1.27,1.32,1.23,1.25,1.25,73600.0
2016-04-11,1.25,1.29,1.25,1.28,1.28,8700.0
2016-04-12,1.29,1.3,1.27,1.28,1.28,7800.0
2016-04-13,1.27,1.33,1.27,1.3,1.3,17600.0
2016-04-14,1.27,1.31,1.27,1.3,1.3,2300.0
2016-04-15,1.31,1.33,1.29,1.29,1.29,11700.0
2016-04-18,1.3,1.49,1.3,1.4,1.4,301400.0
2016-04-19,1.44,1.48,1.4,1.46,1.46,67000.0
2016-04-20,1.46,1.49,1.4,1.44,1.44,62800.0
2016-04-21,1.42,1.48,1.41,1.48,1.48,26600.0
2016-04-22,1.45,1.45,1.35,1.41,1.41,31700.0
2016-04-25,1.4,1.41,1.3,1.33,1.33,21000.0
2016-04-26,1.33,1.39,1.31,1.33,1.33,32100.0
2016-04-27,1.35,1.38,1.32,1.33,1.33,14500.0
2016-04-28,1.34,1.38,1.3,1.35,1.35,24200.0
2016-04-29,1.37,1.37,1.32,1.32,1.32,10100.0
2016-05-02,1.33,1.33,1.28,1.28,1.28,32200.0
2016-05-03,1.38,1.39,1.3,1.32,1.32,3500.0
2016-05-04,1.3,1.33,1.3,1.32,1.32,2600.0
2016-05-05,1.34,1.34,1.27,1.32,1.32,8200.0
2016-05-06,1.31,1.34,1.3,1.34,1.34,2800.0
2016-05-09,1.36,1.37,1.26,1.36,1.36,11700.0
2016-05-10,1.32,1.36,1.27,1.3,1.3,8000.0
2016-05-11,1.27,1.31,1.27,1.29,1.29,33500.0
2016-05-12,1.28,1.31,1.27,1.27,1.27,19500.0
2016-05-13,1.31,1.31,1.27,1.31,1.31,39400.0
2016-05-16,1.31,1.36,1.28,1.34,1.34,26300.0
2016-05-17,1.31,1.31,1.27,1.29,1.29,52800.0
2016-05-18,1.26,1.3,1.24,1.24,1.24,34000.0
2016-05-19,1.26,1.29,1.21,1.21,1.21,18400.0
2016-05-20,1.29,1.29,1.23,1.23,1.23,42700.0
2016-05-23,1.24,1.29,1.2,1.2,1.2,15800.0
2016-05-24,1.21,1.27,1.21,1.24,1.24,21700.0
2016-05-25,1.22,1.29,1.2,1.24,1.24,13000.0
2016-05-26,1.24,1.27,1.21,1.27,1.27,4800.0
2016-05-27,1.23,1.29,1.21,1.27,1.27,14800.0
2016-05-31,1.24,1.26,1.23,1.24,1.24,6800.0
2016-06-01,1.23,1.6,1.23,1.31,1.31,334400.0
2016-06-02,1.28,1.3,1.25,1.26,1.26,21900.0
2016-06-03,1.23,1.31,1.23,1.26,1.26,38800.0
2016-06-06,1.35,1.4,1.23,1.27,1.27,51800.0
2016-06-07,1.27,1.34,1.26,1.32,1.32,5000.0
2016-06-08,1.33,1.41,1.26,1.31,1.31,186700.0
2016-06-09,1.32,1.33,1.27,1.31,1.31,30700.0
2016-06-10,1.3,1.35,1.29,1.32,1.32,10700.0
2016-06-13,1.32,1.32,1.24,1.24,1.24,37900.0
2016-06-14,1.25,1.32,1.25,1.25,1.25,36700.0
2016-06-15,1.29,1.29,1.21,1.21,1.21,7700.0
2016-06-16,1.25,1.3,1.24,1.25,1.25,7900.0
2016-06-17,1.23,1.3,1.22,1.22,1.22,48900.0
2016-06-20,1.22,1.28,1.22,1.25,1.25,8800.0
2016-06-21,1.25,1.3,1.22,1.24,1.24,59600.0
2016-06-22,1.3,1.3,1.23,1.26,1.26,19700.0
2016-06-23,1.25,1.27,1.23,1.24,1.24,10000.0
2016-06-24,1.23,1.27,1.21,1.24,1.24,65100.0
2016-06-27,1.26,1.28,1.22,1.23,1.23,22200.0
2016-06-28,1.25,1.25,1.24,1.24,1.24,1400.0
2016-06-29,,,,,,
2016-06-30,1.18,1.23,1.18,1.18,1.18,14000.0
2016-07-01,1.18,1.23,1.15,1.2,1.2,18100.0
2016-07-05,1.17,1.28,1.02,1.15,1.15,178100.0
2016-07-06,2.05,2.11,1.46,1.59,1.59,2966000.0
2016-07-07,1.5,1.51,1.36,1.45,1.45,290700.0
2016-07-08,1.44,1.44,1.31,1.33,1.33,153600.0
2016-07-11,1.32,1.44,1.31,1.33,1.33,159100.0
2016-07-12,1.35,1.37,1.32,1.33,1.33,72800.0
2016-07-13,1.31,1.4,1.31,1.35,1.35,50600.0
2016-07-14,1.35,1.36,1.32,1.34,1.34,27200.0
2016-07-15,1.36,1.39,1.31,1.35,1.35,41100.0
2016-07-18,1.35,1.4,1.34,1.37,1.37,87500.0
2016-07-19,1.4,1.45,1.38,1.4,1.4,150600.0
2016-07-20,1.39,1.44,1.39,1.4,1.4,132000.0
2016-07-21,1.42,1.56,1.4,1.53,1.53,124500.0
2016-07-22,1.52,1.56,1.48,1.56,1.56,307500.0
2016-07-25,1.56,1.66,1.56,1.6,1.6,517300.0
2016-07-26,1.64,1.65,1.59,1.62,1.62,38800.0
2016-07-27,1.64,1.65,1.47,1.59,1.59,63200.0
2016-07-28,1.58,1.59,1.45,1.53,1.53,74300.0
2016-07-29,1.48,1.56,1.47,1.48,1.48,70300.0
2016-08-01,1.5,1.55,1.5,1.53,1.53,36400.0
2016-08-02,1.53,1.53,1.5,1.5,1.5,27100.0
2016-08-03,1.52,1.52,1.5,1.5,1.5,75100.0
2016-08-04,1.52,1.55,1.5,1.53,1.53,43500.0
2016-08-05,1.53,1.59,1.53,1.56,1.56,62900.0
2016-08-08,1.39,1.52,1.3,1.46,1.46,135900.0
2016-08-09,1.42,1.53,1.4,1.5,1.5,25900.0
2016-08-10,1.47,1.53,1.47,1.51,1.51,17400.0
2016-08-11,1.51,1.55,1.51,1.53,1.53,13300.0
2016-08-12,1.52,1.56,1.52,1.53,1.53,4900.0
2016-08-15,1.4,1.54,1.36,1.51,1.51,193300.0
2016-08-16,1.51,1.51,1.48,1.51,1.51,20300.0
2016-08-17,1.5,1.53,1.49,1.5,1.5,28900.0
2016-08-18,1.48,1.62,1.48,1.57,1.57,108200.0
2016-08-19,1.59,1.62,1.54,1.61,1.61,77500.0
2016-08-22,1.6,1.65,1.6,1.65,1.65,108900.0
2016-08-23,1.65,1.65,1.59,1.65,1.65,44600.0
2016-08-24,1.64,1.64,1.54,1.61,1.61,35700.0
2016-08-25,1.6,1.75,1.58,1.63,1.63,153500.0
2016-08-26,1.65,1.68,1.57,1.57,1.57,47600.0
2016-08-29,1.57,1.65,1.57,1.6,1.6,36800.0
2016-08-30,1.62,1.66,1.6,1.6,1.6,13200.0
2016-08-31,1.58,1.59,1.55,1.59,1.59,13100.0
2016-09-01,1.58,1.6,1.57,1.57,1.57,7600.0
2016-09-02,1.58,1.65,1.56,1.64,1.64,49100.0
2016-09-06,1.65,1.66,1.55,1.63,1.63,50700.0
2016-09-07,1.63,1.63,1.56,1.56,1.56,45600.0
2016-09-08,1.63,1.67,1.49,1.53,1.53,79300.0
2016-09-09,1.53,1.6,1.48,1.5,1.5,240300.0
2016-09-12,1.5,1.56,1.5,1.54,1.54,36200.0
2016-09-13,1.56,1.56,1.46,1.53,1.53,52400.0
2016-09-14,1.53,1.56,1.44,1.53,1.53,22600.0
2016-09-15,1.5,1.56,1.39,1.53,1.53,51700.0
2016-09-16,1.5,1.53,1.45,1.52,1.52,18500.0
2016-09-19,1.5,1.5,1.46,1.49,1.49,8100.0
2016-09-20,1.47,1.5,1.39,1.41,1.41,28300.0
2016-09-21,1.38,1.5,1.38,1.45,1.45,73100.0
2016-09-22,1.48,1.51,1.45,1.51,1.51,9900.0
2016-09-23,1.51,1.57,1.45,1.57,1.57,27900.0
2016-09-26,1.5,1.56,1.41,1.51,1.51,96300.0
2016-09-27,1.48,1.5,1.45,1.45,1.45,16400.0
2016-09-28,1.5,1.5,1.45,1.45,1.45,14900.0
2016-09-29,1.47,1.5,1.45,1.5,1.5,10500.0
2016-09-30,1.51,1.51,1.42,1.49,1.49,36400.0
2016-10-03,1.49,1.51,1.42,1.46,1.46,143300.0
2016-10-04,1.42,1.48,1.41,1.44,1.44,142900.0
2016-10-05,1.43,1.43,1.35,1.43,1.43,76000.0
2016-10-06,1.41,1.41,1.32,1.36,1.36,119200.0
2016-10-07,1.37,1.38,1.32,1.34,1.34,53100.0
2016-10-10,1.35,1.39,1.35,1.36,1.36,75800.0
2016-10-11,1.36,1.39,1.3,1.3,1.3,92500.0
2016-10-12,1.34,1.34,1.31,1.32,1.32,5800.0
2016-10-13,1.3,1.31,1.25,1.25,1.25,37500.0
2016-10-14,1.27,1.33,1.2,1.24,1.24,36200.0
2016-10-17,1.27,1.28,1.22,1.24,1.24,24900.0
2016-10-18,1.24,1.29,1.21,1.22,1.22,47100.0
2016-10-19,1.23,1.24,1.14,1.15,1.15,56400.0
2016-10-20,1.16,1.18,1.14,1.16,1.16,43000.0
2016-10-21,1.17,1.17,1.13,1.14,1.14,31300.0
2016-10-24,1.12,1.13,1.1,1.1,1.1,53300.0
2016-10-25,1.07,1.1,1.07,1.07,1.07,50800.0
2016-10-26,1.1,1.13,1.07,1.12,1.12,148200.0
2016-10-27,1.12,1.14,1.08,1.08,1.08,97100.0
2016-10-28,1.14,1.14,1.1,1.12,1.12,40800.0
2016-10-31,1.13,1.13,1.1,1.12,1.12,35800.0
2016-11-01,1.11,1.13,1.1,1.11,1.11,15900.0
2016-11-02,1.11,1.34,1.11,1.27,1.27,184600.0
2016-11-03,1.28,1.3,1.2,1.23,1.23,83800.0
2016-11-04,1.24,1.28,1.21,1.21,1.21,30800.0
2016-11-07,1.2,1.3,1.2,1.23,1.23,61600.0
2016-11-08,1.23,1.23,1.17,1.22,1.22,50900.0
2016-11-09,1.17,1.29,1.13,1.27,1.27,95200.0
2016-11-10,1.24,1.31,1.24,1.31,1.31,14200.0
2016-11-11,1.27,1.3,1.26,1.26,1.26,43300.0
2016-11-14,1.25,1.34,1.25,1.33,1.33,31200.0
2016-11-15,1.33,1.4,1.31,1.39,1.39,66800.0
2016-11-16,1.39,1.45,1.31,1.38,1.38,79400.0
2016-11-17,1.38,1.54,1.35,1.36,1.36,157600.0
2016-11-18,1.44,1.44,1.32,1.39,1.39,36200.0
2016-11-21,1.39,1.41,1.33,1.37,1.37,32200.0
2016-11-22,1.33,1.38,1.33,1.38,1.38,5600.0
2016-11-23,1.39,1.39,1.34,1.38,1.38,1500.0
2016-11-25,1.4,1.4,1.38,1.4,1.4,2300.0
2016-11-28,1.37,1.42,1.35,1.37,1.37,3900.0
2016-11-29,1.35,1.42,1.35,1.38,1.38,3700.0
2016-11-30,1.4,1.44,1.37,1.42,1.42,15300.0
2016-12-01,1.44,1.44,1.36,1.36,1.36,7500.0
2016-12-02,1.36,1.38,1.36,1.38,1.38,4300.0
2016-12-05,1.41,1.41,1.36,1.36,1.36,26100.0
2016-12-06,1.35,1.38,1.32,1.37,1.37,10200.0
2016-12-07,1.39,1.44,1.34,1.42,1.42,32600.0
2016-12-08,1.42,1.44,1.11,1.41,1.41,148800.0
2016-12-09,1.4,1.42,1.37,1.39,1.39,13800.0
2016-12-12,1.38,1.45,1.34,1.34,1.34,145600.0
2016-12-13,1.34,1.4,1.28,1.28,1.28,25300.0
2016-12-14,1.3,1.35,1.29,1.34,1.34,34500.0
2016-12-15,1.31,1.31,1.28,1.29,1.29,13800.0
2016-12-16,1.32,1.32,1.25,1.25,1.25,9100.0
2016-12-19,1.32,1.39,1.2,1.28,1.28,91000.0
2016-12-20,1.28,1.29,1.25,1.28,1.28,14500.0
2016-12-21,1.28,1.29,1.24,1.28,1.28,29400.0
2016-12-22,1.3,1.3,1.27,1.3,1.3,31200.0
2016-12-23,1.32,1.32,1.25,1.32,1.32,3300.0
2016-12-27,1.28,1.3,1.23,1.24,1.24,46600.0
2016-12-28,1.29,1.29,1.2,1.24,1.24,54200.0
2016-12-29,1.24,1.27,1.21,1.22,1.22,19500.0
2016-12-30,1.21,1.27,1.2,1.25,1.25,23800.0
2017-01-03,1.29,1.29,1.17,1.19,1.19,70200.0
2017-01-04,1.23,1.24,1.15,1.19,1.19,70200.0
2017-01-05,1.19,1.22,1.19,1.22,1.22,15400.0
2017-01-06,1.22,1.25,1.2,1.23,1.23,29600.0
2017-01-09,1.19,1.23,1.19,1.2,1.2,22500.0
2017-01-10,1.2,1.22,1.2,1.21,1.21,27800.0
2017-01-11,1.22,1.23,1.2,1.22,1.22,27300.0
2017-01-12,1.2,1.23,1.2,1.21,1.21,11000.0
2017-01-13,1.22,1.23,1.2,1.21,1.21,14800.0
2017-01-17,1.21,1.23,1.21,1.22,1.22,7000.0
2017-01-18,1.2,1.23,1.2,1.21,1.21,10500.0
2017-01-19,1.22,1.22,1.18,1.18,1.18,12800.0
2017-01-20,1.18,1.2,1.16,1.18,1.18,21500.0
2017-01-23,1.2,1.21,1.17,1.19,1.19,15100.0
2017-01-24,1.2,1.3,1.18,1.25,1.25,250100.0
2017-01-25,1.25,1.25,1.21,1.23,1.23,17600.0
2017-01-26,1.22,1.28,1.21,1.24,1.24,17900.0
2017-01-27,1.26,1.26,1.2,1.23,1.23,16700.0
2017-01-30,1.24,1.24,1.21,1.23,1.23,22300.0
2017-01-31,1.23,1.23,1.18,1.19,1.19,24700.0
2017-02-01,1.22,1.29,1.21,1.25,1.25,37600.0
2017-02-02,1.24,1.26,1.2,1.23,1.23,22200.0
2017-02-03,1.23,1.25,1.2,1.25,1.25,7500.0
2017-02-06,1.25,1.26,1.23,1.24,1.24,12900.0
2017-02-07,1.24,1.24,1.2,1.22,1.22,29500.0
2017-02-08,1.24,1.24,1.19,1.23,1.23,3700.0
2017-02-09,1.23,1.23,1.2,1.22,1.22,9000.0
2017-02-10,1.21,1.22,1.2,1.22,1.22,5400.0
2017-02-13,1.25,1.26,1.22,1.24,1.24,16300.0
2017-02-14,1.22,1.23,1.14,1.15,1.15,114900.0
2017-02-15,1.16,1.16,1.13,1.15,1.15,61200.0
2017-02-16,1.16,1.18,1.13,1.15,1.15,57200.0
2017-02-17,1.17,1.17,1.13,1.15,1.15,21800.0
2017-02-21,1.17,1.17,1.15,1.16,1.16,26600.0
2017-02-22,1.14,1.17,1.14,1.15,1.15,9600.0
2017-02-23,1.15,1.16,1.14,1.14,1.14,13200.0
2017-02-24,1.14,1.15,1.14,1.15,1.15,3500.0
2017-02-27,1.15,1.15,1.14,1.15,1.15,8300.0
2017-02-28,1.14,1.18,1.11,1.11,1.11,43200.0
2017-03-01,1.13,1.18,1.12,1.12,1.12,81700.0
2017-03-02,1.12,1.15,1.12,1.13,1.13,9200.0
2017-03-03,1.12,1.14,1.08,1.09,1.09,62000.0
2017-03-06,1.08,1.09,1.06,1.07,1.07,13700.0
2017-03-07,1.07,1.18,1.07,1.12,1.12,93200.0
2017-03-08,1.14,1.14,1.13,1.14,1.14,21100.0
2017-03-09,1.17,1.17,1.06,1.13,1.13,52400.0
2017-03-10,1.11,1.11,1.07,1.09,1.09,19500.0
2017-03-13,1.08,1.14,1.07,1.09,1.09,21500.0
2017-03-14,1.11,1.11,1.07,1.07,1.07,15100.0
2017-03-15,1.08,1.09,1.07,1.07,1.07,8200.0
2017-03-16,1.09,1.09,1.07,1.08,1.08,8800.0
2017-03-17,1.07,1.11,1.07,1.11,1.11,30300.0
2017-03-20,1.11,1.13,1.1,1.12,1.12,9800.0
2017-03-21,1.11,1.13,1.09,1.1,1.1,7100.0
2017-03-22,1.12,1.12,1.08,1.1,1.1,9100.0
2017-03-23,1.08,1.13,1.07,1.12,1.12,15700.0
2017-03-24,1.13,1.13,1.11,1.12,1.12,6100.0
2017-03-27,1.13,1.13,1.12,1.12,1.12,25200.0
2017-03-28,1.13,1.16,1.02,1.09,1.09,28800.0
2017-03-29,1.1,1.12,1.07,1.11,1.11,19400.0
2017-03-30,1.13,1.17,1.1,1.14,1.14,15800.0
2017-03-31,1.16,1.21,1.14,1.19,1.19,127200.0
2017-04-03,1.21,1.22,1.18,1.18,1.18,47600.0
2017-04-04,1.16,1.22,1.16,1.16,1.16,32700.0
2017-04-05,1.15,1.22,1.15,1.15,1.15,22000.0
2017-04-06,1.16,1.23,1.15,1.18,1.18,10300.0
2017-04-07,1.18,1.2,1.15,1.16,1.16,6900.0
2017-04-10,1.17,1.21,1.13,1.19,1.19,30800.0
2017-04-11,1.17,1.19,1.14,1.15,1.15,12900.0
2017-04-12,1.14,1.19,1.14,1.18,1.18,9600.0
2017-04-13,1.19,1.19,1.13,1.16,1.16,9500.0
2017-04-17,1.13,1.18,1.13,1.15,1.15,9500.0
2017-04-18,1.16,1.19,1.1,1.13,1.13,40600.0
2017-04-19,1.12,1.18,1.12,1.15,1.15,15400.0
2017-04-20,1.14,1.16,1.14,1.14,1.14,2400.0
2017-04-21,1.14,1.14,1.1,1.13,1.13,13800.0
2017-04-24,1.11,1.14,1.09,1.1,1.1,15700.0
2017-04-25,1.09,1.14,1.09,1.12,1.12,14200.0
2017-04-26,1.12,1.14,1.11,1.11,1.11,28100.0
2017-04-27,1.09,1.13,1.09,1.09,1.09,23100.0
2017-04-28,1.09,1.12,1.09,1.11,1.11,6700.0
2017-05-01,1.1,1.12,1.1,1.12,1.12,6200.0
2017-05-02,1.09,1.12,1.09,1.1,1.1,11500.0
2017-05-03,1.11,1.12,1.1,1.12,1.12,8800.0
2017-05-04,1.15,1.15,1.1,1.13,1.13,10600.0
2017-05-05,1.14,1.14,1.1,1.14,1.14,8100.0
2017-05-08,1.14,1.14,1.12,1.12,1.12,16900.0
2017-05-09,1.13,1.15,1.1,1.12,1.12,4900.0
2017-05-10,1.11,1.14,1.11,1.12,1.12,7900.0
2017-05-11,1.13,1.14,1.1,1.11,1.11,11200.0
2017-05-12,1.13,1.65,1.13,1.3,1.3,2017800.0
2017-05-15,1.18,1.18,1.12,1.17,1.17,140200.0
2017-05-16,1.17,1.18,1.14,1.15,1.15,49200.0
2017-05-17,1.14,1.15,1.1,1.12,1.12,82300.0
2017-05-18,1.09,1.12,1.05,1.07,1.07,59100.0
2017-05-19,1.07,1.09,1.07,1.09,1.09,51500.0
2017-05-22,1.1,1.11,1.07,1.09,1.09,59400.0
2017-05-23,1.1,1.14,1.07,1.12,1.12,36300.0
2017-05-24,1.13,1.14,1.09,1.11,1.11,26100.0
2017-05-25,1.12,1.14,1.08,1.11,1.11,28300.0
2017-05-26,1.13,1.13,1.1,1.11,1.11,5000.0
2017-05-30,1.11,1.14,1.07,1.13,1.13,19400.0
2017-05-31,1.1,1.11,1.1,1.11,1.11,10700.0
2017-06-01,1.12,1.13,1.08,1.08,1.08,11600.0
2017-06-02,1.08,1.12,1.08,1.09,1.09,16300.0
2017-06-05,1.09,1.13,1.08,1.11,1.11,10800.0
2017-06-06,1.09,1.1,1.08,1.08,1.08,11100.0
2017-06-07,1.09,1.11,1.08,1.08,1.08,5800.0
2017-06-08,1.08,1.1,1.08,1.09,1.09,7400.0
2017-06-09,1.08,1.1,1.07,1.07,1.07,27100.0
2017-06-12,1.07,1.09,1.06,1.06,1.06,41700.0
2017-06-13,1.06,1.1,1.05,1.07,1.07,23600.0
2017-06-14,1.05,1.09,1.05,1.06,1.06,12200.0
2017-06-15,1.07,1.07,1.06,1.06,1.06,6800.0
2017-06-16,1.05,1.09,1.05,1.09,1.09,6400.0
2017-06-19,1.08,1.13,1.08,1.13,1.13,17000.0
2017-06-20,1.09,1.1,1.05,1.06,1.06,6300.0
2017-06-21,1.05,1.09,1.05,1.09,1.09,6800.0
2017-06-22,1.05,1.08,1.05,1.08,1.08,4200.0
2017-06-23,1.05,1.06,1.05,1.06,1.06,26500.0
2017-06-26,1.05,1.12,1.05,1.06,1.06,58400.0
2017-06-27,1.03,1.08,1.03,1.05,1.05,19000.0
2017-06-28,1.09,1.09,1.04,1.05,1.05,9500.0
2017-06-29,1.05,1.07,1.03,1.06,1.06,8300.0
2017-06-30,1.03,1.07,1.03,1.05,1.05,18000.0
2017-07-03,1.06,1.07,1.06,1.06,1.06,5500.0
2017-07-05,1.05,1.06,1.03,1.04,1.04,29200.0
2017-07-06,1.03,1.09,1.03,1.06,1.06,27300.0
2017-07-07,1.06,1.09,1.04,1.06,1.06,6800.0
2017-07-10,1.04,1.08,1.04,1.06,1.06,17100.0
2017-07-11,1.08,1.08,1.02,1.06,1.06,63600.0
2017-07-12,1.08,1.08,1.03,1.08,1.08,15700.0
2017-07-13,1.08,1.08,1.05,1.06,1.06,4200.0
2017-07-14,1.06,1.08,1.06,1.07,1.07,20900.0
