Date,Open,High,Low,Close,Adj Close,Volume
2010-01-04,25.0,25.389999,24.83,17.818558,25.25,88300
2010-01-05,25.200001,25.26,24.51,17.303402,24.52,117600
2010-01-06,24.450001,24.5,23.879998999999998,16.922337,23.98,167600
2010-01-07,24.0,24.139999,23.75,17.021132,24.120001000000002,65800
2010-01-08,24.110001,24.190001000000002,23.879998999999998,17.014074,24.110001,63000
2010-01-11,24.17,24.219998999999998,23.790001,16.978788,24.059998999999998,61700
2010-01-12,23.889999,24.030001000000002,23.77,16.901163,23.950001,102200
2010-01-13,24.0,24.139999,23.709999,16.922337,23.98,89700
2010-01-14,23.85,24.09,23.85,16.908217999999998,23.959999,97400
2010-01-15,24.08,24.08,23.469998999999998,16.668293,23.620001000000002,146100
2010-01-19,23.74,24.09,23.620001000000002,16.99996,24.09,91500
2010-01-20,23.950001,23.950001,23.360001,16.788258,23.790001,146100
2010-01-21,23.889999,23.940001000000002,23.0,16.301332000000002,23.1,182400
2010-01-22,23.120001000000002,23.280001000000002,22.65,16.089624,22.799999,189200
2010-01-25,22.92,23.059998999999998,22.629998999999998,16.075516,22.780001000000002,134700
2010-01-26,22.76,22.84,22.4,15.849694,22.459999,154200
2010-01-27,22.4,22.76,22.209999,16.033175,22.719998999999998,124500
2010-01-28,22.83,22.84,21.91,15.560364000000002,22.049999,188600
2010-01-29,22.059998999999998,22.48,21.6,15.242804999999999,21.6,439200
2010-02-01,21.709999,21.809998999999998,21.35,15.165175,21.49,326200
2010-02-02,21.549999,21.65,21.200001,15.101664999999999,21.4,427100
2010-02-03,21.26,21.42,20.860001,15.108725,21.41,232400
2010-02-04,21.309998999999998,21.32,20.719998999999998,14.650027,20.76,212000
2010-02-05,20.879998999999998,21.129998999999998,20.280001000000002,14.600631,20.690001000000002,237500
2010-02-08,20.76,20.76,20.389999,14.508888,20.559998999999998,162800
2010-02-09,20.370001000000002,20.690001000000002,19.969998999999998,14.346584,20.33,397800
2010-02-10,20.15,20.309998999999998,19.83,14.366635,20.059998999999998,279700
2010-02-11,20.02,20.23,19.700001,14.330826,20.01,394000
2010-02-12,19.889999,20.129998999999998,19.76,14.388124,20.09,213800
2010-02-16,20.15,20.379998999999998,20.01,14.588655,20.370001000000002,309500
2010-02-17,20.5,20.889999,20.15,14.452577999999999,20.18,197400
2010-02-18,20.200001,20.6,20.110001,14.717567,20.549999,392500
2010-02-19,20.559998999999998,20.719998999999998,20.389999,14.832158999999999,20.709999,301700
2010-02-22,20.83,21.0,20.5,14.717567,20.549999,117000
2010-02-23,20.58,20.85,20.26,14.588655,20.370001000000002,105500
2010-02-24,20.49,20.51,20.24,14.552845000000001,20.32,134800
2010-02-25,20.1,20.209999,19.85,14.474066,20.209999,185800
2010-02-26,19.98,20.440001000000002,19.870001000000002,14.316502,19.99,174800
2010-03-01,20.1,20.459999,20.1,14.581492,20.360001,151200
2010-03-02,20.450001,20.52,20.299999,14.645947,20.450001,191400
2010-03-03,20.549999,20.719998999999998,20.219998999999998,14.560012,20.33,386900
2010-03-04,20.4,20.440001000000002,20.27,14.624467999999998,20.42,112000
2010-03-05,20.629998999999998,20.76,20.43,14.867968,20.76,273100
2010-03-08,20.65,21.129998999999998,20.620001000000002,15.104306,21.09,206400
2010-03-09,21.1,21.42,21.040001,15.290512,21.35,166000
2010-03-10,21.440001000000002,21.940001000000002,21.389999,15.691575,21.91,256800
2010-03-11,21.92,22.17,21.82,15.877789000000002,22.17,221000
2010-03-12,22.25,22.35,22.030001000000002,15.877789000000002,22.17,203200
2010-03-15,22.200001,22.200001,22.01,15.827649,22.1,112400
2010-03-16,22.15,22.200001,22.049999,15.892106,22.190001000000002,89800
2010-03-17,22.299999,22.42,22.25,16.013861,22.360001,87400
2010-03-18,22.040001,22.35,21.9,15.906432,22.209999,104600
2010-03-19,22.360001,22.360001,21.83,15.698735000000001,21.92,231500
2010-03-22,22.17,22.34,21.540001,15.841976,22.120001000000002,109500
2010-03-23,22.190001000000002,22.4,21.98,16.028179,22.379998999999998,90900
2010-03-24,22.34,22.379998999999998,22.219998999999998,15.942241000000001,22.26,118100
2010-03-25,22.4,22.49,22.0,15.813328,22.08,358100
2010-03-26,22.219998999999998,22.33,22.030001000000002,15.841976,22.120001000000002,120800
2010-03-29,22.24,22.25,22.01,15.863457999999998,22.15,76600
2010-03-30,22.07,22.25,21.860001,15.799001,22.059998999999998,129100
2010-03-31,22.0,22.219998999999998,21.940001000000002,15.727382999999998,21.959999,190600
2010-04-01,22.139999,22.25,21.98,15.884948000000001,22.18,120900
2010-04-05,22.35,22.43,22.110001,15.935075,22.25,121100
2010-04-06,22.110001,22.190001000000002,22.0,15.856298,22.139999,114400
2010-04-07,22.18,22.18,21.950001,15.820489000000002,22.09,87700
2010-04-08,21.940001000000002,22.18,21.58,15.670092000000002,21.879998999999998,209400
2010-04-09,21.77,21.879998999999998,21.459999,15.66293,21.870001000000002,139300
2010-04-12,21.84,22.0,21.67,15.562664000000002,21.73,170000
2010-04-13,21.73,21.76,21.49,15.576984,21.75,143300
2010-04-14,21.85,22.290001,21.73,15.963721,22.290001,111300
2010-04-15,22.049999,22.559998999999998,21.93,16.142771,22.540001,280100
2010-04-16,22.540001,22.620001000000002,22.27,15.999531,22.34,125200
2010-04-19,22.17,22.42,22.02,16.013861,22.360001,75300
2010-04-20,22.530001000000002,22.530001000000002,22.379998999999998,16.114122000000002,22.5,87900
2010-04-21,22.610001,22.610001,22.34,16.071154,22.440001000000002,112500
2010-04-22,22.309998999999998,22.76,22.190001000000002,16.278843,22.73,237100
2010-04-23,22.68,22.870001000000002,22.65,16.350468,22.83,112300
2010-04-26,22.77,23.07,22.77,16.33614,22.809998999999998,123300
2010-04-27,22.73,23.1,22.42,16.071154,22.440001000000002,111900
2010-04-28,22.52,22.73,22.309998999999998,16.035343,22.389999,95100
2010-04-29,22.610001,22.629998999999998,22.4,16.149931,22.549999,130700
2010-04-30,22.530001000000002,22.540001,22.200001,15.913594,22.219998999999998,185700
2010-05-03,22.26,22.540001,22.200001,16.114122000000002,22.5,138800
2010-05-04,22.18,22.940001000000002,21.950001,16.178579,22.59,283900
2010-05-05,22.17,22.35,21.389999,15.476723000000002,21.610001,310400
2010-05-06,21.540001,21.629998999999998,19.67,14.817831,20.690001000000002,202300
2010-05-07,20.690001000000002,21.040001,20.0,14.395288,20.1,253800
2010-05-10,20.99,21.200001,20.549999,15.111466,21.1,182000
2010-05-11,20.92,21.620001000000002,20.82,15.31916,21.389999,153500
2010-05-12,21.1,21.629998999999998,21.040001,15.680860999999998,21.59,212000
2010-05-13,21.49,21.67,21.34,15.564651000000001,21.43,111600
2010-05-14,21.26,21.309998999999998,20.85,15.354023000000002,21.139999,108100
2010-05-17,21.24,21.440001000000002,20.639999,15.230553,20.969998999999998,134800
2010-05-18,21.24,21.389999,20.5,14.983609,20.629998999999998,105000
2010-05-19,20.48,20.82,20.34,14.947295,20.58,148300
2010-05-20,20.07,20.120001000000002,19.5,14.162889000000002,19.5,244800
2010-05-21,19.299999,19.68,19.02,14.184678,19.530001000000002,204600
2010-05-24,19.540001,19.610001,19.27,14.010368,19.290001,104000
2010-05-25,19.049999,19.27,18.459999,13.937738000000001,19.190001000000002,236100
2010-05-26,19.34,19.629998999999998,19.209999,14.010368,19.290001,151300
2010-05-27,19.75,20.049999,19.5,14.55509,20.040001,134500
2010-05-28,20.040001,20.09,19.6,14.373516,19.790001,124000
2010-06-01,19.5,19.809998999999998,19.299999,14.017625,19.299999,161300
2010-06-02,19.43,19.799999,19.26,14.38078,19.799999,123000
2010-06-03,19.780001000000002,19.879998999999998,19.52,14.351726000000001,19.76,138600
2010-06-04,19.42,19.48,18.85,13.734369000000001,18.91,236200
2010-06-07,19.030001000000002,19.280001000000002,18.83,13.705317,18.870001000000002,137000
2010-06-08,18.969998999999998,19.290001,18.77,13.952263,19.209999,151800
2010-06-09,19.43,19.5,19.01,13.901420000000002,19.139999,97800
2010-06-10,19.41,19.780001000000002,19.41,14.322671,19.719998999999998,152400
2010-06-11,19.559998999999998,20.01,19.309998999999998,14.533299,20.01,124200
2010-06-14,20.27,20.559998999999998,20.110001,14.642249,20.16,133600
2010-06-15,20.25,20.74,20.129998999999998,15.034451,20.700001,131400
2010-06-16,20.52,20.549999,20.27,14.758455999999999,20.32,111900
2010-06-17,20.32,20.549999,20.23,14.809299,20.389999,91300
2010-06-18,20.51,20.58,20.18,14.816557999999999,20.4,251300
2010-06-21,20.719998999999998,20.76,20.02,14.576882000000001,20.07,215400
2010-06-22,20.200001,20.4,19.48,14.170148999999999,19.51,151400
2010-06-23,19.450001,19.610001,19.25,13.98131,19.25,107600
2010-06-24,19.110001,19.76,19.030001000000002,13.843312,19.059998999999998,154500
2010-06-25,19.23,19.67,19.049999,14.264569,19.639999,278800
2010-06-28,19.65,19.74,19.41,14.184678,19.530001000000002,113300
2010-06-29,19.190001000000002,19.360001,19.059998999999998,13.966784,19.23,125900
2010-06-30,19.290001,19.57,19.23,14.039414,19.33,172100
2010-07-01,19.41,19.41,19.02,13.959523999999998,19.219998999999998,122900
2010-07-02,19.41,19.49,19.08,13.923210000000001,19.17,130900
2010-07-06,19.48,19.59,19.0,13.836053,19.049999,116500
2010-07-07,19.190001000000002,19.49,19.120001000000002,14.148357,19.48,162000
2010-07-08,19.67,19.709999,19.24,14.177417000000002,19.52,148000
2010-07-09,19.5,19.690001000000002,19.49,14.271834,19.65,95700
2010-07-12,19.620001000000002,19.719998999999998,19.32,14.061207999999999,19.360001,101300
2010-07-13,19.5,19.83,19.5,14.322671,19.719998999999998,231900
2010-07-14,19.690001000000002,19.83,19.52,14.264569,19.639999,179200
2010-07-15,19.68,19.700001,19.280001000000002,14.112045000000002,19.43,124400
2010-07-16,19.219998999999998,19.360001,18.92,13.770685,18.959999,245200
2010-07-19,19.08,19.379998999999998,18.82,14.068469,19.370001000000002,126200
2010-07-20,19.15,19.73,19.02,14.308145999999999,19.700001,122400
2010-07-21,19.74,19.799999,19.32,14.053946,19.35,110900
2010-07-22,19.68,20.030001000000002,19.549999,14.533299,20.01,135900
2010-07-23,19.879998999999998,20.5,19.790001,14.816557999999999,20.4,121500
2010-07-26,20.5,20.77,20.42,15.012663,20.67,156900
2010-07-27,20.790001,21.049999,20.620001000000002,15.237814000000002,20.98,112800
2010-07-28,20.959999,21.190001000000002,20.780001000000002,15.136130999999999,20.84,157000
2010-07-29,21.040001,21.15,20.52,15.070766,20.75,70700
2010-07-30,20.450001,20.98,20.41,14.925504,20.549999,106300
2010-08-02,20.889999,21.08,20.610001,15.295917000000001,21.059998999999998,106400
2010-08-03,20.58,20.58,19.59,14.250043,19.620001000000002,278800
2010-08-04,19.690001000000002,20.15,19.5,14.591407,20.09,192000
2010-08-05,19.9,20.15,19.889999,14.467937,19.92,126600
2010-08-06,19.73,19.99,19.5,14.424354000000001,19.860001,150900
2010-08-09,20.02,20.4,19.98,14.780245,20.35,127500
2010-08-10,20.09,20.389999,19.969998999999998,14.627717,20.139999,120600
2010-08-11,19.559998999999998,19.59,19.200001,14.169174,19.219998999999998,202900
2010-08-12,19.030001000000002,19.290001,19.030001000000002,14.154434,19.200001,126500
2010-08-13,19.139999,19.190001000000002,18.889999,13.940643,18.91,208300
2010-08-16,18.889999,19.200001,18.799999,14.006991000000001,19.0,120400
2010-08-17,19.200001,19.290001,19.040001,14.05122,19.059998999999998,199000
2010-08-18,19.129998999999998,19.309998999999998,18.83,14.095459,19.120001000000002,197400
2010-08-19,18.98,19.030001000000002,18.65,13.756341,18.66,195600
2010-08-20,18.610001,18.799999,18.5,13.852179999999999,18.790001,144500
2010-08-23,18.84,18.98,18.51,13.645757000000001,18.51,145700
2010-08-24,18.309998999999998,18.719998999999998,18.25,13.594151,18.440001000000002,184500
2010-08-25,18.4,19.030001000000002,18.290001,13.999618,18.99,190600
2010-08-26,19.059998999999998,19.1,18.610001,13.741594000000001,18.639999,97500
2010-08-27,18.879998999999998,18.879998999999998,18.530001000000002,13.837432999999999,18.77,208900
2010-08-30,18.73,18.82,18.48,13.623639,18.48,141500
2010-08-31,18.450001,18.629998999999998,18.24,13.660503,18.530001000000002,189300
2010-09-01,18.700001,19.25,18.700001,14.183921,19.24,188700
2010-09-02,19.280001000000002,19.370001000000002,19.139999,14.228153,19.299999,159600
2010-09-03,19.43,19.610001,19.24,14.338732,19.450001,118400
2010-09-07,19.41,19.469998999999998,19.120001000000002,14.132315,19.17,136300
2010-09-08,19.18,19.48,19.129998999999998,14.13969,19.18,142500
2010-09-09,19.42,19.48,19.23,14.294502,19.389999,102900
2010-09-10,19.51,19.58,19.360001,14.301873,19.4,116900
2010-09-13,19.610001,19.950001,19.530001000000002,14.574645,19.77,184300
2010-09-14,19.73,19.84,19.33,14.567271,19.76,131900
2010-09-15,19.719998999999998,19.860001,19.530001000000002,14.559898,19.75,92400
2010-09-16,19.75,19.82,19.35,14.449314000000001,19.6,90500
2010-09-17,19.82,19.82,19.33,14.500917000000001,19.67,159200
2010-09-20,19.77,20.24,19.629998999999998,14.921129,20.24,163500
2010-09-21,20.26,20.41,20.02,14.876899,20.18,117800
2010-09-22,20.030001000000002,20.35,20.030001000000002,14.847404999999998,20.139999,90400
2010-09-23,20.02,20.25,19.82,14.626245,19.84,93600
2010-09-24,20.17,20.35,19.99,15.002226,20.35,147500
2010-09-27,20.35,20.459999,20.24,15.061198000000001,20.43,166300
2010-09-28,20.5,20.57,20.18,15.142294,20.540001,144200
2010-09-29,20.4,20.540001,20.27,15.016967999999999,20.370001000000002,129400
2010-09-30,20.540001,20.59,20.25,15.03171,20.389999,155700
2010-10-01,20.5,20.620001000000002,20.309998999999998,15.046459,20.41,177800
2010-10-04,20.370001000000002,20.370001000000002,20.030001000000002,14.899014000000001,20.209999,111400
2010-10-05,20.309998999999998,20.74,20.15,15.216013,20.639999,164200
2010-10-06,20.629998999999998,20.889999,20.6,15.326595000000001,20.790001,76800
2010-10-07,20.85,20.85,20.58,15.223389000000001,20.65,61300
2010-10-08,20.6,21.0,20.59,15.437180999999999,20.940001000000002,82900
2010-10-11,20.98,21.129998999999998,20.870001000000002,15.49616,21.02,78400
2010-10-12,20.889999,21.059998999999998,20.75,15.466667999999999,20.98,70800
2010-10-13,20.99,21.4,20.950001,15.695204,21.290001,148400
2010-10-14,21.23,21.450001,21.120001000000002,15.680454999999998,21.27,75700
2010-10-15,21.52,21.629998999999998,21.32,15.746807,21.360001,156500
2010-10-18,21.35,21.57,21.26,15.835268,21.48,90700
2010-10-19,21.27,21.540001,21.120001000000002,15.650970000000001,21.23,115500
2010-10-20,21.379998999999998,21.540001,21.23,15.761551999999998,21.379998999999998,135000
2010-10-21,21.52,21.639999,20.9,15.577251,21.129998999999998,114400
2010-10-22,21.200001,21.200001,20.969998999999998,15.547763,21.09,59300
2010-10-25,21.23,21.469998999999998,21.110001,15.614101999999999,21.18,54500
2010-10-26,21.07,21.299999,21.049999,15.547763,21.09,64200
2010-10-27,20.940001000000002,21.0,20.67,15.429808,20.93,107900
2010-10-28,21.059998999999998,21.120001000000002,20.690001000000002,15.41506,20.91,79300
2010-10-29,20.799999,20.799999,20.299999,15.149669,20.549999,162900
2010-11-01,20.559998999999998,20.639999,20.09,14.876899,20.18,188400
2010-11-02,20.450001,20.549999,20.18,15.142294,20.540001,122200
2010-11-03,20.559998999999998,20.610001,20.190001000000002,15.112805999999999,20.5,127600
2010-11-04,20.719998999999998,21.0,20.719998999999998,15.400317999999999,20.889999,131900
2010-11-05,21.0,21.129998999999998,20.870001000000002,15.459292999999999,20.969998999999998,108900
2010-11-08,20.84,21.1,20.540001,15.533019,21.07,134600
2010-11-09,21.08,21.4,21.02,15.555133999999999,21.1,127800
2010-11-10,20.77,20.950001,20.65,15.620935999999999,20.889999,92500
2010-11-11,20.620001000000002,20.84,20.620001000000002,15.508766,20.74,74300
2010-11-12,20.51,20.76,20.5,15.404079999999999,20.6,78400
2010-11-15,20.67,20.799999,20.620001000000002,15.44147,20.65,67600
2010-11-16,20.5,20.799999,20.23,15.314354999999999,20.48,184400
2010-11-17,20.51,20.610001,20.33,15.336784,20.51,112500
2010-11-18,20.65,20.85,20.459999,15.53868,20.780001000000002,169000
2010-11-19,20.780001000000002,20.92,20.559998999999998,15.523729000000001,20.76,82900
2010-11-22,20.76,20.889999,20.629998999999998,15.598501999999998,20.860001,90900
2010-11-23,20.66,20.74,20.5,15.404079999999999,20.6,110100
2010-11-24,20.690001000000002,20.83,20.549999,15.44147,20.65,112600
2010-11-26,20.48,20.65,20.459999,15.336784,20.51,40800
2010-11-29,20.5,20.690001000000002,20.23,15.389122,20.58,137100
2010-11-30,20.469998999999998,20.629998999999998,20.27,15.374175,20.559998999999998,190700
2010-12-01,20.860001,20.950001,20.790001,15.613457,20.879998999999998,157200
2010-12-02,20.879998999999998,21.040001,20.620001000000002,15.688232999999999,20.98,103100
2010-12-03,20.84,21.1,20.809998999999998,15.755535,21.07,73300
2010-12-06,20.959999,21.27,20.950001,15.845270000000001,21.190001000000002,62200
2010-12-07,21.4,21.58,21.309998999999998,16.009773000000003,21.41,139500
2010-12-08,21.5,21.57,21.33,15.964912,21.35,106500
2010-12-09,21.52,21.559998999999998,21.17,16.084551,21.51,91100
2010-12-10,21.620001000000002,21.99,21.42,16.428528,21.969998999999998,120800
2010-12-13,22.0,22.42,22.0,16.675295000000002,22.299999,167600
2010-12-14,22.34,22.57,22.190001000000002,16.847282,22.530001000000002,138000
2010-12-15,22.469998999999998,22.799999,22.469998999999998,16.869713,22.559998999999998,133000
2010-12-16,22.51,22.969998999999998,22.459999,17.09404,22.860001,134600
2010-12-17,22.84,22.959999,22.610001,17.138912,22.92,257500
2010-12-20,22.969998999999998,23.110001,22.85,17.116474,22.889999,128100
2010-12-21,22.98,23.040001,22.780001000000002,17.116474,22.889999,92900
2010-12-22,22.92,23.059998999999998,22.84,17.198729,23.0,60700
2010-12-23,22.98,23.120001000000002,22.98,17.251078,23.07,42600
2010-12-27,22.99,23.33,22.93,17.333332000000002,23.18,64200
2010-12-28,23.17,23.17,22.92,17.228638,23.040001,133500
2010-12-29,23.040001,23.08,22.85,17.09404,22.860001,76100
2010-12-30,22.809998999999998,22.969998999999998,22.59,16.951971,22.67,118500
2010-12-31,22.549999,22.68,22.49,16.854759,22.540001,88600
2011-01-03,22.700001,22.940001000000002,22.5,16.981878,22.709999,107200
2011-01-04,22.82,22.82,22.360001,16.914576999999998,22.620001000000002,98500
2011-01-05,22.6,22.76,22.49,16.944489,22.66,102500
2011-01-06,22.73,22.73,22.32,16.854759,22.540001,72900
2011-01-07,22.469998999999998,22.52,22.0,16.757548999999997,22.41,128600
2011-01-10,22.42,22.65,22.09,16.907097,22.610001,124800
2011-01-11,22.610001,22.620001000000002,22.360001,16.832323000000002,22.51,77000
2011-01-12,22.629998999999998,22.950001,22.52,17.138912,22.92,97000
2011-01-13,22.889999,22.99,22.77,17.071609,22.83,94600
2011-01-14,22.68,22.98,22.68,17.161341,22.950001,75600
2011-01-18,22.82,22.950001,22.610001,17.138912,22.92,78500
2011-01-19,22.860001,22.950001,22.73,17.086571,22.85,119300
2011-01-20,22.73,22.9,22.629998999999998,16.966923,22.690001000000002,85500
2011-01-21,22.74,22.74,22.4,16.832323000000002,22.51,147000
2011-01-24,22.5,22.75,22.4,16.951971,22.67,83900
2011-01-25,22.549999,22.74,22.43,16.989359,22.719998999999998,72300
2011-01-26,22.75,23.08,22.66,17.183779,22.98,116300
2011-01-27,22.950001,23.209999,22.940001000000002,17.303417,23.139999,107600
2011-01-28,23.059998999999998,23.190001000000002,22.629998999999998,16.966923,22.690001000000002,137500
2011-01-31,22.76,22.940001000000002,22.59,16.951971,22.67,114100
2011-02-01,22.75,23.219998999999998,22.67,17.333332000000002,23.18,88600
2011-02-02,23.040001,23.25,23.0,17.273512,23.1,63800
2011-02-03,22.950001,23.09,22.799999,17.206209,23.01,69000
2011-02-04,22.969998999999998,23.129998999999998,22.82,17.131432999999998,22.91,67800
2011-02-07,22.98,23.190001000000002,22.940001000000002,17.280987,23.110001,70300
2011-02-08,22.860001,23.209999,22.860001,17.355762,23.209999,126900
2011-02-09,23.18,23.32,22.91,17.415585999999998,23.290001,107700
2011-02-10,22.860001,23.43,22.75,17.348282,23.200001,198400
2011-02-11,22.67,22.799999,22.5,17.157396,22.65,153200
2011-02-14,22.549999,22.629998999999998,22.48,17.05892,22.52,72200
2011-02-15,22.450001,22.610001,22.450001,17.05892,22.52,69100
2011-02-16,22.540001,22.559998999999998,22.24,16.952869,22.379998999999998,95500
2011-02-17,22.26,22.440001000000002,22.25,16.998323000000003,22.440001000000002,82600
2011-02-18,22.57,22.57,22.34,17.074072,22.540001,86600
2011-02-22,22.379998999999998,22.58,22.27,16.907417000000002,22.32,112200
2011-02-23,22.299999,22.35,21.93,16.627146,21.950001,100200
2011-02-24,21.940001000000002,22.040001,21.690001000000002,16.649867999999998,21.98,111000
2011-02-25,21.950001,22.35,21.309998999999998,16.922569,22.34,84400
2011-02-28,22.459999,22.68,22.459999,17.05892,22.52,79500
2011-03-01,22.5,22.65,22.049999,16.702894,22.049999,113200
2011-03-02,22.139999,22.24,21.93,16.778643,22.15,96200
2011-03-03,22.25,22.58,22.049999,17.021048,22.469998999999998,85700
2011-03-04,22.440001000000002,22.469998999999998,22.09,16.884695,22.290001,66100
2011-03-07,22.42,22.450001,21.889999,16.778643,22.15,121700
2011-03-08,22.120001000000002,22.620001000000002,22.1,17.0362,22.49,80300
2011-03-09,22.52,22.639999,22.379998999999998,17.134672,22.620001000000002,80800
2011-03-10,22.549999,22.610001,22.120001000000002,16.816523,22.200001,151300
2011-03-11,22.24,22.389999,22.01,16.68017,22.02,110500
2011-03-14,21.879998999999998,22.049999,21.67,16.627146,21.950001,88300
2011-03-15,21.58,21.790001,21.01,16.392317000000002,21.639999,99600
2011-03-16,21.57,21.700001,21.23,16.149918,21.32,135900
2011-03-17,21.41,21.49,21.25,16.104469,21.26,102500
2011-03-18,21.370001000000002,21.639999,21.27,16.384745000000002,21.629998999999998,169400
2011-03-21,21.780001000000002,22.1,21.780001000000002,16.740772,22.1,89200
2011-03-22,22.07,22.17,21.940001000000002,16.68017,22.02,51300
2011-03-23,21.950001,22.16,21.85,16.733194,22.09,58000
2011-03-24,22.110001,22.25,22.0,16.808945,22.190001000000002,88300
2011-03-25,22.24,22.5,22.200001,16.937719,22.360001,103000
2011-03-28,22.389999,22.549999,22.280001000000002,16.877117000000002,22.280001000000002,69000
2011-03-29,22.23,22.450001,22.219998999999998,16.998323000000003,22.440001000000002,52400
2011-03-30,22.459999,22.76,22.42,17.240721,22.76,123100
2011-03-31,22.65,22.780001000000002,22.58,17.217993,22.73,93700
2011-04-01,22.790001,22.92,22.73,17.331617,22.879998999999998,113700
2011-04-04,22.91,23.120001000000002,22.799999,17.399798999999998,22.969998999999998,108900
2011-04-05,22.9,23.1,22.780001000000002,17.384645000000003,22.950001,68600
2011-04-06,22.959999,23.1,22.93,17.437672,23.02,71100
2011-04-07,22.98,23.09,22.82,17.293745,22.83,71000
2011-04-08,23.01,23.01,22.65,17.187695,22.690001000000002,65300
2011-04-11,22.559998999999998,22.68,22.34,16.960445,22.389999,77700
2011-04-12,22.370001000000002,22.5,22.09,16.733194,22.09,64000
2011-04-13,22.18,22.26,21.99,16.702894,22.049999,67900
2011-04-14,21.91,22.32,21.91,16.899843,22.309998999999998,65500
2011-04-15,22.200001,22.76,22.200001,17.157396,22.65,278400
2011-04-18,22.49,22.559998999999998,22.23,16.983173,22.42,131200
2011-04-19,22.42,22.559998999999998,22.27,16.930145,22.35,169800
2011-04-20,22.629998999999998,22.74,22.52,17.225567,22.74,96300
2011-04-21,22.76,22.85,22.6,17.195269,22.700001,64800
2011-04-25,22.610001,22.74,22.610001,17.202848,22.709999,49000
2011-04-26,22.75,23.15,22.700001,17.475544,23.07,103400
2011-04-27,22.98,23.209999,22.98,17.566448,23.190001000000002,56000
2011-04-28,23.129998999999998,23.33,23.0,17.664917000000003,23.32,67000
2011-04-29,23.389999,23.43,23.219998999999998,17.710371,23.379998999999998,100000
2011-05-02,23.35,23.48,23.049999,17.460394,23.049999,87000
2011-05-03,23.01,23.26,22.92,17.422520000000002,23.0,64000
2011-05-04,23.01,23.07,22.780001000000002,17.255873,22.780001000000002,72800
2011-05-05,22.629998999999998,22.93,22.6,17.180119,22.68,99900
2011-05-06,22.9,23.08,22.700001,17.263447,22.790001,54000
2011-05-09,22.860001,22.969998999999998,22.66,17.354343,22.91,88000
2011-05-10,23.049999,23.049999,22.690001000000002,17.271020999999998,22.799999,151100
2011-05-11,22.620001000000002,22.700001,22.32,17.185057,22.389999,173400
2011-05-12,22.26,22.639999,22.24,17.346239,22.6,79700
2011-05-13,22.6,22.68,22.07,17.0469,22.209999,87000
2011-05-16,22.049999,22.27,22.030001000000002,16.947123,22.08,108100
2011-05-17,22.049999,22.209999,21.9,16.839666,21.940001000000002,172900
2011-05-18,21.93,21.950001,21.700001,16.778267,21.860001,163000
2011-05-19,21.870001000000002,22.1,21.65,16.862692000000003,21.969998999999998,206500
2011-05-20,21.82,22.200001,21.77,16.855017,21.959999,176600
2011-05-23,21.639999,21.790001,21.530001000000002,16.571032000000002,21.59,98500
2011-05-24,21.67,21.68,21.219998999999998,16.287043,21.219998999999998,166000
2011-05-25,21.17,21.5,21.08,16.463579,21.450001,84000
2011-05-26,21.379998999999998,21.51,21.16,16.478924,21.469998999999998,87300
2011-05-27,21.51,21.65,21.42,16.494274,21.49,53800
2011-05-31,21.6,21.93,21.51,16.824316,21.92,368800
2011-06-01,21.76,21.889999,21.4,16.425198,21.4,174000
2011-06-02,21.360001,21.549999,21.24,16.379148,21.34,106700
2011-06-03,21.129998999999998,21.309998999999998,21.01,16.210287,21.120001000000002,191000
2011-06-06,21.040001,21.18,20.99,16.133535000000002,21.02,91700
2011-06-07,21.15,21.15,20.889999,16.04143,20.9,116300
2011-06-08,20.9,21.08,20.870001000000002,16.079805,20.950001,115800
2011-06-09,21.0,21.129998999999998,20.870001000000002,16.04143,20.9,86700
2011-06-10,20.85,20.879998999999998,20.639999,15.910954,20.73,130000
2011-06-13,20.879998999999998,20.92,20.719998999999998,15.903276000000002,20.719998999999998,111800
2011-06-14,20.85,21.08,20.799999,16.087484,20.959999,106600
2011-06-15,20.719998999999998,20.959999,20.540001,15.834195999999999,20.629998999999998,102600
2011-06-16,20.629998999999998,21.15,20.629998999999998,16.118187,21.0,120500
2011-06-17,21.110001,21.290001,20.92,16.095160999999997,20.969998999999998,172500
2011-06-20,20.85,21.280001000000002,20.85,16.287043,21.219998999999998,56800
2011-06-21,21.360001,21.42,20.99,16.294716,21.23,185500
2011-06-22,21.1,21.209999,20.940001000000002,16.095160999999997,20.969998999999998,76200
2011-06-23,20.84,20.950001,20.6,16.033754000000002,20.889999,93100
2011-06-24,20.93,21.059998999999998,20.73,15.98003,20.82,194200
2011-06-27,20.82,21.07,20.82,16.141214,21.030001000000002,79900
2011-06-28,21.02,21.120001000000002,20.99,16.202618,21.110001,78400
2011-06-29,21.1,21.1,20.940001000000002,16.095160999999997,20.969998999999998,85100
2011-06-30,20.969998999999998,21.120001000000002,20.93,16.194939,21.1,162000
2011-07-01,21.129998999999998,21.370001000000002,21.09,16.356119,21.309998999999998,211800
2011-07-05,21.25,21.389999,21.15,16.317745000000002,21.26,104800
2011-07-06,21.190001000000002,21.5,21.190001000000002,16.478924,21.469998999999998,96700
2011-07-07,21.540001,21.799999,21.389999,16.724541000000002,21.790001,125100
2011-07-08,21.469998999999998,21.85,21.469998999999998,16.670809,21.719998999999998,99400
2011-07-11,21.469998999999998,21.620001000000002,21.41,16.4559,21.440001000000002,104900
2011-07-12,21.389999,21.700001,21.26,16.509624,21.51,87600
2011-07-13,21.5,21.82,21.49,16.594057,21.620001000000002,131000
2011-07-14,21.610001,21.709999,21.48,16.509624,21.51,121600
2011-07-15,21.540001,21.84,21.540001,16.647783,21.690001000000002,145600
2011-07-18,21.6,21.690001000000002,21.35,16.432873,21.41,88400
2011-07-19,21.559998999999998,21.780001000000002,21.41,16.701508999999998,21.76,85100
2011-07-20,21.799999,21.84,21.540001,16.555677,21.57,80600
2011-07-21,21.66,22.07,21.66,16.839666,21.940001000000002,182700
2011-07-22,21.99,21.99,21.73,16.701508999999998,21.76,77000
2011-07-25,21.559998999999998,21.889999,21.559998999999998,16.594057,21.620001000000002,108500
2011-07-26,21.559998999999998,21.68,21.34,16.386826,21.35,56600
2011-07-27,21.25,21.25,20.93,16.079805,20.950001,168900
2011-07-28,20.879998999999998,21.049999,20.83,16.033754000000002,20.889999,93900
2011-07-29,20.65,20.950001,20.51,15.949332,20.780001000000002,129300
2011-08-01,20.99,21.02,20.75,16.07214,20.940001000000002,137300
2011-08-02,20.83,21.0,20.4,15.673016,20.42,96300
2011-08-03,20.52,20.83,20.17,15.834195999999999,20.629998999999998,89500
2011-08-04,20.42,20.690001000000002,19.99,15.342979999999999,19.99,158800
2011-08-05,20.17,20.65,19.700001,15.335304999999998,19.98,162300
2011-08-08,19.5,20.290001,18.700001,14.352860999999999,18.700001,281700
2011-08-09,19.280001000000002,21.549999,18.950001,16.4559,21.440001000000002,376000
2011-08-10,20.879998999999998,20.879998999999998,19.67,15.319951000000001,19.959999,455700
2011-08-11,19.84,20.6,19.309998999999998,15.785893,20.26,273300
2011-08-12,20.440001000000002,20.700001,19.98,15.801476000000001,20.280001000000002,126400
2011-08-15,20.42,20.809998999999998,20.299999,16.191057,20.780001000000002,99900
2011-08-16,20.51,20.9,20.35,16.183267999999998,20.77,135700
2011-08-17,20.85,21.030001000000002,20.639999,16.167685000000002,20.75,121400
2011-08-18,20.299999,20.5,19.969998999999998,15.669020000000002,20.110001,175700
2011-08-19,19.73,20.34,19.629998999999998,15.520976000000001,19.92,146100
2011-08-22,20.299999,20.440001000000002,19.76,15.466436999999999,19.85,138800
2011-08-23,19.889999,20.23,19.870001000000002,15.739142000000001,20.200001,237600
2011-08-24,20.25,20.559998999999998,20.129998999999998,15.840434,20.33,192400
2011-08-25,20.459999,20.51,19.790001,15.497603,19.889999,123900
2011-08-26,19.799999,20.129998999999998,19.51,15.575517999999999,19.99,136100
2011-08-29,20.209999,20.65,20.209999,16.050808,20.6,174000
2011-08-30,20.559998999999998,20.629998999999998,20.290001,15.996267000000001,20.530001000000002,132600
2011-08-31,20.690001000000002,20.77,20.35,16.01964,20.559998999999998,185600
2011-09-01,20.620001000000002,20.77,20.09,15.72356,20.18,169100
2011-09-02,19.91,20.08,19.639999,15.388516000000001,19.75,176500
2011-09-06,19.41,19.73,19.299999,15.318395,19.66,181100
2011-09-07,19.959999,20.1,19.690001000000002,15.630059,20.059998999999998,153800
2011-09-08,20.02,20.16,19.799999,15.544354,19.950001,165800
2011-09-09,19.73,19.940001000000002,19.299999,15.20152,19.51,295900
2011-09-12,19.42,19.709999,19.309998999999998,15.349560999999998,19.700001,172100
2011-09-13,19.870001000000002,20.07,19.700001,15.567726,19.98,167500
2011-09-14,20.190001000000002,20.309998999999998,19.780001000000002,15.567726,19.98,245800
2011-09-15,20.120001000000002,20.15,19.77,15.614476000000002,20.040001,152400
2011-09-16,20.15,20.33,20.030001000000002,15.754726999999999,20.219998999999998,195100
2011-09-19,19.969998999999998,20.129998999999998,19.780001000000002,15.583312,20.0,123900
2011-09-20,20.059998999999998,20.34,19.860001,15.474228,19.860001,111400
2011-09-21,19.879998999999998,20.0,19.41,15.146978,19.440001000000002,138600
2011-09-22,19.01,19.34,18.889999,14.882060999999998,19.1,203200
2011-09-23,19.1,19.620001000000002,19.1,15.061271,19.33,175400
2011-09-26,19.469998999999998,19.52,19.040001,15.069057,19.34,135700
2011-09-27,19.709999,19.799999,19.190001000000002,15.154767999999999,19.450001,185300
2011-09-28,19.35,19.530001000000002,18.84,14.687269,18.85,125600
2011-09-29,19.059998999999998,19.120001000000002,18.440001000000002,14.64831,18.799999,321500
2011-09-30,18.549999,18.91,18.280001000000002,14.258732,18.299999,340600
2011-10-03,18.26,18.549999,17.700001,13.791228,17.700001,331900
2011-10-04,17.6,18.309998999999998,17.530001000000002,14.227564000000001,18.26,371600
2011-10-05,18.34,18.549999,18.120001000000002,14.336648,18.4,150900
2011-10-06,18.440001000000002,18.98,18.32,14.757395,18.940001000000002,179500
2011-10-07,19.040001,19.049999,18.459999,14.422353,18.51,127900
2011-10-10,18.75,18.959999,18.700001,14.741810000000001,18.92,196300
2011-10-11,18.860001,19.280001000000002,18.809998999999998,14.959979999999998,19.200001,151500
2011-10-12,19.440001000000002,19.440001000000002,19.08,14.967772,19.209999,174600
2011-10-13,19.059998999999998,19.219998999999998,18.860001,14.959979999999998,19.200001,116300
2011-10-14,19.440001000000002,19.58,19.110001,15.209310999999998,19.52,97200
2011-10-17,19.389999,19.440001000000002,18.9,14.749604000000001,18.93,129800
2011-10-18,18.99,19.68,18.99,15.217101999999999,19.530001000000002,146400
2011-10-19,19.5,19.76,19.219998999999998,15.030103,19.290001,114400
2011-10-20,19.280001000000002,19.360001,18.92,15.006726,19.26,78100
2011-10-21,19.57,19.639999,19.290001,15.287234,19.620001000000002,128700
2011-10-24,19.6,20.139999,19.58,15.684601,20.129998999999998,215300
2011-10-25,20.1,20.129998999999998,19.74,15.388516000000001,19.75,186700
2011-10-26,19.950001,19.950001,19.6,15.443060000000001,19.82,149300
2011-10-27,20.27,20.450001,20.02,15.926144,20.440001000000002,252600
2011-10-28,20.370001000000002,20.370001000000002,20.110001,15.715767000000001,20.17,135100
2011-10-31,19.959999,20.040001,19.4,15.123601,19.41,196000
2011-11-01,19.049999,19.280001000000002,18.9,14.772979000000001,18.959999,243600
2011-11-02,19.290001,19.559998999999998,19.219998999999998,15.178148,19.48,158600
2011-11-03,19.639999,20.08,19.41,15.466436999999999,19.85,240300
2011-11-04,20.0,20.040001,19.58,15.567726,19.98,136500
2011-11-07,19.92,20.65,19.84,16.043015,20.59,288300
2011-11-08,20.610001,20.68,20.23,16.074181,20.629998999999998,147300
2011-11-09,20.26,20.75,20.26,15.988478,20.52,289400
2011-11-10,20.33,20.549999,20.15,16.137114999999998,20.41,193300
2011-11-11,20.450001,20.59,20.389999,16.200369,20.49,139900
2011-11-14,20.440001000000002,20.5,20.0,15.884109,20.09,153600
2011-11-15,20.02,20.65,20.02,16.29525,20.610001,188000
2011-11-16,20.469998999999998,20.83,20.389999,16.287346,20.6,136700
2011-11-17,20.59,20.83,20.27,16.121307,20.389999,126900
2011-11-18,20.389999,20.66,20.389999,16.27944,20.59,119000
2011-11-21,20.370001000000002,20.709999,20.200001,16.192465,20.48,139200
2011-11-22,20.51,20.51,20.17,15.94736,20.17,96400
2011-11-23,20.09,20.1,19.74,15.789231,19.969998999999998,160100
2011-11-25,19.9,20.049999,19.66,15.552041000000001,19.67,58300
2011-11-28,20.219998999999998,20.459999,20.049999,16.160841,20.440001000000002,135500
2011-11-29,20.42,20.85,20.32,16.32687,20.65,155000
2011-11-30,21.01,21.690001000000002,21.01,17.141241,21.68,364400
2011-12-01,21.57,21.75,21.290001,16.840794,21.299999,137000
2011-12-02,21.52,21.6,21.139999,16.73801,21.17,69600
2011-12-05,21.49,21.629998999999998,21.27,17.038458,21.549999,130300
2011-12-06,21.620001000000002,21.719998999999998,21.450001,16.991014,21.49,97900
2011-12-07,21.440001000000002,21.700001,21.219998999999998,17.054268,21.57,104300
2011-12-08,21.459999,21.530001000000002,20.92,16.556160000000002,20.940001000000002,108900
2011-12-09,21.02,21.58,21.02,17.006829999999997,21.51,124800
2011-12-12,21.5,21.610001,21.049999,16.880323,21.35,128500
2011-12-13,21.59,21.940001000000002,21.18,16.840794,21.299999,134100
2011-12-14,21.200001,21.48,20.9,16.564066,20.950001,114500
2011-12-15,21.27,21.49,21.01,16.753822,21.190001000000002,142700
2011-12-16,21.360001,21.41,21.059998999999998,16.7222,21.15,242200
2011-12-19,21.25,21.5,20.92,16.540354,20.92,125300
2011-12-20,21.24,21.74,21.219998999999998,17.157057000000002,21.700001,152300
2011-12-21,21.700001,21.879998999999998,21.41,17.259833999999998,21.83,78100
2011-12-22,21.870001000000002,22.129998999999998,21.75,17.307276,21.889999,124200
2011-12-23,21.9,22.0,21.76,17.267744,21.84,71000
2011-12-27,21.77,22.25,21.73,17.536568,22.18,116700
2011-12-28,22.209999,22.280001000000002,21.879998999999998,17.346809,21.940001000000002,130300
2011-12-29,22.0,22.25,22.0,17.433779,22.049999,84600
2011-12-30,22.01,22.25,22.0,17.410065,22.02,152600
2012-01-03,22.280001000000002,22.290001,22.01,17.584,22.24,179900
2012-01-04,22.129998999999998,22.440001000000002,22.01,17.560284,22.209999,169000
2012-01-05,22.200001,22.389999,21.940001000000002,17.607723,22.27,93200
2012-01-06,22.24,22.299999,21.98,17.481222,22.110001,87400
2012-01-09,22.26,22.33,21.99,17.449598,22.07,107800
2012-01-10,22.23,22.25,21.969998999999998,17.465405,22.09,160000
2012-01-11,21.99,22.25,21.82,17.584,22.24,75700
2012-01-12,22.25,22.33,22.129998999999998,17.647254999999998,22.32,62000
2012-01-13,22.01,22.190001000000002,22.01,17.465405,22.09,73100
2012-01-17,22.24,22.24,21.66,17.275651999999997,21.85,125600
2012-01-18,21.780001000000002,21.93,21.549999,17.338901999999997,21.93,99100
2012-01-19,21.93,21.93,21.549999,17.117519,21.65,80100
2012-01-20,21.57,22.030001000000002,21.57,17.394247,22.0,91900
2012-01-23,21.950001,22.25,21.93,17.386341,21.99,52900
2012-01-24,21.870001000000002,22.07,21.77,17.378435,21.98,84700
2012-01-25,21.98,22.040001,21.84,17.394247,22.0,122400
2012-01-26,22.059998999999998,22.34,21.93,17.544473999999997,22.190001000000002,106900
2012-01-27,22.129998999999998,22.5,22.129998999999998,17.76585,22.469998999999998,103300
2012-01-30,22.360001,22.57,22.299999,17.726323999999998,22.42,91500
2012-01-31,22.459999,22.459999,21.959999,17.465405,22.09,181100
2012-02-01,22.18,22.18,22.0,17.457501999999998,22.08,261600
2012-02-02,22.18,22.200001,22.02,17.465405,22.09,163600
2012-02-03,22.41,22.559998999999998,22.049999,17.750042,22.450001,189400
2012-02-06,22.389999,22.43,22.18,17.615629000000002,22.280001000000002,109100
2012-02-07,22.08,22.190001000000002,21.889999,17.354717,21.950001,192200
2012-02-08,21.940001000000002,22.48,21.940001000000002,17.750042,22.450001,177600
2012-02-09,22.450001,22.450001,22.1,17.678879000000002,22.360001,139500
2012-02-10,22.23,22.280001000000002,22.1,17.544473999999997,22.190001000000002,129600
2012-02-13,22.040001,22.040001,21.629998999999998,17.486773,21.82,138600
2012-02-14,21.73,21.75,21.49,17.3906,21.700001,113900
2012-02-15,21.75,21.799999,21.370001000000002,17.190248,21.450001,148600
2012-02-16,21.52,21.860001,21.52,17.5028,21.84,101800
2012-02-17,21.98,22.0,21.75,17.631025,22.0,127500
2012-02-21,21.940001000000002,22.0,21.690001000000002,17.3906,21.700001,224800
2012-02-22,21.73,21.969998999999998,21.68,17.3906,21.700001,108300
2012-02-23,21.68,21.91,21.639999,17.55088,21.9,140800
2012-02-24,21.860001,21.9,21.75,17.478754000000002,21.809998999999998,51300
2012-02-27,21.690001000000002,21.719998999999998,21.459999,17.3906,21.700001,58800
2012-02-28,21.76,21.860001,21.4,17.262376999999997,21.540001,52400
2012-02-29,21.559998999999998,21.610001,21.219998999999998,17.021954,21.24,113700
2012-03-01,21.290001,21.469998999999998,21.16,16.957838,21.16,99500
2012-03-02,21.18,21.24,20.9,16.797554,20.959999,142000
2012-03-05,20.860001,21.23,20.700001,17.013937,21.23,83400
2012-03-06,21.08,21.1,20.93,16.829615,21.0,84200
2012-03-07,21.15,21.280001000000002,21.0,17.054007000000002,21.280001000000002,110500
2012-03-08,21.41,21.41,21.02,17.110104,21.35,105700
2012-03-09,21.309998999999998,21.73,21.27,17.334498999999997,21.629998999999998,110800
2012-03-12,21.639999,21.870001000000002,21.549999,17.462732,21.790001,135500
2012-03-13,21.92,21.98,21.790001,17.542868,21.889999,142700
2012-03-14,21.860001,21.9,21.540001,17.278402,21.559998999999998,99200
2012-03-15,21.49,21.84,21.440001000000002,17.5028,21.84,84900
2012-03-16,21.860001,21.93,21.73,17.558895,21.91,176700
2012-03-19,21.9,21.93,21.780001000000002,17.510811,21.85,163900
2012-03-20,21.67,21.809998999999998,21.620001000000002,17.358543,21.66,79500
2012-03-21,21.68,21.719998999999998,21.540001,17.310457,21.6,66400
2012-03-22,21.5,21.59,21.309998999999998,17.206272,21.469998999999998,74200
2012-03-23,21.42,21.639999,21.299999,17.326487,21.620001000000002,90600
2012-03-26,21.809998999999998,22.280001000000002,21.719998999999998,17.847404,22.27,178200
2012-03-27,22.309998999999998,22.389999,22.139999,17.887476,22.32,102600
2012-03-28,22.309998999999998,22.309998999999998,22.02,17.727192000000002,22.120001000000002,85000
2012-03-29,22.0,22.120001000000002,21.67,17.406626,21.719998999999998,233300
2012-03-30,21.93,22.0,21.700001,17.3906,21.700001,178400
2012-04-02,21.690001000000002,22.24,21.629998999999998,17.815345999999998,22.23,138400
2012-04-03,22.17,22.17,21.860001,17.663079999999997,22.040001,95700
2012-04-04,21.92,21.98,21.719998999999998,17.510811,21.85,71900
2012-04-05,21.889999,21.9,21.68,17.5028,21.84,122900
2012-04-09,21.52,21.74,21.52,17.326487,21.620001000000002,88400
2012-04-10,21.67,21.799999,21.110001,16.997904000000002,21.209999,129500
2012-04-11,21.4,21.4,21.09,16.981884,21.190001000000002,112300
2012-04-12,21.280001000000002,21.49,21.16,17.166207999999997,21.42,79500
2012-04-13,21.27,21.379998999999998,21.15,16.973867000000002,21.18,79400
2012-04-16,21.190001000000002,21.49,21.15,17.182236,21.440001000000002,89400
2012-04-17,21.540001,22.0,21.540001,17.446701,21.77,132000
2012-04-18,21.629998999999998,21.76,21.379998999999998,17.214291,21.48,94300
2012-04-19,21.52,21.59,21.16,17.045992000000002,21.27,95000
2012-04-20,21.610001,21.76,21.360001,17.374575,21.68,104400
2012-04-23,21.33,21.530001000000002,21.15,17.07003,21.299999,119600
2012-04-24,21.26,21.59,21.200001,17.302448000000002,21.59,96000
2012-04-25,21.83,21.92,21.65,17.518826,21.860001,88900
2012-04-26,21.780001000000002,21.950001,21.75,17.558895,21.91,62500
2012-04-27,21.91,22.09,21.74,17.590956,21.950001,108000
2012-04-30,21.870001000000002,22.24,21.870001000000002,17.598967000000002,21.959999,113000
2012-05-01,21.959999,22.200001,21.889999,17.55088,21.9,122000
2012-05-02,21.790001,21.83,21.66,17.454720000000002,21.780001000000002,66700
2012-05-03,21.790001,21.83,21.6,17.326487,21.620001000000002,77000
2012-05-04,21.5,21.65,21.41,17.158195000000003,21.41,95100
2012-05-07,21.370001000000002,21.540001,21.35,17.206272,21.469998999999998,78000
2012-05-08,21.4,22.040001,21.370001000000002,17.639042,22.01,82600
2012-05-09,21.76,22.02,21.75,17.5028,21.84,98000
2012-05-10,21.93,22.09,21.809998999999998,17.614995999999998,21.98,222000
2012-05-11,21.469998999999998,21.76,21.27,17.475262,21.51,120800
2012-05-14,21.360001,21.74,21.299999,17.467136,21.5,130500
2012-05-15,21.469998999999998,21.639999,21.32,17.418388,21.440001000000002,75000
2012-05-16,21.459999,21.65,21.370001000000002,17.540255,21.59,72500
2012-05-17,21.58,21.780001000000002,21.32,17.3209,21.32,85300
2012-05-18,21.26,21.690001000000002,21.040001,17.142164,21.1,119200
2012-05-21,21.15,21.25,20.940001000000002,17.264029999999998,21.25,98700
2012-05-22,21.17,21.34,21.07,17.190910000000002,21.16,119000
2012-05-23,20.92,21.15,20.9,17.158413,21.120001000000002,87000
2012-05-24,21.17,21.280001000000002,20.870001000000002,17.174657999999997,21.139999,55300
2012-05-25,21.08,21.24,21.08,17.182782999999997,21.15,45400
2012-05-29,21.25,21.41,21.08,17.288401,21.280001000000002,51200
2012-05-30,21.139999,21.41,21.0,17.060926000000002,21.0,65100
2012-05-31,20.99,21.26,20.959999,17.166535999999997,21.129998999999998,96800
2012-06-01,20.860001,21.32,20.860001,17.272152,21.26,113400
2012-06-04,21.32,21.469998999999998,21.280001000000002,17.385897,21.4,84800
2012-06-05,21.26,21.790001,21.26,17.605249,21.67,132900
2012-06-06,21.82,22.190001000000002,21.65,18.027706,22.190001000000002,149200
2012-06-07,22.389999,22.389999,22.209999,18.100824,22.280001000000002,135200
2012-06-08,22.16,22.370001000000002,22.049999,18.05208,22.219998999999998,111400
2012-06-11,22.530001000000002,22.530001000000002,21.91,17.816477,21.93,153700
2012-06-12,22.08,22.17,21.84,17.913967,22.049999,113800
2012-06-13,21.959999,22.34,21.889999,18.117073,22.299999,130700
2012-06-14,22.34,22.5,22.23,18.165820999999998,22.360001,119000
2012-06-15,22.27,22.43,22.15,18.133322,22.32,165300
2012-06-18,22.049999,22.43,22.049999,18.133322,22.32,126900
2012-06-19,22.33,23.0,22.33,18.588278,22.879998999999998,161000
2012-06-20,22.82,22.940001000000002,22.48,18.393299,22.639999,98000
2012-06-21,22.67,22.67,22.219998999999998,18.10895,22.290001,129700
2012-06-22,22.24,22.559998999999998,22.24,18.222689000000003,22.43,224000
2012-06-25,22.16,22.41,22.16,18.076454000000002,22.25,82300
2012-06-26,22.4,22.4,22.16,18.003334,22.16,85800
2012-06-27,22.16,22.620001000000002,22.16,18.312057,22.540001,112700
2012-06-28,22.469998999999998,22.6,22.27,18.336428,22.57,54300
2012-06-29,22.969998999999998,22.99,22.709999,18.53141,22.809998999999998,117000
2012-07-02,22.809998999999998,23.16,22.780001000000002,18.815762,23.16,150200
2012-07-03,23.040001,23.219998999999998,23.01,18.823885,23.17,65500
2012-07-05,23.0,23.190001000000002,23.0,18.750767,23.08,57900
2012-07-06,22.860001,23.1,22.860001,18.693895,23.01,61900
2012-07-09,23.040001,23.07,22.91,18.726392999999998,23.049999,48500
2012-07-10,23.200001,23.200001,22.870001000000002,18.67765,22.99,76100
2012-07-11,23.08,23.42,22.93,19.002623,23.389999,108900
2012-07-12,23.24,23.450001,23.17,19.04324,23.440001000000002,98200
2012-07-13,23.450001,23.959999,23.4,19.433201,23.92,98000
2012-07-16,23.93,23.93,23.610001,19.221972,23.66,54400
2012-07-17,23.879998999999998,23.9,23.620001000000002,19.327589,23.790001,84600
2012-07-18,23.860001,23.93,23.700001,19.384459,23.860001,92500
2012-07-19,23.940001000000002,23.950001,23.73,19.425076999999998,23.91,86300
2012-07-20,23.68,23.9,23.6,19.230101,23.67,94100
2012-07-23,23.389999,23.459999,23.120001000000002,18.864506,23.219998999999998,110900
2012-07-24,23.290001,23.290001,22.91,18.669521,22.98,78700
2012-07-25,23.139999,23.190001000000002,22.92,18.750767,23.08,71300
2012-07-26,23.280001000000002,23.4,23.1,18.807636,23.15,66000
2012-07-27,23.23,23.629998999999998,23.190001000000002,19.156976999999998,23.58,100800
2012-07-30,23.67,23.889999,23.51,19.319461999999998,23.780001000000002,93900
2012-07-31,23.709999,23.9,23.43,19.067612,23.469998999999998,124600
2012-08-01,23.639999,23.83,23.110001,18.775145000000002,23.110001,151200
2012-08-02,23.07,23.25,22.93,18.68577,23.0,81300
2012-08-03,23.16,23.469998999999998,23.16,18.970121,23.35,84700
2012-08-06,23.33,23.67,23.309998999999998,18.961996,23.34,96300
2012-08-07,22.99,23.610001,22.969998999999998,19.010742,23.4,147800
2012-08-08,23.389999,23.629998999999998,23.35,19.100109,23.51,59000
2012-08-09,23.5,23.74,23.34,19.165101999999997,23.59,90100
2012-08-10,23.58,23.790001,23.459999,19.270718,23.719998999999998,88200
2012-08-13,23.379998999999998,23.379998999999998,22.85,18.989334,23.08,80700
2012-08-14,23.26,23.49,23.040001,19.03047,23.129998999999998,160300
2012-08-15,23.01,23.01,22.9,18.89883,22.969998999999998,65500
2012-08-16,23.23,23.23,22.75,18.972876,23.059998999999998,79700
2012-08-17,22.98,23.110001,22.9,19.005789,23.1,60000
2012-08-20,22.969998999999998,23.049999,22.85,18.841232,22.9,86400
2012-08-21,23.0,23.18,22.85,18.907059,22.98,79800
2012-08-22,23.01,23.040001,22.870001000000002,18.915283,22.99,67900
2012-08-23,22.879998999999998,22.99,22.549999,18.610865,22.620001000000002,54500
2012-08-24,22.559998999999998,22.92,22.5,18.808319,22.860001,52300
2012-08-27,22.889999,23.1,22.76,18.972876,23.059998999999998,63100
2012-08-28,22.969998999999998,23.1,22.91,18.874147,22.940001000000002,63700
2012-08-29,23.01,23.1,22.82,18.907059,22.98,45400
2012-08-30,22.93,22.93,22.75,18.734274,22.77,27000
2012-08-31,22.950001,22.950001,22.540001,18.627317,22.639999,79500
2012-09-04,22.6,23.09,22.57,18.981106,23.07,78000
2012-09-05,23.16,23.27,22.73,18.758955,22.799999,170700
2012-09-06,22.959999,23.0,22.690001000000002,18.833004000000003,22.889999,207300
2012-09-07,23.01,23.190001000000002,22.889999,19.079838,23.190001000000002,111500
2012-09-10,23.280001000000002,23.389999,23.17,19.186795999999998,23.32,103500
2012-09-11,23.35,23.49,23.299999,19.236166,23.379998999999998,71500
2012-09-12,23.440001000000002,23.459999,23.209999,19.219707,23.360001,62000
2012-09-13,23.299999,23.84,23.07,19.466537,23.66,129800
2012-09-14,23.6,23.9,23.280001000000002,19.499443,23.700001,114200
2012-09-17,23.59,23.74,23.51,19.491219,23.690001000000002,62100
2012-09-18,23.74,23.940001000000002,23.5,19.688679,23.93,73100
2012-09-19,23.950001,23.950001,23.700001,19.524128,23.73,75000
2012-09-20,23.709999,24.0,23.59,19.664,23.9,71100
2012-09-21,24.0,24.0,23.76,19.680452,23.92,172300
2012-09-24,23.799999,24.110001,23.799999,19.713364000000002,23.959999,101900
2012-09-25,24.0,24.35,23.889999,19.696904999999997,23.940001000000002,105700
2012-09-26,23.9,24.200001,23.84,19.696904999999997,23.940001000000002,58700
2012-09-27,23.959999,24.209999,23.82,19.845003,24.120001000000002,78300
2012-09-28,23.99,24.07,23.790001,19.631088000000002,23.860001,68000
2012-10-01,24.030001000000002,24.18,23.68,19.548813,23.76,83600
2012-10-02,23.9,23.98,23.67,19.598177,23.82,50400
2012-10-03,23.77,24.059998999999998,23.76,19.557041,23.77,56900
2012-10-04,23.82,24.0,23.76,19.622861999999998,23.85,66300
2012-10-05,23.84,24.15,23.700001,19.58172,23.799999,46400
2012-10-08,23.77,23.98,23.639999,19.696904999999997,23.940001000000002,44800
2012-10-09,23.889999,23.889999,23.66,19.573496,23.790001,42400
2012-10-10,23.860001,23.93,23.690001000000002,19.614634,23.84,42700
2012-10-11,23.9,23.92,23.76,19.622861999999998,23.85,40900
2012-10-12,23.84,23.950001,23.620001000000002,19.548813,23.76,33000
2012-10-15,23.75,24.040001,23.620001000000002,19.754499,24.01,46000
2012-10-16,24.139999,24.139999,23.75,19.845003,24.120001000000002,66900
2012-10-17,24.129998999999998,24.299999,24.02,19.951961999999998,24.25,62000
2012-10-18,24.25,24.32,24.040001,19.787409,24.049999,76500
2012-10-19,23.870001000000002,24.08,23.76,19.606403,23.83,79700
2012-10-22,23.870001000000002,23.93,23.67,19.647543,23.879998999999998,56800
2012-10-23,23.790001,24.0,23.6,19.721592,23.969998999999998,62800
2012-10-24,24.08,24.09,23.780001000000002,19.606403,23.83,50900
2012-10-25,24.0,24.200001,23.85,19.754499,24.01,37300
2012-10-26,23.950001,24.129998999999998,23.83,19.746271,24.0,39700
2012-10-31,23.889999,24.129998999999998,23.879998999999998,19.828552,24.1,79600
2012-11-01,24.1,24.309998999999998,23.93,19.705132,23.950001,80700
2012-11-02,24.059998999999998,24.190001000000002,23.940001000000002,19.721592,23.969998999999998,98900
2012-11-05,24.040001,24.200001,23.85,19.754499,24.01,95500
2012-11-06,24.1,24.99,23.98,20.437395000000002,24.84,106400
2012-11-07,24.49,24.639999,24.049999,19.787409,24.049999,138600
2012-11-08,24.049999,24.24,23.959999,19.713364000000002,23.959999,110600
2012-11-09,23.889999,24.1,23.82,19.672224,23.91,73500
2012-11-12,23.889999,23.950001,23.629998999999998,19.548813,23.76,47000
2012-11-13,23.299999,23.75,23.200001,19.563807,23.48,90100
2012-11-14,23.469998999999998,23.59,23.1,19.288845000000002,23.15,104700
2012-11-15,23.26,23.299999,22.860001,19.263853,23.120001000000002,96900
2012-11-16,23.02,23.370001000000002,22.92,19.447159,23.34,101200
2012-11-19,23.49,23.57,23.290001,19.630466000000002,23.559998999999998,89000
2012-11-20,23.48,23.68,23.24,19.513813,23.42,57800
2012-11-21,23.51,23.66,23.25,19.713787,23.66,53800
2012-11-23,23.75,23.75,23.52,19.747116000000002,23.700001,31300
2012-11-26,23.73,23.92,23.549999,19.913757,23.9,62100
2012-11-27,23.959999,24.08,23.870001000000002,19.913757,23.9,64600
2012-11-28,23.73,24.040001,23.51,19.980415,23.98,49400
2012-11-29,24.139999,24.27,23.65,20.163723,24.200001,69500
2012-11-30,24.25,24.25,24.0,20.188717,24.23,100500
2012-12-03,24.42,24.5,24.200001,20.388687,24.469998999999998,76600
2012-12-04,24.5,24.6,24.24,20.247042,24.299999,96700
2012-12-05,24.440001000000002,24.6,24.32,20.422016,24.51,117900
2012-12-06,24.42,24.6,24.309998999999998,20.388687,24.469998999999998,51200
2012-12-07,24.620001000000002,24.690001000000002,24.370001000000002,20.546995000000003,24.66,73700
2012-12-10,24.75,24.959999,24.6,20.771969,24.93,99800
2012-12-11,25.0,25.200001,24.91,20.89695,25.08,111300
2012-12-12,25.18,25.209999,24.889999,20.755301,24.91,80400
2012-12-13,25.0,25.040001,24.690001000000002,20.655317,24.790001,62400
2012-12-14,24.809998999999998,25.01,24.610001,20.605324,24.73,70800
2012-12-17,24.82,25.030001000000002,24.799999,20.838623000000002,25.01,95100
2012-12-18,25.0,25.23,25.0,20.946941,25.139999,126500
2012-12-19,25.120001000000002,25.219998999999998,25.0,20.888617,25.07,86800
2012-12-20,25.1,25.200001,24.969998999999998,20.980267,25.18,137100
2012-12-21,25.049999,25.25,24.5,20.980267,25.18,293100
2012-12-24,24.77,25.049999,24.700001,20.863617,25.040001,43400
2012-12-26,25.030001000000002,25.08,24.76,20.671982,24.809998999999998,55800
2012-12-27,24.77,24.799999,24.32,20.596989,24.719998999999998,92900
2012-12-28,24.58,24.889999,24.07,20.438677,24.530001000000002,64700
2012-12-31,24.440001000000002,25.059998999999998,24.35,20.830289999999998,25.0,118900
2013-01-02,25.25,25.790001,25.190001000000002,21.446863,25.74,185000
2013-01-03,25.74,25.74,25.35,21.221897,25.469998999999998,89600
2013-01-04,25.6,25.629998999999998,25.440001000000002,21.205238,25.450001,88000
2013-01-07,25.290001,25.52,25.17,21.21357,25.459999,81900
2013-01-08,25.52,25.66,25.379998999999998,21.34688,25.620001000000002,64100
2013-01-09,25.690001000000002,25.84,25.559998999999998,21.380209,25.66,62000
2013-01-10,25.85,25.879998999999998,25.59,21.555183,25.870001000000002,64000
2013-01-11,25.91,25.91,25.59,21.530191000000002,25.84,68200
2013-01-14,25.860001,26.0,25.83,21.613508,25.940001000000002,47800
2013-01-15,25.799999,26.01,25.610001,21.630173000000003,25.959999,39500
2013-01-16,25.85,25.950001,25.709999,21.471865,25.77,37300
2013-01-17,25.799999,26.1,25.75,21.721825,26.07,53000
2013-01-18,26.040001,26.27,25.940001000000002,21.880138,26.26,58900
2013-01-22,26.299999,26.4,26.200001,21.988455,26.389999,134400
2013-01-23,26.42,26.5,26.200001,22.04678,26.459999,60100
2013-01-24,26.43,26.629998999999998,26.02,22.096771,26.52,71900
2013-01-25,26.549999,26.709999,26.280001000000002,22.04678,26.459999,67100
2013-01-28,26.32,26.780001000000002,26.32,22.238417000000002,26.690001000000002,62400
2013-01-29,26.74,27.17,26.74,22.588369,27.110001,95000
2013-01-30,27.09,27.190001000000002,26.700001,22.288408,26.75,77700
2013-01-31,26.780001000000002,26.950001,26.719998999999998,22.396727,26.879998999999998,84800
2013-02-01,27.15,27.450001,27.0,22.780003,27.34,86000
2013-02-04,27.209999,27.34,26.76,22.35507,26.83,64900
2013-02-05,27.0,27.309998999999998,27.0,22.571703,27.09,50800
2013-02-06,27.040001,27.42,27.01,22.821665,27.389999,68000
2013-02-07,27.35,27.42,27.15,22.76334,27.32,64100
2013-02-08,27.32,27.49,27.110001,22.746679,27.299999,61600
2013-02-11,27.360001,27.5,27.200001,22.671684,27.209999,63900
2013-02-12,27.75,27.75,27.23,22.913315,27.5,165300
2013-02-13,27.42,27.83,27.290001,23.348789,27.719998999999998,144100
2013-02-14,27.58,28.09,27.4,23.609909,28.030001000000002,105100
2013-02-15,28.200001,28.200001,27.889999,23.609909,28.030001000000002,119000
2013-02-19,27.98,28.540001,27.940001000000002,24.031063,28.530001000000002,135900
2013-02-20,28.459999,28.77,28.24,23.820484,28.280001000000002,154400
2013-02-21,28.280001000000002,28.49,27.940001000000002,23.677296,28.110001,83300
2013-02-22,28.370001000000002,28.719998999999998,28.280001000000002,24.132141,28.65,116500
2013-02-25,28.709999,28.82,27.969998999999998,23.567792999999998,27.98,99200
2013-02-26,28.030001000000002,28.379998999999998,28.030001000000002,23.71941,28.16,95300
2013-02-27,28.200001,28.700001,28.200001,23.963682000000002,28.450001,125500
2013-02-28,28.49,29.209999,28.41,24.334293,28.889999,174100
2013-03-01,28.620001000000002,29.139999,28.27,24.485907,29.07,142200
2013-03-04,29.09,29.389999,28.77,24.713335,29.34,109900
2013-03-05,29.4,29.700001,29.299999,24.907061,29.57,110000
2013-03-06,29.65,29.92,29.65,25.126068,29.83,141900
2013-03-07,29.83,29.85,29.65,25.083945999999997,29.780001000000002,105800
2013-03-08,29.950001,30.280001000000002,29.809998999999998,25.488256,30.26,167000
2013-03-11,30.299999,30.299999,30.0,25.47983,30.25,120400
2013-03-12,30.200001,30.549999,30.08,25.555641,30.34,104400
2013-03-13,30.27,30.639999,30.15,25.690407,30.5,64600
2013-03-14,30.49,30.719998999999998,30.450001,25.86729,30.709999,88300
2013-03-15,30.870001000000002,30.9,30.549999,26.002062,30.870001000000002,229000
2013-03-18,30.440001000000002,30.889999,30.4,25.86729,30.709999,98900
2013-03-19,30.75,30.870001000000002,30.35,25.783066,30.610001,90000
2013-03-20,30.700001,30.9,30.66,25.943102,30.799999,67600
2013-03-21,30.639999,30.690001000000002,30.41,25.74095,30.559998999999998,120000
2013-03-22,30.700001,30.709999,30.299999,25.749369,30.57,137700
2013-03-25,30.57,30.98,30.530001000000002,26.018909,30.889999,85200
2013-03-26,30.879998999999998,31.0,30.700001,26.111568,31.0,90200
2013-03-27,30.9,31.129998999999998,30.700001,26.111568,31.0,72700
2013-03-28,31.059998999999998,31.34,31.0,26.229490000000002,31.139999,188100
2013-04-01,31.15,31.48,30.68,26.136833,31.030001000000002,167300
2013-04-02,31.219998999999998,31.34,30.9,26.077869,30.959999,68500
2013-04-03,30.92,30.93,30.49,25.690407,30.5,116700
2013-04-04,30.690001000000002,31.01,30.51,26.119985999999997,31.01,93100
2013-04-05,30.540001,31.030001000000002,30.51,26.052601,30.93,74200
2013-04-08,30.93,31.25,30.809998999999998,26.305294,31.23,46100
2013-04-09,31.040001,31.16,30.84,25.976797,30.84,126500
2013-04-10,30.82,31.549999,30.82,26.515869,31.48,116000
2013-04-11,31.370001000000002,31.700001,31.299999,26.60853,31.59,100800
2013-04-12,31.379998999999998,31.629998999999998,31.35,26.490603999999998,31.450001,74500
2013-04-15,31.25,31.35,30.23,25.505104,30.280001000000002,157400
2013-04-16,30.42,30.940001000000002,30.290001,25.993641,30.860001,106100
2013-04-17,30.629998999999998,30.75,29.84,25.345062,30.09,165100
2013-04-18,30.1,30.370001000000002,29.98,25.437719,30.200001,113700
2013-04-19,30.190001000000002,30.809998999999998,30.059998999999998,25.917835,30.77,79200
2013-04-22,30.790001,30.790001,30.26,25.858871,30.700001,93500
2013-04-23,30.93,31.4,30.879998999999998,26.431641,31.379998999999998,102700
2013-04-24,31.309998999999998,31.379998999999998,31.110001,26.431641,31.379998999999998,74700
2013-04-25,31.389999,31.59,31.110001,26.296869,31.219998999999998,64500
2013-04-26,31.18,31.18,30.870001000000002,26.044176,30.92,75800
2013-04-29,31.0,31.190001000000002,30.93,26.246334,31.16,56900
2013-04-30,31.01,31.200001,30.85,26.280023999999997,31.200001,113300
2013-05-01,31.01,31.049999,30.280001000000002,25.505104,30.280001000000002,175900
2013-05-02,30.370001000000002,30.690001000000002,30.299999,25.715683,30.530001000000002,53200
2013-05-03,30.940001000000002,31.23,30.59,26.103142000000002,30.99,74200
2013-05-06,31.07,31.24,30.74,26.035757,30.91,61800
2013-05-07,31.0,31.110001,30.5,26.052601,30.93,85300
2013-05-08,30.84,31.030001000000002,30.51,25.833603,30.67,56400
2013-05-09,30.639999,30.77,29.42,24.966022,29.639999,191300
2013-05-10,29.68,30.09,29.629998999999998,25.252413,29.98,92100
2013-05-13,29.57,29.620001000000002,29.219998999999998,25.011651999999998,29.4,86400
2013-05-14,29.35,29.610001,29.219998999999998,25.045679,29.440001000000002,135700
2013-05-15,29.280001000000002,29.91,29.219998999999998,25.343435,29.790001,105400
2013-05-16,29.76,29.76,29.360001,25.079710000000002,29.48,57600
2013-05-17,29.540001,29.67,29.24,25.198812,29.620001000000002,90800
2013-05-20,29.629998999999998,29.719998999999998,29.26,24.994638000000002,29.379998999999998,137800
2013-05-21,29.299999,29.6,29.190001000000002,25.113739000000002,29.52,154700
2013-05-22,29.48,29.84,28.59,24.458672,28.75,108400
2013-05-23,28.43,28.67,27.18,24.305542000000003,28.57,218100
2013-05-24,28.35,28.459999,28.07,24.152404999999998,28.389999,83100
2013-05-28,28.610001,29.0,28.299999,24.211956,28.459999,90700
2013-05-29,28.309998999999998,28.41,27.5,23.463312,27.58,92200
2013-05-30,27.58,28.23,27.51,23.497341,27.620001000000002,146800
2013-05-31,27.42,27.76,27.09,23.242115,27.32,85200
2013-06-03,27.309998999999998,28.26,27.1,23.948229,28.15,231100
2013-06-04,28.27,28.450001,27.709999,23.701515,27.860001,81400
2013-06-05,27.9,27.9,27.309998999999998,23.284658,27.370001000000002,68100
2013-06-06,27.450001,27.92,27.389999,23.744053,27.91,89700
2013-06-07,28.040001,28.25,27.75,23.89719,28.09,95800
2013-06-10,28.280001000000002,28.33,27.809998999999998,23.98226,28.190001000000002,83400
2013-06-11,27.9,28.35,27.9,23.829124,28.01,66900
2013-06-12,28.219998999999998,28.49,27.74,23.650471,27.799999,158000
2013-06-13,27.85,28.24,27.51,23.98226,28.190001000000002,73700
2013-06-14,28.09,28.139999,27.66,23.616446,27.76,94400
2013-06-17,27.969998999999998,28.17,27.91,23.89719,28.09,81200
2013-06-18,28.190001000000002,28.74,27.77,24.39912,28.68,108900
2013-06-19,28.76,28.780001000000002,27.950001,23.778086,27.950001,49300
2013-06-20,27.549999,27.700001,26.9,22.978392000000003,27.01,115700
2013-06-21,27.1,27.370001000000002,26.5,23.233608,27.309998999999998,246100
2013-06-24,27.129998999999998,27.629998999999998,27.0,23.216597,27.290001,106700
2013-06-25,27.51,27.85,27.190001000000002,23.624952,27.77,77500
2013-06-26,28.0,28.0,27.6,23.497341,27.620001000000002,40800
2013-06-27,27.75,28.309998999999998,27.75,24.016291,28.23,93200
2013-06-28,28.09,28.58,27.9,24.160915,28.4,311200
2013-07-01,28.440001000000002,28.440001000000002,28.049999,24.101361999999998,28.33,99400
2013-07-02,28.23,28.700001,28.02,24.194942,28.440001000000002,56700
2013-07-03,28.24,28.75,28.23,24.305542000000003,28.57,35100
2013-07-05,28.959999,29.26,28.42,24.875534,29.24,79100
2013-07-08,29.280001000000002,29.629998999999998,28.93,24.62882,28.950001,96300
2013-07-09,29.02,29.41,28.76,25.003145,29.389999,86400
2013-07-10,29.290001,29.620001000000002,29.08,25.156273000000002,29.57,62800
2013-07-11,29.91,30.08,29.360001,25.564629,30.049999,86200
2013-07-12,29.92,30.129998999999998,29.75,25.581644,30.07,77900
2013-07-15,30.0,30.67,29.870001000000002,26.007015,30.57,79000
2013-07-16,30.540001,30.99,30.33,26.313278000000004,30.93,103700
2013-07-17,31.0,31.370001000000002,30.780001000000002,26.645065000000002,31.32,63600
2013-07-18,31.280001000000002,31.65,31.23,26.908792,31.629998999999998,80300
2013-07-19,31.459999,31.700001,31.209999,26.968348,31.700001,60900
2013-07-22,31.5,31.85,31.469998999999998,26.934315,31.66,53500
2013-07-23,31.700001,31.879998999999998,31.34,26.917301000000002,31.639999,61400
2013-07-24,31.719998999999998,31.719998999999998,30.799999,26.313278000000004,30.93,64300
2013-07-25,30.77,31.66,30.370001000000002,26.908792,31.629998999999998,99800
2013-07-26,31.299999,31.65,31.26,26.806707,31.51,36500
2013-07-29,31.48,31.48,30.93,26.534468,31.190001000000002,67400
2013-07-30,31.23,31.23,30.690001000000002,26.415369000000002,31.049999,70600
2013-07-31,31.07,31.219998999999998,30.370001000000002,26.024027,30.59,99200
2013-08-01,30.879998999999998,31.25,30.790001,26.551483,31.209999,77600
2013-08-02,31.139999,31.32,31.0,26.551483,31.209999,42800
2013-08-05,31.07,31.33,30.84,26.542973999999997,31.200001,56200
2013-08-06,30.0,31.790001,29.030001000000002,24.875534,29.24,120100
2013-08-07,29.1,29.58,28.66,24.509716,28.809998999999998,129200
2013-08-08,29.08,29.299999,28.84,24.832994,29.190001000000002,49600
2013-08-09,29.08,29.26,28.93,24.62882,28.950001,47500
2013-08-12,28.75,29.18,28.75,24.807478,29.16,66500
2013-08-13,28.969998999999998,29.1,28.58,24.804895000000002,28.860001,70700
2013-08-14,28.860001,29.0,28.6,24.865060999999997,28.93,63200
2013-08-15,28.549999,28.870001000000002,27.940001000000002,24.074329000000002,28.01,83800
2013-08-16,27.809998999999998,27.9,27.25,23.86805,27.77,106300
2013-08-19,27.68,27.709999,26.639999,23.421116,27.25,121300
2013-08-20,27.35,28.09,27.030001000000002,24.022757000000002,27.950001,85000
2013-08-21,27.85,28.110001,27.48,23.747723,27.629998999999998,66600
2013-08-22,27.75,28.0,27.33,23.902431,27.809998999999998,45400
2013-08-23,27.799999,27.940001000000002,27.5,23.988379000000002,27.91,55400
2013-08-26,28.0,28.0,27.23,23.489876000000002,27.33,45100
2013-08-27,26.92,27.25,26.809998999999998,23.1031,26.879998999999998,62400
2013-08-28,26.85,27.049999,26.66,23.042938,26.809998999999998,64000
2013-08-29,26.83,26.950001,26.709999,23.128889,26.91,59500
2013-08-30,26.809998999999998,26.91,26.1,22.587410000000002,26.280001000000002,91900
2013-09-03,26.65,26.65,26.01,22.527241,26.209999,65700
2013-09-04,26.200001,26.33,26.049999,22.553034,26.24,61200
2013-09-05,26.32,26.559998999999998,25.84,22.570221,26.26,144000
2013-09-06,26.43,26.610001,26.129998999999998,22.69055,26.4,52500
2013-09-09,26.450001,26.860001,26.34,23.077322,26.85,62100
2013-09-10,26.93,27.25,26.74,23.412518,27.24,87500
2013-09-11,27.139999,27.469998999999998,27.07,23.317976,27.129998999999998,73100
2013-09-12,27.110001,27.32,26.860001,23.111698,26.889999,42800
2013-09-13,27.040001,27.26,26.889999,23.283596,27.09,37900
2013-09-16,27.59,27.719998999999998,27.200001,23.438307000000002,27.27,51500
2013-09-17,27.27,27.610001,27.129998999999998,23.481285,27.32,76300
2013-09-18,27.299999,28.389999,27.16,24.272013,28.24,114900
2013-09-19,28.25,28.27,27.809998999999998,24.065732999999998,28.0,62600
2013-09-20,28.0,28.16,27.700001,24.117302,28.059998999999998,143400
2013-09-23,27.969998999999998,28.66,27.969998999999998,24.452505,28.450001,55900
2013-09-24,28.450001,28.93,28.190001000000002,24.572836,28.59,54800
2013-09-25,28.690001000000002,28.719998999999998,28.200001,24.237637,28.200001,39300
2013-09-26,28.24,28.4,27.99,24.220444,28.18,32100
2013-09-27,27.92,28.18,27.75,23.86805,27.77,38000
2013-09-30,27.35,27.68,27.129998999999998,23.721939000000003,27.6,85300
2013-10-01,27.549999,27.82,27.52,23.773508,27.66,63300
2013-10-02,27.51,27.629998999999998,27.360001,23.627394,27.49,56500
2013-10-03,27.370001000000002,27.559998999999998,26.879998999999998,23.214838,27.01,81900
2013-10-04,26.940001000000002,27.190001000000002,26.93,23.232029,27.030001000000002,38400
2013-10-07,26.799999,27.23,26.799999,23.223434,27.02,56700
2013-10-08,26.98,27.25,26.9,23.120293,26.9,87600
2013-10-09,27.0,27.799999,26.950001,23.790699,27.68,102500
2013-10-10,28.08,28.25,27.799999,24.203255,28.16,49900
2013-10-11,28.040001,28.82,27.870001000000002,24.718951999999998,28.76,62600
2013-10-14,28.65,28.700001,28.190001000000002,24.650187,28.68,47500
2013-10-15,28.67,28.67,27.91,24.065732999999998,28.0,66400
2013-10-16,28.18,28.35,28.0,24.297798,28.27,52800
2013-10-17,28.08,28.92,28.08,24.822084,28.879998999999998,68400
2013-10-18,29.209999,29.41,28.969998999999998,25.26902,29.4,97900
2013-10-21,29.32,29.559998999999998,29.09,25.191662,29.309998999999998,56600
2013-10-22,29.66,29.99,29.16,25.638601,29.83,57000
2013-10-23,29.59,30.0,29.530001000000002,25.62141,29.809998999999998,65800
2013-10-24,29.790001,29.940001000000002,29.42,25.354969,29.5,77000
2013-10-25,29.620001000000002,29.879998999999998,29.41,25.681578,29.879998999999998,44900
2013-10-28,29.91,29.98,29.51,25.741743,29.950001,59900
2013-10-29,30.0,30.0,29.719998999999998,25.733147,29.940001000000002,38200
2013-10-30,30.0,30.0,29.620001000000002,25.475298000000002,29.639999,51500
2013-10-31,29.639999,30.040001,29.25,25.638601,29.83,130700
2013-11-01,29.700001,29.950001,29.209999,25.501081,29.67,152700
2013-11-04,29.67,29.959999,29.360001,25.535465,29.709999,92300
2013-11-05,29.75,30.870001000000002,29.719998999999998,26.231648999999997,30.52,134500
2013-11-06,30.700001,30.950001,30.58,26.420738,30.74,60300
2013-11-07,30.799999,30.889999,30.17,25.939423,30.18,83400
2013-11-08,30.16,30.700001,29.780001000000002,26.334789,30.639999,88700
2013-11-11,30.549999,30.83,30.309998999999998,26.119917,30.389999,84300
2013-11-12,30.360001,30.379998999999998,29.83,25.698763,29.9,102400
2013-11-13,29.34,29.76,29.209999,25.835060000000002,29.76,61500
2013-11-14,29.690001000000002,29.809998999999998,29.51,25.730885,29.639999,46800
2013-11-15,29.59,29.719998999999998,29.440001000000002,25.782976,29.700001,109400
2013-11-18,29.74,29.84,29.48,25.696163000000002,29.6,60800
2013-11-19,29.700001,29.809998999999998,29.299999,25.557259,29.440001000000002,47700
2013-11-20,29.49,29.610001,29.1,25.348913,29.200001,50000
2013-11-21,29.24,29.68,29.200001,25.496489999999998,29.370001000000002,79600
2013-11-22,29.370001000000002,29.610001,29.16,25.626713,29.52,80000
2013-11-25,29.52,29.82,29.52,25.782976,29.700001,75000
2013-11-26,29.68,29.790001,29.370001000000002,25.652756,29.549999,45100
2013-11-27,29.66,29.77,29.41,25.730885,29.639999,40800
2013-11-29,29.85,29.9,29.5,25.661442,29.559998999999998,29600
2013-12-02,29.610001,29.620001000000002,28.059998999999998,25.175293,29.0,187400
2013-12-03,28.889999,29.07,28.41,24.836729000000002,28.610001,104900
2013-12-04,28.370001000000002,28.76,28.09,24.784641,28.549999,46700
2013-12-05,28.530001000000002,28.620001000000002,28.23,24.680471,28.43,83700
2013-12-06,28.6,28.84,28.25,24.923538,28.709999,88200
2013-12-09,28.709999,28.709999,28.299999,24.85409,28.629998999999998,92000
2013-12-10,28.469998999999998,28.709999,28.200001,24.689152,28.440001000000002,102400
2013-12-11,28.58,28.639999,27.780001000000002,24.281136,27.969998999999998,108400
2013-12-12,27.98,28.809998999999998,27.98,24.793326999999998,28.559998999999998,91900
2013-12-13,28.65,28.969998999999998,28.540001,24.793326999999998,28.559998999999998,71600
2013-12-16,28.620001000000002,29.0,28.620001000000002,25.14057,28.959999,77000
2013-12-17,29.0,29.0,28.549999,24.880135,28.66,41300
2013-12-18,28.780001000000002,29.370001000000002,28.459999,25.418367,29.280001000000002,98800
2013-12-19,29.200001,29.200001,28.57,24.966946,28.76,54100
2013-12-20,28.9,29.66,28.889999,25.635393,29.530001000000002,334100
2013-12-23,29.59,29.940001000000002,29.59,25.869785,29.799999,71400
2013-12-24,29.75,30.0,29.57,25.913193,29.85,26400
2013-12-26,29.91,30.030001000000002,29.76,25.939234,29.879998999999998,57000
2013-12-27,30.01,30.040001,29.549999,25.947914,29.889999,36600
2013-12-30,29.790001,29.790001,29.25,25.59199,29.48,41500
2013-12-31,29.549999,29.65,29.209999,25.409682999999998,29.27,80500
2014-01-02,29.24,29.24,28.559998999999998,24.984308,28.780001000000002,62000
2014-01-03,28.809998999999998,28.99,28.629998999999998,24.949585,28.74,114000
2014-01-06,28.9,28.9,28.51,24.888817,28.67,111100
2014-01-07,28.809998999999998,29.07,28.549999,24.966946,28.76,45400
2014-01-08,28.809998999999998,28.879998999999998,28.33,24.914856,28.700001,133400
2014-01-09,28.879998999999998,28.879998999999998,28.4,24.940903,28.73,53200
2014-01-10,28.790001,29.129998999999998,28.200001,24.85409,28.629998999999998,75700
2014-01-13,28.57,28.74,28.110001,24.602341,28.34,73300
2014-01-14,28.5,28.9,28.26,24.836729000000002,28.610001,53800
2014-01-15,28.610001,28.85,28.35,24.654425,28.4,66800
2014-01-16,28.48,28.700001,28.139999,24.628378,28.370001000000002,48000
2014-01-17,28.42,28.42,28.110001,24.515528,28.24,43100
2014-01-21,28.32,28.43,28.049999,24.663104999999998,28.41,83700
2014-01-22,28.370001000000002,28.469998999999998,28.129998999999998,24.645742000000002,28.389999,49600
2014-01-23,28.35,28.719998999999998,28.200001,24.888817,28.67,90200
2014-01-24,28.42,28.67,28.09,24.602341,28.34,104600
2014-01-27,28.360001,28.459999,28.200001,24.584972,28.32,61300
2014-01-28,28.309998999999998,28.309998999999998,28.0,24.402673999999998,28.110001,106900
2014-01-29,28.0,28.25,27.74,24.246412,27.93,77700
2014-01-30,28.16,28.719998999999998,28.02,24.602341,28.34,90700
2014-01-31,27.879998999999998,28.459999,27.77,24.168282,27.84,101600
2014-02-03,27.85,28.1,26.959999,23.716858,27.32,135400
2014-02-04,27.389999,27.6,27.030001000000002,23.682135,27.280001000000002,99400
2014-02-05,27.25,27.49,27.01,23.491154,27.059998999999998,97900
2014-02-06,27.190001000000002,27.5,27.01,23.621372,27.209999,105800
2014-02-07,27.209999,27.34,27.0,23.638735,27.23,82900
2014-02-10,27.35,27.77,27.030001000000002,24.020704000000002,27.67,167800
2014-02-11,29.139999,30.5,29.139999,26.034725,29.99,350100
2014-02-12,29.99,29.99,29.15,25.712877,29.32,155800
2014-02-13,29.049999,30.35,28.709999,26.563540999999997,30.290001,128500
2014-02-14,30.290001,30.75,29.860001,26.852945000000002,30.620001000000002,106800
2014-02-18,30.879998999999998,30.98,30.610001,27.045876,30.84,140700
2014-02-19,30.83,30.950001,30.33,26.624928000000004,30.360001,72500
2014-02-20,30.24,30.780001000000002,30.24,26.852945000000002,30.620001000000002,76900
2014-02-21,30.780001000000002,30.860001,30.450001,26.835403000000003,30.6,98700
2014-02-24,30.540001,30.91,30.540001,26.844175,30.610001,102600
2014-02-25,30.68,30.719998999999998,30.23,26.677546999999997,30.42,77000
2014-02-26,30.32,30.879998999999998,30.219998999999998,26.817863,30.58,94200
2014-02-27,30.469998999999998,30.690001000000002,30.26,26.756474,30.51,68800
2014-02-28,30.450001,30.799999,30.200001,26.502148,30.219998999999998,97500
2014-03-03,30.0,30.209999,29.65,26.212753,29.889999,65700
2014-03-04,30.26,31.0,30.26,26.93187,30.709999,194700
2014-03-05,30.719998999999998,30.85,30.24,26.703859,30.450001,68900
2014-03-06,30.5,30.51,29.92,26.335527000000003,30.030001000000002,82000
2014-03-07,30.23,30.889999,29.9,26.958176,30.74,131500
2014-03-10,30.639999,30.860001,30.370001000000002,26.958176,30.74,104900
2014-03-11,30.860001,30.860001,30.290001,26.809095000000003,30.57,83800
2014-03-12,30.379998999999998,30.99,30.360001,27.16865,30.98,81800
2014-03-13,31.0,31.200001,30.85,27.230040000000002,31.049999,109700
2014-03-14,30.9,31.299999,30.9,27.282659999999996,31.110001,69100
2014-03-17,31.190001000000002,31.450001,31.08,27.466824,31.32,74700
2014-03-18,31.4,31.719998999999998,31.219998999999998,27.580832,31.450001,125900
2014-03-19,31.35,31.4,30.17,26.677546999999997,30.42,120100
2014-03-20,30.370001000000002,30.41,30.01,26.563540999999997,30.290001,74400
2014-03-21,30.33,30.790001,30.190001000000002,26.563540999999997,30.290001,168600
2014-03-24,30.18,30.629998999999998,30.049999,26.703859,30.450001,103400
2014-03-25,30.52,30.639999,30.27,26.738934000000004,30.49,128200
2014-03-26,30.77,30.799999,30.139999,26.440763,30.15,131000
2014-03-27,30.209999,30.59,30.059998999999998,26.738934000000004,30.49,81400
2014-03-28,30.41,30.84,30.120001000000002,26.563540999999997,30.290001,71800
2014-03-31,30.360001,31.1,30.26,27.002028999999997,30.790001,133900
2014-04-01,30.950001,31.08,30.549999,26.896790000000003,30.67,117300
2014-04-02,30.639999,30.73,30.450001,26.896790000000003,30.67,49100
2014-04-03,30.59,30.65,30.26,26.554771000000002,30.280001000000002,76800
2014-04-04,30.530001000000002,30.85,29.860001,26.230290999999998,29.91,109700
2014-04-07,29.879998999999998,30.030001000000002,29.610001,26.116285,29.780001000000002,77300
2014-04-08,29.75,30.32,29.629998999999998,26.510923,30.23,76500
2014-04-09,30.219998999999998,30.32,29.780001000000002,26.458302000000003,30.17,66100
2014-04-10,30.16,30.26,29.459999,25.905811,29.540001,105500
2014-04-11,29.219998999999998,29.77,29.0,25.712877,29.32,85900
2014-04-14,29.66,29.709999,29.110001,25.704105,29.309998999999998,75700
2014-04-15,29.48,29.68,28.950001,25.949661,29.59,91200
2014-04-16,29.809998999999998,29.83,29.48,26.028585,29.68,43700
2014-04-17,29.68,29.82,29.48,25.967197,29.610001,58400
2014-04-21,29.559998999999998,29.709999,29.309998999999998,25.826885,29.450001,52200
2014-04-22,29.379998999999998,29.98,29.299999,26.274139,29.959999,109300
2014-04-23,29.799999,30.09,29.34,25.905811,29.540001,96800
2014-04-24,29.629998999999998,29.74,29.299999,25.835651000000002,29.459999,51700
2014-04-25,29.35,29.73,29.27,25.826885,29.450001,84400
2014-04-28,29.469998999999998,29.690001000000002,29.27,25.853191,29.48,88100
2014-04-29,29.49,29.68,29.25,25.651487,29.25,77900
2014-04-30,29.25,29.440001000000002,29.01,25.695332999999998,29.299999,125700
2014-05-01,29.370001000000002,29.52,29.049999,25.747951999999998,29.360001,154500
2014-05-02,29.43,29.43,28.52,25.090227,28.610001,109100
2014-05-05,28.5,28.82,28.440001000000002,25.107758999999998,28.629998999999998,87100
2014-05-06,29.32,29.32,28.440001000000002,24.949907,28.450001,174400
2014-05-07,28.6,29.42,28.5,25.467321,29.040001,98400
2014-05-08,29.129998999999998,29.16,28.5,25.028839,28.540001,104900
2014-05-09,28.459999,28.74,28.459999,25.125303,28.65,95300
2014-05-12,28.74,29.09,28.74,25.248081,28.790001,108800
2014-05-13,28.549999,28.73,28.25,25.055752,28.27,131200
2014-05-14,28.190001000000002,28.5,28.09,24.940535,28.139999,119700
2014-05-15,28.0,28.02,27.48,24.408751000000002,27.540001,138700
2014-05-16,27.440001000000002,27.809998999999998,27.190001000000002,24.639189000000002,27.799999,137900
2014-05-19,27.76,27.870001000000002,27.58,24.523968,27.67,76000
2014-05-20,27.530001000000002,27.809998999999998,27.290001,24.470793,27.610001,176500
2014-05-21,27.68,28.049999,27.459999,24.798727,27.98,154000
2014-05-22,28.040001,28.27,27.959999,24.84304,28.030001000000002,75900
2014-05-23,28.09,28.379998999999998,27.92,24.98485,28.190001000000002,113300
2014-05-27,28.41,28.51,28.200001,25.170973,28.4,108600
2014-05-28,28.290001,28.66,28.209999,25.100069,28.32,108800
2014-05-29,28.469998999999998,28.49,28.209999,25.197557,28.43,74400
2014-05-30,28.52,28.629998999999998,28.389999,25.330505,28.58,107500
2014-06-02,28.52,28.610001,28.4,25.312778,28.559998999999998,105300
2014-06-03,28.48,28.6,28.389999,25.241875,28.48,114100
2014-06-04,28.26,28.6,28.26,25.241875,28.48,103000
2014-06-05,28.620001000000002,29.35,28.43,26.012959,29.35,113600
2014-06-06,29.549999,29.629998999999998,29.08,26.172495,29.530001000000002,137100
2014-06-09,29.440001000000002,29.75,29.440001000000002,26.252261999999998,29.620001000000002,165200
2014-06-10,29.700001,29.76,29.200001,26.181355,29.540001,90300
2014-06-11,29.49,29.51,28.700001,25.454584,28.719998999999998,145100
2014-06-12,28.59,28.83,28.389999,25.428001000000002,28.690001000000002,90700
2014-06-13,28.82,28.82,28.469998999999998,25.339369,28.59,65300
2014-06-16,28.709999,28.959999,28.379998999999998,25.507767,28.780001000000002,73900
2014-06-17,28.76,29.030001000000002,28.620001000000002,25.472315,28.74,71500
2014-06-18,28.84,29.16,28.620001000000002,25.835698999999998,29.15,85800
2014-06-19,29.309998999999998,29.43,29.219998999999998,25.98637,29.32,54500
2014-06-20,29.49,29.6,29.209999,26.21681,29.58,179000
2014-06-23,29.559998999999998,29.65,29.290001,26.22567,29.59,90800
2014-06-24,29.52,30.0,29.49,26.252261999999998,29.620001000000002,86600
2014-06-25,29.41,29.879998999999998,29.41,26.438383,29.83,102600
2014-06-26,29.84,29.950001,29.469998999999998,26.305439,29.68,57100
2014-06-27,29.459999,30.030001000000002,29.459999,26.571329,29.98,271300
2014-06-30,29.959999,30.299999,29.620001000000002,26.846087,30.290001,102400
2014-07-01,30.209999,30.43,29.51,26.730864,30.16,145100
2014-07-02,30.15,30.15,29.799999,26.562465999999997,29.969998999999998,110800
2014-07-03,30.01,30.110001,29.66,26.45611,29.85,48700
2014-07-07,29.639999,30.01,29.440001000000002,26.207941,29.57,88700
2014-07-08,29.49,29.91,29.49,26.429522,29.82,142200
2014-07-09,29.809998999999998,29.92,29.52,26.332026000000003,29.709999,65000
2014-07-10,29.360001,29.66,29.34,26.145903,29.5,83200
2014-07-11,29.360001,29.559998999999998,29.1,25.809110999999998,29.120001000000002,58600
2014-07-14,29.370001000000002,29.5,28.709999,25.525494000000002,28.799999,86900
2014-07-15,28.91,28.969998999999998,28.540001,25.383685999999997,28.639999,59600
2014-07-16,28.709999,28.92,28.5,25.498901,28.77,64600
2014-07-17,28.559998999999998,28.83,28.32,25.135519,28.360001,84300
2014-07-18,28.26,28.860001,28.26,25.516628,28.790001,78200
2014-07-21,28.6,28.6,28.35,25.224154000000002,28.459999,71300
2014-07-22,28.5,28.799999,28.42,25.401413,28.66,73500
2014-07-23,28.629998999999998,28.639999,28.42,25.312778,28.559998999999998,75700
2014-07-24,28.639999,28.67,28.27,25.170973,28.4,88300
2014-07-25,28.23,28.559998999999998,28.0,24.84304,28.030001000000002,76500
2014-07-28,28.030001000000002,29.530001000000002,28.030001000000002,25.303917000000002,28.549999,114900
2014-07-29,28.549999,28.629998999999998,28.33,25.108931,28.33,65400
2014-07-30,28.57,28.57,28.110001,24.98485,28.190001000000002,154700
2014-07-31,28.0,28.459999,27.9,24.780998,27.959999,124400
2014-08-01,27.870001000000002,28.17,27.83,24.834175,28.02,89300
2014-08-04,28.08,28.209999,27.75,24.931673,28.129998999999998,131700
2014-08-05,28.33,28.43,27.16,24.320120000000003,27.440001000000002,129400
2014-08-06,27.25,27.969998999999998,27.25,24.506247000000002,27.65,109200
2014-08-07,27.67,27.99,27.52,24.594875,27.75,48100
2014-08-08,27.76,28.549999,27.76,25.259601999999997,28.5,96100
2014-08-11,28.700001,28.91,28.51,25.339369,28.59,100400
2014-08-12,28.549999,28.59,28.290001,25.206426999999998,28.440001000000002,83500
2014-08-13,28.33,28.35,28.02,25.325575,28.27,61700
2014-08-14,28.27,28.389999,28.08,25.325575,28.27,62400
2014-08-15,28.540001,28.540001,27.93,25.352444000000002,28.299999,85100
2014-08-18,28.530001000000002,28.540001,28.219998999999998,25.450991000000002,28.41,70400
2014-08-19,28.35,28.67,28.190001000000002,25.639120000000002,28.620001000000002,68100
2014-08-20,28.57,28.57,28.280001000000002,25.486826,28.450001,43500
2014-08-21,28.389999,28.57,28.23,25.531614,28.5,72700
2014-08-22,28.549999,28.620001000000002,28.219998999999998,25.415155,28.370001000000002,49300
2014-08-25,28.48,28.58,28.48,25.522657000000002,28.49,69700
2014-08-26,28.48,28.639999,28.440001000000002,25.522657000000002,28.49,101100
2014-08-27,28.549999,28.59,28.48,25.567451000000002,28.540001,48300
2014-08-28,28.5,28.790001,28.379998999999998,25.486826,28.450001,77200
2014-08-29,28.450001,28.549999,28.370001000000002,25.522657000000002,28.49,70800
2014-09-02,28.4,28.700001,28.280001000000002,25.477864999999998,28.440001000000002,67900
2014-09-03,28.41,28.6,28.24,25.388281,28.34,71100
2014-09-04,28.25,28.48,28.07,25.155363,28.08,82600
2014-09-05,28.110001,28.5,28.110001,25.513699,28.48,59500
2014-09-08,28.48,28.48,28.09,25.298698,28.24,39600
2014-09-09,28.110001,28.110001,27.809998999999998,24.949317999999998,27.85,94800
2014-09-10,28.02,28.23,27.76,25.074735999999998,27.99,81600
2014-09-11,27.92,28.280001000000002,27.9,25.182238,28.110001,91500
2014-09-12,28.200001,28.200001,27.620001000000002,24.797022,27.68,97500
2014-09-15,27.6,27.77,27.48,24.707435999999998,27.58,75600
2014-09-16,27.5,27.719998999999998,27.5,24.716394,27.59,68300
2014-09-17,27.549999,27.719998999999998,27.370001000000002,24.608895999999998,27.469998999999998,111800
2014-09-18,27.49,27.530001000000002,27.360001,24.617853,27.48,88600
2014-09-19,27.450001,27.73,27.24,24.797022,27.68,295700
2014-09-22,27.51,27.639999,27.299999,24.608895999999998,27.469998999999998,85700
2014-09-23,27.309998999999998,27.84,27.0,24.196804,27.01,110900
2014-09-24,27.129998999999998,27.25,26.83,24.268473,27.09,106600
2014-09-25,27.0,27.1,26.809998999999998,24.026592,26.82,82800
2014-09-26,26.85,27.07,26.76,24.214725,27.030001000000002,66300
2014-09-29,26.83,27.07,26.790001,24.160969,26.969998999999998,87600
2014-09-30,27.030001000000002,27.17,26.67,23.892220000000002,26.67,146700
2014-10-01,26.75,26.969998999999998,26.530001000000002,23.865345,26.639999,103100
2014-10-02,26.639999,27.030001000000002,26.629998999999998,24.062429,26.860001,74700
2014-10-03,27.15,27.360001,26.68,24.456602,27.299999,91000
2014-10-06,27.23,27.59,27.209999,24.537224,27.389999,81100
2014-10-07,27.17,27.49,27.07,24.295348999999998,27.120001000000002,88600
2014-10-08,27.049999,28.08,27.049999,25.083694,28.0,108100
2014-10-09,27.93,28.0,27.18,24.367017999999998,27.200001,78800
2014-10-10,27.290001,27.969998999999998,27.27,24.689524,27.559998999999998,85000
2014-10-13,27.49,28.41,27.280001000000002,25.253904000000002,28.190001000000002,187900
2014-10-14,28.43,29.190001000000002,28.16,25.80933,28.809998999999998,200500
2014-10-15,28.700001,28.950001,28.23,25.576407999999997,28.549999,147800
2014-10-16,28.290001,29.110001,28.15,25.880999,28.889999,157600
2014-10-17,29.309998999999998,29.309998999999998,28.6,25.692869,28.68,93700
2014-10-20,28.629998999999998,29.17,28.629998999999998,26.131832,29.17,136400
2014-10-21,29.190001000000002,29.200001,28.940001000000002,26.033289,29.059998999999998,78800
2014-10-22,29.110001,29.33,28.91,26.033289,29.059998999999998,81400
2014-10-23,29.23,29.459999,29.110001,26.337875,29.4,116900
2014-10-24,29.309998999999998,29.42,29.08,26.096001,29.129998999999998,117600
2014-10-27,29.01,29.549999,28.940001000000002,26.39163,29.459999,88800
2014-10-28,29.629998999999998,29.799999,29.6,26.678299,29.780001000000002,198100
2014-10-29,29.700001,30.0,29.6,26.875389000000002,30.0,90200
2014-10-30,29.99,30.84,29.99,27.609978,30.82,144300
2014-10-31,31.040001,31.200001,30.610001,27.771233000000002,31.0,151100
2014-11-03,31.0,31.1,30.379998999999998,27.618938,30.83,115200
2014-11-04,29.5,30.879998999999998,29.5,27.592062,30.799999,79200
2014-11-05,30.950001,31.4,30.48,27.932485999999997,31.18,114100
2014-11-06,31.24,31.24,30.68,27.556231,30.76,67800
2014-11-07,30.790001,30.950001,30.719998999999998,27.717484000000002,30.940001000000002,48000
2014-11-10,30.870001000000002,31.26,30.68,27.986237,31.24,69700
2014-11-11,31.24,31.360001,31.120001000000002,27.896648,31.139999,131000
2014-11-12,30.74,30.74,30.049999,27.275156,30.15,77100
2014-11-13,30.08,30.23,29.370001000000002,26.587621999999996,29.389999,110000
2014-11-14,29.43,29.49,29.030001000000002,26.388601,29.17,65500
2014-11-17,29.190001000000002,29.4,29.02,26.406698,29.190001000000002,75900
2014-11-18,29.33,29.540001,29.23,26.533346,29.33,54200
2014-11-19,29.370001000000002,29.450001,29.01,26.325275,29.1,81600
2014-11-20,29.0,29.129998999999998,28.68,26.34337,29.120001000000002,79300
2014-11-21,29.530001000000002,29.83,29.0,26.415739000000002,29.200001,63400
2014-11-24,29.360001,29.57,29.030001000000002,26.406698,29.190001000000002,56500
2014-11-25,29.200001,29.23,28.66,26.39765,29.18,66700
2014-11-26,29.290001,29.450001,28.9,26.497162,29.290001,70600
2014-11-28,29.16,29.540001,28.719998999999998,26.035788,28.780001000000002,63000
2014-12-01,28.790001,28.93,28.4,25.701067000000002,28.41,129300
2014-12-02,28.49,29.02,28.469998999999998,26.207672,28.969998999999998,79100
2014-12-03,28.93,29.25,28.870001000000002,26.307182,29.08,80600
2014-12-04,29.059998999999998,29.48,28.84,26.261955,29.030001000000002,70500
2014-12-05,29.040001,29.27,28.809998999999998,26.39765,29.18,80500
2014-12-08,29.290001,29.51,29.049999,26.614763,29.42,139400
2014-12-09,29.23,30.0,28.84,27.048994,29.9,94900
2014-12-10,29.98,29.98,29.34,26.696184000000002,29.51,105600
2014-12-11,29.58,30.23,29.27,26.759508,29.58,65200
2014-12-12,29.200001,29.440001000000002,28.799999,26.39765,29.18,112100
2014-12-15,29.219998999999998,29.52,28.799999,26.5243,29.32,185000
2014-12-16,29.360001,30.07,28.809998999999998,26.976623999999997,29.82,173400
2014-12-17,29.9,30.5,29.559998999999998,27.573690000000003,30.48,151900
2014-12-18,30.700001,30.75,30.43,27.745572999999997,30.67,131500
2014-12-19,30.58,30.93,30.27,27.790806,30.719998999999998,332800
2014-12-22,30.549999,31.209999,30.549999,28.21599,31.190001000000002,106500
2014-12-23,31.360001,31.48,31.0,28.270271,31.25,112600
2014-12-24,31.0,31.59,30.68,28.396922999999997,31.389999,82400
2014-12-26,31.57,31.969998999999998,31.4,28.650222999999997,31.67,69900
2014-12-29,31.809998999999998,32.599998,31.67,29.428219,32.529999,147100
2014-12-30,32.599998,32.720001,31.75,28.758781,31.790001,74900
2014-12-31,31.950001,31.950001,30.93,28.007921000000003,30.959999,78100
2015-01-02,31.219998999999998,31.25,30.73,28.044107,31.0,83500
2015-01-05,30.74,31.059998999999998,30.610001,27.908410999999997,30.85,102300
2015-01-06,31.02,31.33,30.6,27.944595,30.889999,133400
2015-01-07,30.940001000000002,31.26,30.690001000000002,28.179806,31.15,57300
2015-01-08,31.280001000000002,31.65,31.15,28.197899,31.17,53400
2015-01-09,30.969998999999998,31.1,30.620001000000002,28.016968,30.969998999999998,90100
2015-01-12,31.1,31.1,30.610001,27.971740999999998,30.92,53100
2015-01-13,31.129998999999998,31.620001000000002,30.780001000000002,28.152668,31.120001000000002,66600
2015-01-14,30.969998999999998,31.530001000000002,30.82,28.415012,31.41,68500
2015-01-15,31.629998999999998,31.629998999999998,30.969998999999998,28.261225,31.24,81700
2015-01-16,31.200001,31.879998999999998,31.110001,28.722596999999997,31.75,90300
2015-01-20,31.940001000000002,31.969998999999998,31.440001000000002,28.704502,31.73,70600
2015-01-21,31.84,32.0,31.5,28.659269000000002,31.68,94500
2015-01-22,31.940001000000002,31.940001000000002,31.540001,28.650222999999997,31.67,88400
2015-01-23,31.700001,32.16,31.52,29.030176,32.09,92800
2015-01-26,31.950001,32.040001000000004,31.639999,28.840199,31.879998999999998,71000
2015-01-27,31.530001000000002,32.0,31.530001000000002,28.659269000000002,31.68,53100
2015-01-28,31.860001,32.009997999999996,31.120001000000002,28.234087,31.209999,62200
2015-01-29,31.23,31.860001,31.120001000000002,28.776875,31.809998999999998,66900
2015-01-30,31.51,31.84,30.85,27.971740999999998,30.92,119000
2015-02-02,31.1,31.379998999999998,30.879998999999998,28.279321999999997,31.26,61100
2015-02-03,31.5,31.940001000000002,31.41,28.767823999999997,31.799999,73300
2015-02-04,31.860001,32.139998999999996,31.299999,28.433109,31.43,70800
2015-02-05,31.68,32.259997999999996,31.559998999999998,29.102546999999998,32.169998,63500
2015-02-06,32.330002,32.330002,31.02,28.125526,31.09,68400
2015-02-09,31.190001000000002,31.49,30.9,28.026016,30.98,96200
2015-02-10,31.34,31.51,30.99,28.387875,31.379998999999998,102100
2015-02-11,31.110001,31.57,30.950001,28.549582,31.25,129600
2015-02-12,31.280001000000002,31.360001,30.809998999999998,28.567856,31.27,140800
2015-02-13,31.15,31.32,31.1,28.567856,31.27,124800
2015-02-17,31.15,31.629998999999998,31.08,28.549582,31.25,129300
2015-02-18,31.25,31.879998999999998,31.09,29.116004999999998,31.870001000000002,72400
2015-02-19,31.889999,32.419998,31.719998999999998,29.591070000000002,32.389998999999996,123900
2015-02-20,32.490002000000004,32.490002000000004,31.799999,29.618472999999998,32.419998,87500
2015-02-23,32.299999,32.48,32.099998,29.581932000000002,32.380001,86900
2015-02-24,32.299999,33.240002000000004,32.299999,30.212304999999997,33.07,101700
2015-02-25,33.150002,33.169998,32.790001000000004,30.029590999999996,32.869999,144400
2015-02-26,32.919998,33.139998999999996,32.529999,30.194034999999996,33.049999,65300
2015-02-27,32.970001,33.040001000000004,32.580002,29.892554999999998,32.720001,78200
2015-03-02,32.84,32.84,32.139998999999996,29.718967,32.529999,85600
2015-03-03,32.369999,32.470001,31.780001000000002,29.600206,32.400002,88300
2015-03-04,32.380001,32.529999,32.0,29.371813,32.150002,79200
2015-03-05,32.450001,32.73,32.110001000000004,29.627615000000002,32.43,57800
2015-03-06,32.130001,32.18,31.23,28.796249,31.52,131300
2015-03-09,31.5,31.9,31.059998999999998,29.024646999999998,31.77,77700
2015-03-10,31.74,32.02,31.540001,29.189093,31.950001,72600
2015-03-11,31.959999,32.330002,31.879998999999998,29.234768,32.0,230000
2015-03-12,32.07,33.040001000000004,32.07,30.139221000000003,32.990002000000004,171200
2015-03-13,33.0,33.0,32.200001,29.572798,32.369999,112800
2015-03-16,32.549999,32.759997999999996,32.139998999999996,29.536257,32.330002,138100
2015-03-17,32.299999,32.41,31.6,29.198227000000003,31.959999,102500
2015-03-18,31.809998999999998,32.98,31.76,29.819464,32.639998999999996,108500
2015-03-19,32.470001,32.650002,31.860001,29.243908,32.009997999999996,106900
2015-03-20,32.259997999999996,32.689999,31.92,29.627615000000002,32.43,195400
2015-03-23,32.34,32.490002000000004,32.119999,29.380946999999995,32.16,116300
2015-03-24,32.0,32.34,32.0,29.536257,32.330002,66900
2015-03-25,32.959998999999996,33.439999,32.779999,30.203175,33.060001,162200
2015-03-26,33.029999,33.200001,32.310001,29.545391,32.34,87700
2015-03-27,32.34,32.439999,31.620001000000002,29.079459999999997,31.83,97700
2015-03-30,31.879998999999998,32.5,31.82,29.490574,32.279999,75300
2015-03-31,32.040001000000004,32.389998999999996,32.009997999999996,29.390076,32.169998,60300
2015-04-01,32.02,32.369999,31.860001,29.435762,32.220001,86600
2015-04-02,32.259997999999996,32.630001,32.259997999999996,29.554525,32.349998,43800
2015-04-06,32.060001,32.759997999999996,31.889999,29.682432000000002,32.490002000000004,39100
2015-04-07,32.540001000000004,32.540001000000004,32.009997999999996,29.253041999999997,32.02,55600
2015-04-08,31.92,32.080002,31.610001,29.189093,31.950001,42900
2015-04-09,31.809998999999998,32.0,31.190001000000002,28.741432,31.459999,48400
2015-04-10,31.719998999999998,31.99,31.58,29.143411999999998,31.9,41300
2015-04-13,31.99,31.99,31.559998999999998,28.878473,31.610001,27300
2015-04-14,31.690001000000002,31.969998999999998,31.57,29.070326,31.82,30400
2015-04-15,31.889999,32.169998,31.84,29.189093,31.950001,53800
2015-04-16,31.82,32.360001000000004,31.620001000000002,29.070326,31.82,36800
2015-04-17,31.58,31.790001,31.18,28.659214000000002,31.370001000000002,58800
2015-04-20,31.610001,32.380001,31.610001,29.298723,32.07,53600
2015-04-21,32.040001000000004,32.189999,31.51,28.896744,31.629998999999998,31700
2015-04-22,31.59,31.639999,31.139999,28.704889,31.42,43200
2015-04-23,31.27,31.4,31.200001,28.595260999999997,31.299999,35500
2015-04-24,31.360001,31.65,31.299999,28.777981,31.5,37800
2015-04-27,31.5,31.709999,31.0,28.613533,31.32,66500
2015-04-28,31.290001,31.98,31.200001,29.179956,31.940001000000002,43700
2015-04-29,31.719998999999998,31.719998999999998,31.190001000000002,28.531311,31.23,48700
2015-04-30,31.0,31.51,29.799999,27.325375,29.91,135300
2015-05-01,29.879998999999998,30.1,29.5,27.179201000000003,29.75,70500
2015-05-04,29.879998999999998,30.280001000000002,29.68,27.234015000000003,29.809998999999998,65700
2015-05-05,28.93,29.389999,27.879998999999998,25.817957,28.26,171800
2015-05-06,27.690001000000002,28.120001000000002,27.200001,25.415979,27.82,256800
2015-05-07,27.389999,27.85,27.379998999999998,25.18758,27.57,138100
2015-05-08,27.469998999999998,28.120001000000002,27.379998999999998,25.333755,27.73,159200
2015-05-11,27.73,28.09,27.530001000000002,25.315483,27.709999,103300
2015-05-12,27.66,27.67,27.209999,25.023135999999997,27.389999,73400
2015-05-13,27.139999,27.299999,26.700001,24.725613,26.76,84300
2015-05-14,26.700001,27.219998999999998,26.700001,24.993568,27.049999,94100
2015-05-15,26.98,27.24,26.799999,24.919651,26.969998999999998,86300
2015-05-18,27.030001000000002,27.120001000000002,26.799999,24.947371,27.0,72500
2015-05-19,27.08,27.139999,26.83,24.947371,27.0,70100
2015-05-20,27.200001,27.23,27.02,25.067486,27.129998999999998,54600
2015-05-21,27.23,27.25,27.040001,25.067486,27.129998999999998,68100
2015-05-22,27.09,27.200001,26.870001000000002,24.928892,26.98,85000
2015-05-26,26.950001,27.0,26.75,24.781054,26.82,98500
2015-05-27,26.76,27.120001000000002,26.76,24.984329000000002,27.040001,57200
2015-05-28,27.0,27.530001000000002,26.91,25.344676999999997,27.43,72400
2015-05-29,27.32,27.389999,26.799999,24.965851,27.02,76600
2015-06-01,27.01,27.32,26.85,25.113684,27.18,78200
2015-06-02,27.01,27.26,26.959999,24.91041,26.959999,83800
2015-06-03,26.959999,27.08,26.809998999999998,24.919651,26.969998999999998,112000
2015-06-04,26.799999,26.92,26.35,24.429945,26.440001000000002,80900
2015-06-05,26.6,26.6,26.15,24.494623,26.51,97600
2015-06-08,26.52,26.530001000000002,26.290001,24.328304,26.33,52800
2015-06-09,26.290001,26.41,26.139999,24.18047,26.17,58600
2015-06-10,26.42,27.07,26.360001,24.947371,27.0,117900
2015-06-11,27.17,27.17,26.790001,25.00281,27.059998999999998,70100
2015-06-12,26.940001000000002,27.09,26.690001000000002,24.873453,26.92,72500
2015-06-15,26.84,26.969998999999998,26.540001,24.790293,26.83,99300
2015-06-16,27.01,27.15,26.690001000000002,25.030525,27.09,68700
2015-06-17,27.219998999999998,27.33,26.950001,25.085966,27.15,61400
2015-06-18,27.15,27.809998999999998,27.049999,25.621874,27.73,99000
2015-06-19,27.74,27.92,27.280001000000002,25.243042000000003,27.32,170200
2015-06-22,27.530001000000002,27.530001000000002,27.209999,25.307724,27.389999,56800
2015-06-23,27.35,27.35,27.02,25.187603,27.26,58600
2015-06-24,27.27,27.290001,26.889999,24.901170999999998,26.950001,76000
2015-06-25,27.08,27.08,26.799999,24.947371,27.0,59000
2015-06-26,26.969998999999998,27.16,26.84,25.030525,27.09,185700
2015-06-29,27.049999,27.32,26.799999,24.790293,26.83,98400
2015-06-30,26.940001000000002,27.059998999999998,26.5,24.577779999999997,26.6,85700
2015-07-01,26.66,26.76,26.5,24.697897,26.73,96400
2015-07-02,26.870001000000002,27.190001000000002,26.77,24.984329000000002,27.040001,61200
2015-07-06,26.77,27.17,26.68,24.993568,27.049999,93500
2015-07-07,27.129998999999998,27.469998999999998,27.01,25.280003,27.360001,67700
2015-07-08,27.120001000000002,27.450001,26.93,24.993568,27.049999,58700
2015-07-09,27.24,27.27,26.65,24.725613,26.76,68500
2015-07-10,26.9,27.280001000000002,26.9,25.067486,27.129998999999998,67200
2015-07-13,27.190001000000002,27.459999,27.040001,25.150646,27.219998999999998,60300
2015-07-14,27.139999,27.360001,27.040001,25.095205,27.16,47900
2015-07-15,27.200001,27.280001000000002,27.040001,25.122925,27.190001000000002,45800
2015-07-16,27.24,27.620001000000002,27.24,25.298479,27.379998999999998,52500
2015-07-17,27.450001,27.450001,27.049999,25.00281,27.059998999999998,53400
2015-07-20,27.120001000000002,27.290001,26.610001,24.707136,26.74,58300
2015-07-21,26.6,26.92,26.33,24.429945,26.440001000000002,59000
2015-07-22,26.43,26.67,26.24,24.300587,26.299999,49600
2015-07-23,26.389999,26.389999,25.549999,23.709244,25.66,71600
2015-07-24,25.559998999999998,25.889999,25.35,23.469006,25.4,110000
2015-07-27,24.9,26.0,24.82,23.921757,25.889999,92900
2015-07-28,25.950001,26.35,25.65,23.801643,25.76,74800
2015-07-29,25.639999,25.879998999999998,25.58,23.847835999999997,25.809998999999998,51200
2015-07-30,25.690001000000002,26.129998999999998,25.66,23.857077,25.82,52500
2015-07-31,25.76,26.24,25.73,23.949474,25.92,87100
2015-08-03,26.0,26.059998999999998,25.280001000000002,23.7924,25.75,105200
2015-08-04,26.200001,28.34,25.950001,25.862108,27.99,183500
2015-08-05,28.01,28.23,27.719998999999998,25.686548000000002,27.799999,88400
2015-08-06,27.91,28.08,27.549999,25.880587,28.01,66800
2015-08-07,27.780001000000002,28.200001,27.75,25.741991,27.860001,120300
2015-08-10,27.92,28.24,27.809998999999998,25.852867,27.98,102600
2015-08-11,27.809998999999998,28.219998999999998,27.700001,26.046902,28.190001000000002,66700
2015-08-12,27.82,28.040001,27.690001000000002,26.110428,27.950001,70000
2015-08-13,27.879998999999998,27.959999,27.49,25.774122,27.59,90300
2015-08-14,27.459999,27.82,27.08,25.988982999999998,27.82,98400
2015-08-17,27.65,27.85,27.52,25.932935999999998,27.76,71600
2015-08-18,27.629998999999998,27.67,27.23,25.521891,27.32,72100
2015-08-19,27.139999,27.469998999999998,26.65,25.475182999999998,27.27,79100
2015-08-20,27.08,27.530001000000002,26.940001000000002,25.204268,26.98,96100
2015-08-21,26.5,27.200001,26.43,24.942698,26.700001,137400
2015-08-24,25.620001000000002,26.67,25.51,23.849703,25.530001000000002,127600
2015-08-25,26.33,26.360001,24.9,23.261169,24.9,129600
2015-08-26,25.379998999999998,25.82,25.09,24.07391,25.77,86000
2015-08-27,25.879998999999998,26.209999,25.41,23.989834,25.68,88500
2015-08-28,25.52,25.84,25.27,24.120617000000003,25.82,101600
2015-08-31,25.75,25.889999,25.309998999999998,24.111275,25.809998999999998,88500
2015-09-01,25.42,25.58,25.18,23.560106,25.219998999999998,103000
2015-09-02,25.450001,25.58,25.26,23.737602,25.41,80000
2015-09-03,25.450001,25.73,25.24,23.756285000000002,25.43,78700
2015-09-04,25.290001,25.67,25.049999,23.634844,25.299999,98700
2015-09-08,25.639999,25.959999,25.57,24.129957,25.83,63200
2015-09-09,25.98,25.98,25.42,23.784309,25.459999,96200
2015-09-10,25.51,25.82,25.459999,23.859047,25.540001,69700
2015-09-11,25.370001000000002,25.559998999999998,25.200001,23.831022,25.51,72100
2015-09-14,25.68,25.68,25.219998999999998,23.6255,25.290001,41500
2015-09-15,25.389999,25.620001000000002,25.200001,23.831022,25.51,62500
2015-09-16,25.559998999999998,25.99,25.559998999999998,24.129957,25.83,56300
2015-09-17,25.790001,26.360001,25.700001,24.214037,25.92,73500
2015-09-18,25.51,26.110001,25.51,24.176666,25.879998999999998,154600
2015-09-21,26.01,26.120001000000002,25.67,24.148645000000002,25.85,49600
2015-09-22,25.549999,25.690001000000002,25.32,23.746942999999998,25.42,67300
2015-09-23,25.34,25.67,25.309998999999998,23.915098,25.6,58300
2015-09-24,25.49,26.08,25.49,24.307454999999997,26.02,52600
2015-09-25,26.139999,26.6,26.01,24.447584,26.17,94900
2015-09-28,26.030001000000002,26.34,25.940001000000002,24.382191,26.1,126400
2015-09-29,26.08,26.23,25.799999,24.139301,25.84,54500
2015-09-30,25.969998999999998,26.17,25.74,24.344820000000002,26.059998999999998,75600
2015-10-01,26.09,26.200001,25.25,23.980488,25.67,73400
2015-10-02,25.540001,25.98,25.379998999999998,24.260744,25.969998999999998,62600
2015-10-05,26.110001,26.85,26.07,25.036116,26.799999,132900
2015-10-06,26.82,26.82,26.48,24.774546,26.52,45300
2015-10-07,26.559998999999998,27.299999,26.24,25.409792000000003,27.200001,96700
2015-10-08,27.120001000000002,27.620001000000002,26.950001,25.718071,27.530001000000002,95200
2015-10-09,27.530001000000002,27.620001000000002,27.27,25.690046,27.5,56500
2015-10-12,27.58,27.74,27.43,25.708729,27.52,57200
2015-10-13,27.370001000000002,27.719998999999998,27.34,25.596624,27.4,55100
2015-10-14,27.48,27.74,27.25,25.503207999999997,27.299999,42500
2015-10-15,27.290001,28.02,27.290001,26.175819,28.02,61000
2015-10-16,28.139999,28.139999,27.65,26.138451,27.98,61400
2015-10-19,27.93,28.1,27.629998999999998,25.979641,27.809998999999998,37900
2015-10-20,27.73,28.360001,27.73,26.390684000000004,28.25,116200
2015-10-21,28.49,28.49,28.09,26.278582,28.129998999999998,87100
2015-10-22,28.35,28.76,28.209999,26.67094,28.549999,96000
2015-10-23,28.629998999999998,28.629998999999998,27.92,26.465415999999998,28.33,62100
2015-10-26,28.35,28.35,28.0,26.269239000000002,28.120001000000002,40800
2015-10-27,28.0,28.17,27.629998999999998,25.820831,27.639999,66400
2015-10-28,27.639999,28.360001,27.299999,26.101086,27.940001000000002,114400
2015-10-29,27.83,27.889999,27.25,25.951614000000003,27.780001000000002,90800
2015-10-30,27.719998999999998,27.74,27.360001,25.633995000000002,27.440001000000002,90200
2015-11-02,27.42,27.74,27.030001000000002,25.848856,27.67,86300
2015-11-03,27.1,27.360001,26.0,24.681128,26.42,208500
2015-11-04,26.450001,27.07,26.32,24.970722,26.73,103900
2015-11-05,26.860001,26.91,26.639999,24.989407999999997,26.75,56100
2015-11-06,26.58,26.58,26.110001,24.783888,26.530001000000002,79400
2015-11-09,26.34,26.610001,26.110001,24.606392,26.34,81800
2015-11-10,26.0,26.530001000000002,26.0,25.058216,26.51,71800
2015-11-11,26.450001,26.66,26.17,24.859713,26.299999,51300
2015-11-12,26.209999,26.379998999999998,26.049999,24.708477,26.139999,86100
2015-11-13,26.01,26.389999,25.91,24.585598,26.01,66300
2015-11-16,25.940001000000002,26.360001,25.93,24.821904999999997,26.26,68100
2015-11-17,26.16,26.58,25.809998999999998,24.434361,25.85,91300
2015-11-18,25.889999,26.16,25.549999,24.670668,26.1,88800
2015-11-19,26.049999,26.23,26.01,24.71793,26.15,67000
2015-11-20,26.16,26.59,26.16,25.096024,26.549999,77800
2015-11-23,26.700001,26.780001000000002,26.35,25.020407000000002,26.469998999999998,52900
2015-11-24,26.32,26.58,26.040001,25.067669,26.52,55400
2015-11-25,26.51,26.549999,26.24,25.010952,26.459999,45700
2015-11-27,26.440001000000002,26.73,26.440001000000002,25.114931,26.57,21700
2015-11-30,26.620001000000002,26.92,26.559998999999998,25.171644,26.629998999999998,76400
2015-12-01,26.690001000000002,26.9,26.610001,25.398502,26.870001000000002,34400
2015-12-02,26.879998999999998,26.879998999999998,26.35,24.973145000000002,26.42,56500
2015-12-03,26.450001,26.450001,25.51,24.254763,25.66,91300
2015-12-04,25.790001,26.26,25.67,24.774642999999998,26.209999,74100
2015-12-07,26.09,26.459999,25.98,24.954239,26.4,94900
2015-12-08,26.139999,26.620001000000002,25.91,25.105476,26.559998999999998,60600
2015-12-09,26.6,26.790001,26.299999,25.03931,26.49,68700
2015-12-10,26.530001000000002,26.6,25.639999,24.415457,25.83,129300
2015-12-11,25.48,26.25,25.33,24.084621,25.48,101100
2015-12-14,25.49,25.59,25.200001,24.122431,25.52,88200
2015-12-15,25.74,26.139999,25.58,24.576143,26.0,76100
2015-12-16,26.07,26.73,26.0,25.114931,26.57,89900
2015-12-17,26.65,26.790001,26.35,25.190548,26.65,69500
2015-12-18,26.5,26.690001000000002,26.18,25.086573,26.540001,235200
2015-12-21,26.5,26.74,26.379998999999998,25.190548,26.65,53000
2015-12-22,26.52,26.84,26.15,25.35124,26.82,51000
2015-12-23,26.85,27.280001000000002,26.82,25.549738,27.030001000000002,159300
2015-12-24,27.09,27.190001000000002,26.889999,25.474121,26.950001,38300
2015-12-28,26.889999,27.280001000000002,26.299999,25.691520999999998,27.18,76400
2015-12-29,27.26,27.5,27.26,25.880571,27.379998999999998,40000
2015-12-30,27.280001000000002,27.450001,27.040001,25.64426,27.129998999999998,64700
2015-12-31,26.99,27.549999,26.52,25.171644,26.629998999999998,110900
2016-01-04,26.4,26.59,26.110001,24.982597,26.43,122800
2016-01-05,26.549999,26.73,26.16,25.218904000000002,26.68,49600
2016-01-06,26.35,26.68,26.25,25.209454,26.67,81100
2016-01-07,26.32,26.67,26.32,24.973145000000002,26.42,71400
2016-01-08,26.459999,26.52,26.17,24.79355,26.23,79800
2016-01-11,26.43,26.860001,26.43,25.332333,26.799999,93600
2016-01-12,26.719998999999998,26.860001,26.299999,25.322884,26.790001,177800
2016-01-13,26.84,26.92,26.299999,24.944788,26.389999,99600
2016-01-14,26.450001,27.17,26.43,25.502474,26.98,99600
2016-01-15,26.389999,26.82,25.799999,24.699026,26.129998999999998,156700
2016-01-19,26.120001000000002,27.209999,26.120001000000002,25.521380999999998,27.0,143200
2016-01-20,26.83,27.370001000000002,26.1,25.426857000000002,26.9,155200
2016-01-21,27.1,27.1,25.860001,24.699026,26.129998999999998,183000
2016-01-22,26.219998999999998,26.6,26.120001000000002,25.086573,26.540001,160400
2016-01-25,26.52,26.530001000000002,26.02,24.670668,26.1,89300
2016-01-26,26.309998999999998,26.719998999999998,26.309998999999998,24.982597,26.43,75100
2016-01-27,26.110001,26.75,26.110001,24.897524,26.34,125500
2016-01-28,26.58,27.030001000000002,26.42,25.426857000000002,26.9,190500
2016-01-29,27.08,27.860001,26.809998999999998,26.315378000000003,27.84,178100
2016-02-01,27.799999,28.51,27.76,26.740734000000003,28.290001,113400
2016-02-02,28.1,28.629998999999998,27.860001,27.033759999999997,28.6,89700
2016-02-03,28.67,29.280001000000002,28.48,27.534733000000003,29.129998999999998,135800
2016-02-04,29.190001000000002,29.389999,28.440001000000002,26.929783,28.49,104100
2016-02-05,28.559998999999998,28.799999,28.0,26.835258000000003,28.389999,140100
2016-02-08,28.360001,28.940001000000002,28.25,27.288975,28.870001000000002,115700
2016-02-09,27.559998999999998,28.99,27.030001000000002,26.362641999999997,27.889999,178600
2016-02-10,27.59,27.76,26.549999,25.476463,26.65,146200
2016-02-11,26.09,26.780001000000002,26.09,25.26615,26.43,163600
2016-02-12,26.52,26.790001,26.25,25.447784,26.620001000000002,107000
2016-02-16,26.93,27.139999,26.629998999999998,25.648535,26.83,86700
2016-02-17,27.08,27.08,26.719998999999998,25.658098000000003,26.84,132400
2016-02-18,26.82,27.459999,26.66,26.136078,27.34,91700
2016-02-19,27.379998999999998,27.6,26.92,25.791930999999998,26.98,89900
2016-02-22,27.24,27.469998999999998,26.950001,25.81105,27.0,85500
2016-02-23,27.02,27.309998999999998,26.790001,25.849287,27.040001,92500
2016-02-24,26.940001000000002,27.370001000000002,26.92,26.107397,27.309998999999998,67900
2016-02-25,27.32,27.559998999999998,27.09,26.174316,27.379998999999998,50400
2016-02-26,27.469998999999998,27.469998999999998,26.73,25.696333,26.879998999999998,98300
2016-02-29,26.780001000000002,27.5,26.780001000000002,26.155197,27.360001,200400
2016-03-01,27.5,27.65,26.68,25.944882999999997,27.139999,107700
2016-03-02,27.17,27.17,26.559998999999998,25.849287,27.040001,153900
2016-03-03,27.059998999999998,27.16,26.5,25.906647,27.1,131700
2016-03-04,26.969998999999998,27.4,26.77,25.964005,27.16,197700
2016-03-07,27.24,27.870001000000002,27.23,26.575819,27.799999,157900
2016-03-08,27.790001,27.93,27.5,26.594938,27.82,122100
2016-03-09,28.0,28.139999,27.540001,26.881731,28.120001000000002,112000
2016-03-10,28.290001,28.34,27.540001,26.709658,27.940001000000002,121700
2016-03-11,28.15,28.33,27.75,26.728775,27.959999,107500
2016-03-14,27.809998999999998,28.049999,27.15,26.394188,27.610001,79200
2016-03-15,27.620001000000002,27.940001000000002,27.58,26.384628000000003,27.6,64200
2016-03-16,27.33,27.950001,27.290001,26.614061,27.84,90400
2016-03-17,27.92,28.540001,27.9,27.168521999999996,28.42,114900
2016-03-18,28.6,28.73,28.299999,27.397951000000003,28.66,242400
2016-03-21,28.67,28.67,28.17,27.072924,28.32,88600
2016-03-22,28.33,28.57,28.15,26.996446999999996,28.24,68200
2016-03-23,28.209999,28.48,28.09,26.919970000000003,28.16,99500
2016-03-24,28.190001000000002,28.540001,28.18,27.273678000000004,28.530001000000002,77500
2016-03-28,28.66,28.82,28.190001000000002,27.197198999999998,28.450001,68000
2016-03-29,28.540001,29.33,28.389999,28.019327,29.309998999999998,164400
2016-03-30,29.370001000000002,29.610001,29.23,28.038446,29.33,123400
2016-03-31,29.52,29.73,29.25,28.31568,29.620001000000002,222600
2016-04-01,29.620001000000002,29.620001000000002,29.129998999999998,28.143603999999996,29.440001000000002,97900
2016-04-04,29.5,29.6,29.02,27.952409999999997,29.24,95200
2016-04-05,29.190001000000002,29.190001000000002,28.27,27.053802,28.299999,119200
2016-04-06,28.32,28.610001,28.049999,27.025126,28.27,77500
2016-04-07,28.219998999999998,28.49,28.02,26.958206,28.200001,145400
2016-04-08,28.440001000000002,28.629998999999998,28.200001,27.063361999999998,28.309998999999998,65100
2016-04-11,28.450001,28.92,28.4,27.225878,28.48,86200
2016-04-12,28.33,28.91,28.290001,27.436190000000003,28.700001,107800
2016-04-13,28.84,29.040001,28.459999,27.72298,29.0,116900
2016-04-14,28.889999,29.059998999999998,28.84,27.732540000000004,29.01,78000
2016-04-15,28.83,29.370001000000002,28.83,28.00021,29.290001,84800
2016-04-18,29.379998999999998,29.6,29.219998999999998,28.277439,29.58,84800
2016-04-19,29.6,29.799999,29.370001000000002,28.153164,29.450001,105300
2016-04-20,29.49,29.49,28.66,27.417070000000002,28.68,93000
2016-04-21,28.780001000000002,28.790001,28.290001,27.139839000000002,28.389999,95700
2016-04-22,28.540001,28.82,28.299999,27.378829999999997,28.639999,81500
2016-04-25,28.59,28.709999,28.4,27.254557000000002,28.51,60600
2016-04-26,28.57,28.91,28.57,27.550907000000002,28.82,76900
2016-04-27,28.91,29.120001000000002,28.52,27.732540000000004,29.01,83800
2016-04-28,28.799999,29.049999,28.780001000000002,27.589146000000003,28.860001,65100
2016-04-29,28.780001000000002,29.110001,28.709999,27.646504999999998,28.92,75600
2016-05-02,29.09,29.309998999999998,28.98,27.933290000000003,29.219998999999998,70000
2016-05-03,30.0,30.809998999999998,29.469998999999998,28.812778,30.139999,163600
2016-05-04,30.139999,30.950001,29.84,29.491514000000002,30.85,126000
2016-05-05,30.940001000000002,31.15,30.219998999999998,28.889256,30.219998999999998,116800
2016-05-06,30.0,30.17,29.73,28.688503000000004,30.01,96300
2016-05-09,29.82,30.41,29.82,29.023092,30.360001,104300
2016-05-10,30.280001000000002,30.35,30.049999,28.994413,30.33,98200
2016-05-11,30.120001000000002,30.16,29.76,28.86208,29.879998999999998,110000
2016-05-12,29.959999,30.200001,29.780001000000002,29.064926,30.09,79400
2016-05-13,30.09,30.09,29.549999,28.717190000000002,29.73,99000
2016-05-16,29.9,29.98,29.620001000000002,28.823442,29.84,87600
2016-05-17,29.93,30.139999,28.639999,27.963764,28.950001,134400
2016-05-18,27.780001000000002,29.309998999999998,27.780001000000002,27.751257,28.73,103500
2016-05-19,28.76,28.99,28.440001000000002,27.925125,28.91,106800
2016-05-20,29.09,29.219998999999998,28.809998999999998,28.050695,29.040001,88100
2016-05-23,29.15,29.15,28.719998999999998,27.760915999999998,28.74,47100
2016-05-24,29.02,29.379998999999998,28.959999,28.330818,29.33,94100
2016-05-25,29.299999,29.5,28.940001000000002,28.205246000000002,29.200001,45700
2016-05-26,29.309998999999998,29.559998999999998,29.309998999999998,28.408092,29.41,42500
2016-05-27,29.5,29.700001,27.77,28.581961,29.59,94700
2016-05-31,29.530001000000002,29.940001000000002,29.41,28.572302,29.58,121700
2016-06-01,29.719998999999998,29.91,29.440001000000002,28.833101,29.85,74000
2016-06-02,29.91,29.91,29.469998999999998,28.891056,29.91,67000
2016-06-03,30.02,30.379998999999998,30.02,29.248455,30.280001000000002,104500
2016-06-06,30.33,30.709999,30.219998999999998,29.460958,30.5,93700
2016-06-07,30.65,30.85,30.49,29.547891999999997,30.59,83400
2016-06-08,30.370001000000002,31.0,30.299999,29.818356,30.870001000000002,103200
2016-06-09,30.67,31.25,30.67,30.127451,31.190001000000002,114400
2016-06-10,31.139999,31.459999,31.030001000000002,30.291662,31.360001,121100
2016-06-13,31.5,31.57,31.15,30.272340999999997,31.34,102100
2016-06-14,31.4,31.709999,31.23,30.45587,31.530001000000002,81700
2016-06-15,31.59,31.639999,31.02,30.166088000000002,31.23,80300
2016-06-16,31.23,31.68,31.23,30.513824,31.59,116400
2016-06-17,31.530001000000002,31.799999,31.110001,30.629738,31.709999,311500
2016-06-20,31.809998999999998,31.879998999999998,31.51,30.678032,31.76,107100
2016-06-21,31.969998999999998,33.09,31.690001000000002,31.586014000000002,32.700001,399300
2016-06-22,32.689999,33.09,32.470001,31.721242999999998,32.84,843800
2016-06-23,32.790001000000004,32.790001000000004,32.130001,31.412144,32.52,167400
2016-06-24,31.74,32.560001,31.49,31.170659999999998,32.27,312500
2016-06-27,32.150002,32.59,31.99,31.354184999999998,32.459998999999996,144800
2016-06-28,32.439999,32.720001,32.009997999999996,31.325211,32.43,174300
2016-06-29,32.639998999999996,32.869999,32.259997999999996,31.363847999999997,32.470001,154400
2016-06-30,32.650002,33.5,32.389998999999996,32.349102,33.490002000000004,160000
2016-07-01,33.66,33.68,33.18,32.532627000000005,33.68,103800
2016-07-05,33.68,33.84,33.450001,32.658198999999996,33.810001,91000
2016-07-06,33.779999,33.98,33.529999,32.638882,33.790001000000004,102400
2016-07-07,33.700001,33.779999,33.16,32.07864,33.209998999999996,98500
2016-07-08,33.16,33.700001,32.889998999999996,32.522964,33.669998,156000
2016-07-11,33.68,33.939999,33.32,32.735473999999996,33.889998999999996,126700
2016-07-12,33.77,33.93,33.48,32.522964,33.669998,128000
2016-07-13,33.849998,33.990002000000004,33.700001,32.745132,33.900002,150000
2016-07-14,33.84,33.91,33.619999,32.677517,33.830002,131300
2016-07-15,33.77,33.970001,33.689999,32.745132,33.900002,84900
2016-07-18,33.880001,34.200001,33.790001000000004,32.803089,33.959998999999996,74800
2016-07-19,33.959998999999996,34.209998999999996,33.790001000000004,33.034912,34.200001,96800
2016-07-20,34.330002,34.330002,34.099998,33.073551,34.240002000000004,78600
2016-07-21,34.220001,34.5,34.060001,33.276394,34.450001,82200
2016-07-22,34.41,35.369999,34.279999,34.010502,35.209998999999996,149000
2016-07-25,35.209998999999996,35.209998999999996,34.759997999999996,33.701401000000004,34.889998999999996,81200
2016-07-26,34.91,35.060001,34.59,33.537193,34.720001,80000
2016-07-27,34.610001000000004,34.73,34.279999,33.421284,34.599998,205700
2016-07-28,34.509997999999996,34.830002,34.330002,33.498562,34.68,59100
2016-07-29,34.650002,34.98,34.490002000000004,33.662769,34.849998,94200
2016-08-01,34.68,35.240002000000004,34.650002,33.720721999999995,34.91,73800
2016-08-02,34.77,34.970001,34.650002,33.479240000000004,34.66,87500
2016-08-03,34.650002,34.700001,34.0,33.324688,34.5,59300
2016-08-04,34.459998999999996,34.849998,34.23,33.40197,34.580002,65500
2016-08-05,34.52,34.77,34.009997999999996,33.421284,34.599998,93500
2016-08-08,34.5,34.91,34.389998999999996,33.382647999999996,34.560001,66200
2016-08-09,34.490002000000004,35.419998,34.450001,33.643452,34.830002,98900
2016-08-10,34.889998999999996,34.970001,34.560001,33.537193,34.720001,71000
2016-08-11,34.5,34.59,34.189999,33.715569,34.59,80700
2016-08-12,34.650002,34.799999,34.48,33.900764,34.779999,91500
2016-08-15,34.669998,34.779999,34.080002,33.276947,34.139998999999996,75600
2016-08-16,34.07,34.209998999999996,33.439999,32.740852000000004,33.59,98700
2016-08-17,33.560001,33.93,32.990002000000004,32.916298,33.77,108900
2016-08-18,33.849998,34.57,33.389998999999996,33.696071999999994,34.57,117700
2016-08-19,34.450001,34.57,33.799999,33.120991,33.98,100200
2016-08-22,34.040001000000004,34.450001,33.75,33.540123,34.41,78300
2016-08-23,34.470001,34.700001,34.240002000000004,33.413403,34.279999,67100
2016-08-24,34.330002,34.389998999999996,33.919998,33.491386,34.360001000000004,113800
2016-08-25,34.25,34.790001000000004,34.029999,33.900764,34.779999,97600
2016-08-26,34.779999,35.049999,34.040001000000004,33.247704,34.110001000000004,88400
2016-08-29,34.099998,34.490002000000004,34.040001000000004,33.462146999999995,34.330002,54900
2016-08-30,34.279999,34.360001000000004,33.919998,33.208717,34.07,80400
2016-08-31,33.959998999999996,34.32,33.82,33.374416,34.240002000000004,109700
2016-09-01,34.34,34.360001000000004,33.91,33.452396,34.32,73100
2016-09-02,34.349998,34.889998999999996,34.310001,34.007988,34.889998999999996,72500
2016-09-06,34.93,35.389998999999996,34.580002,34.417365999999994,35.310001,84100
2016-09-07,35.450001,35.77,35.060001,34.787762,35.689999,147500
2016-09-08,35.450001,35.880001,35.41,34.836498,35.740002000000004,92400
2016-09-09,35.470001,35.470001,34.299999,33.462146999999995,34.330002,88100
2016-09-12,34.439999,35.029999,34.0,34.134696999999996,35.02,118000
2016-09-13,34.990002000000004,35.040001000000004,34.16,33.452396,34.32,108600
2016-09-14,34.560001,34.720001,34.029999,33.306187,34.169998,68000
2016-09-15,34.029999,34.400002,34.0,33.462146999999995,34.330002,61600
2016-09-16,34.349998,35.0,34.02,34.007988,34.889998999999996,242800
2016-09-19,34.970001,35.330002,34.549999,34.427116,35.32,125500
2016-09-20,35.490002000000004,35.700001,35.110001000000004,34.349140000000006,35.240002000000004,65500
2016-09-21,35.150002,35.900002,35.0,34.992455,35.900002,104500
2016-09-22,36.0,36.419998,35.5,35.440822999999995,36.360001000000004,113700
2016-09-23,36.200001,36.279999,35.860001000000004,35.216637,36.130001,67200
2016-09-26,36.0,36.279999,35.529999,34.953465,35.860001000000004,88600
2016-09-27,35.84,36.080002,35.240002000000004,34.563576,35.459998999999996,84800
2016-09-28,35.34,35.59,34.889998999999996,34.397873,35.290001000000004,106800
2016-09-29,35.52,35.52,34.799999,34.017734999999995,34.900002,73600
2016-09-30,35.099998,35.470001,34.34,33.715569,34.59,123700
2016-10-03,34.5,34.5,34.060001,33.393909,34.259997999999996,74200
2016-10-04,34.259997999999996,34.330002,33.360001000000004,32.614136,33.459998999999996,70400
2016-10-05,33.52,33.73,33.330002,32.584891999999996,33.43,88900
2016-10-06,33.330002,33.77,33.080002,32.721354999999996,33.57,107200
2016-10-07,33.720001,33.970001,33.27,32.458183,33.299999,60900
2016-10-10,33.299999,33.830002,33.299999,32.916298,33.77,44800
2016-10-11,33.59,33.650002,33.139998999999996,32.506916,33.349998,72500
2016-10-12,33.240002000000004,33.900002,33.240002000000004,32.965034,33.82,90600
2016-10-13,33.66,34.389998999999996,33.59,32.926044,33.779999,87400
2016-10-14,33.720001,34.220001,33.419998,32.643375,33.490002000000004,109400
2016-10-17,33.650002,34.049999,33.650002,33.043015000000004,33.900002,51100
2016-10-18,34.049999,34.5,33.599998,33.335426,34.200001,57200
2016-10-19,34.299999,35.150002,34.299999,34.066471,34.950001,133900
2016-10-20,34.799999,35.049999,34.700001,33.822792,34.700001,75200
2016-10-21,34.549999,35.049999,34.549999,34.115204,35.0,69000
2016-10-24,35.049999,35.400002,34.950001,34.456352,35.349998,47500
2016-10-25,35.25,35.450001,35.049999,34.31015,35.200001,59900
2016-10-26,35.150002,35.349998,34.950001,34.115204,35.0,73500
2016-10-27,35.0,35.349998,34.950001,34.31015,35.200001,41900
2016-10-28,35.099998,35.450001,34.900002,34.358883,35.25,46200
2016-10-31,35.25,36.5,35.25,35.041191,35.950001,110900
2016-11-01,35.799999,36.049999,35.150002,34.31015,35.200001,69100
2016-11-02,35.099998,35.209998999999996,34.25,33.822792,34.700001,82700
2016-11-03,33.700001,34.900002,33.5,33.725319,34.599998,80900
2016-11-04,34.400002,35.150002,34.049999,33.18922,34.049999,84200
2016-11-07,34.200001,35.599998,34.200001,34.553829,35.450001,90500
2016-11-08,35.549999,35.950001,35.450001,34.748775,35.650002,55400
2016-11-09,34.599998,36.0,33.849998,35.089928,36.0,125800
2016-11-10,35.200001,35.799999,33.450001,34.512745,35.099998,166800
2016-11-11,35.099998,36.950001,34.799999,36.135143,36.75,197000
2016-11-14,36.75,36.900002,34.049999,35.790997,36.400002,136700
2016-11-15,36.400002,36.91,36.25,36.184303,36.799999,92100
2016-11-16,36.650002,37.200001,36.450001,36.577614000000004,37.200001,104500
2016-11-17,37.099998,37.75,36.900002,36.331795,36.950001,106900
2016-11-18,37.150002,37.450001,36.75,36.577614000000004,37.200001,101900
2016-11-21,37.299999,37.599998,37.099998,36.921753,37.549999,76700
2016-11-22,37.700001,38.599998,37.450001,37.855862,38.5,86400
2016-11-23,38.150002,38.5,38.0,37.511719,38.150002,117300
2016-11-25,38.299999,38.950001,38.299999,38.298336,38.950001,30100
2016-11-28,38.849998,39.75,38.849998,38.789967,39.450001,81500
2016-11-29,39.450001,39.75,38.849998,38.44582,39.099998,80100
2016-11-30,38.849998,39.049999,37.990002000000004,37.70837,38.349998,57100
2016-12-01,38.25,38.849998,37.75,37.462555,38.099998,83900
2016-12-02,38.349998,38.75,38.049999,37.806698,38.450001,54100
2016-12-05,38.25,38.849998,37.950001,38.150841,38.799999,87000
2016-12-06,38.700001,39.150002,38.599998,38.249171999999994,38.900002,77400
2016-12-07,39.200001,39.5,38.849998,38.593315000000004,39.25,107500
2016-12-08,38.950001,40.900002,38.490002000000004,40.166542,40.849998,132700
2016-12-09,40.849998,41.75,40.549999,41.002323,41.700001,119700
2016-12-12,41.700001,42.549999,38.950001,38.740807000000004,39.400002,366700
2016-12-13,39.549999,41.799999,39.400002,40.707344,41.400002,161100
2016-12-14,41.549999,41.900002,40.450001,39.920727,40.599998,81200
2016-12-15,40.25,41.599998,40.25,40.854832,41.549999,116100
2016-12-16,41.700001,42.189999,41.25,40.609013,41.299999,405800
2016-12-19,41.549999,41.700001,40.880001,40.609013,41.299999,120400
2016-12-20,41.150002,41.599998,41.150002,40.854832,41.549999,98900
2016-12-21,41.450001,41.75,40.650002,39.969891,40.650002,79100
2016-12-22,40.75,41.150002,40.400002,40.166542,40.849998,98900
2016-12-23,40.799999,41.0,40.630001,40.264874,40.950001,34600
2016-12-27,40.75,41.25,40.650002,40.461529,41.150002,39800
2016-12-28,40.900002,41.099998,40.349998,40.068218,40.75,122800
2016-12-29,40.849998,41.150002,40.599998,40.363197,41.049999,148100
2016-12-30,41.25,41.25,40.650002,40.117378,40.799999,73700
2017-01-03,40.5,40.59,39.400002,39.035786,39.700001,196400
2017-01-04,39.650002,40.799999,39.5,39.969891,40.650002,117600
2017-01-05,40.700001,40.75,40.099998,39.429092,40.099998,74200
2017-01-06,39.950001,40.299999,39.75,39.183273,39.849998,86600
2017-01-09,39.799999,39.830002,38.75,38.101681,38.75,98700
2017-01-10,38.799999,38.849998,38.25,38.101681,38.75,196400
2017-01-11,38.700001,39.0,38.509997999999996,37.954184999999995,38.599998,149500
2017-01-12,38.5,38.650002,37.790001000000004,37.315063,37.950001,132500
2017-01-13,38.0,38.450001,37.700001,37.757534,38.400002,171300
2017-01-17,38.299999,38.75,38.049999,37.610046000000004,38.25,79500
2017-01-18,38.25,38.599998,38.0,37.70837,38.349998,81300
2017-01-19,38.299999,38.299999,37.549999,37.020084000000004,37.650002,58000
2017-01-20,37.599998,38.200001,37.349998,37.020084000000004,37.650002,88300
2017-01-23,37.450001,37.849998,37.150002,36.774269,37.400002,85400
2017-01-24,37.400002,38.5,37.049999,37.70837,38.349998,100300
2017-01-25,38.5,39.450001,37.950001,37.855862,38.5,180400
2017-01-26,38.599998,38.650002,38.049999,37.70837,38.349998,90300
2017-01-27,38.200001,38.599998,37.900002,37.511719,38.150002,68600
2017-01-30,38.099998,38.099998,37.349998,36.774269,37.400002,82100
2017-01-31,37.200001,37.900002,37.200001,37.216736,37.849998,117000
2017-02-01,37.950001,38.049999,37.400002,36.823429,37.450001,59400
2017-02-02,37.400002,37.950001,37.349998,37.265903,37.900002,104700
2017-02-03,38.049999,39.049999,37.950001,38.249171999999994,38.900002,102600
2017-02-06,38.75,38.849998,37.849998,37.265903,37.900002,88500
2017-02-07,38.0,39.25,37.900002,37.511719,38.150002,124700
2017-02-08,38.049999,39.25,38.0,37.462555,38.099998,84500
2017-02-09,38.049999,38.599998,37.799999,37.413391,38.049999,111900
2017-02-10,38.049999,38.799999,37.970001,38.003353000000004,38.650002,62200
2017-02-13,38.549999,38.700001,38.099998,37.924034000000006,38.25,82100
2017-02-14,38.049999,38.25,37.66,37.824886,38.150002,97200
2017-02-15,37.799999,38.0,37.400002,37.577019,37.900002,61300
2017-02-16,37.75,38.150002,37.650002,37.725739000000004,38.049999,55100
2017-02-17,38.099998,38.099998,37.549999,37.428295,37.75,80700
2017-02-21,37.75,38.150002,37.549999,37.824886,38.150002,95000
2017-02-22,38.150002,38.150002,37.650002,37.527443,37.849998,55300
2017-02-23,37.849998,38.200001,37.450001,37.626591,37.950001,173400
2017-02-24,37.75,38.450001,37.75,37.924034000000006,38.25,85500
2017-02-27,38.150002,38.400002,37.950001,37.924034000000006,38.25,80800
2017-02-28,38.049999,38.150002,37.400002,37.279571999999995,37.599998,137200
2017-03-01,37.650002,38.450001,37.650002,37.924034000000006,38.25,81700
2017-03-02,38.0,38.700001,37.849998,38.171906,38.5,123200
2017-03-03,38.5,38.549999,37.599998,37.626591,37.950001,87300
2017-03-06,37.799999,38.099998,37.650002,37.378723,37.700001,47400
2017-03-07,37.75,38.529999,37.650002,37.378723,37.700001,59900
2017-03-08,37.700001,37.700001,36.549999,36.268269000000004,36.580002,83700
2017-03-09,36.599998,36.849998,36.150002,35.891506,36.200001,53200
2017-03-10,36.400002,36.75,36.099998,36.288094,36.599998,81400
2017-03-13,36.299999,36.75,36.299999,36.089802,36.400002,88700
2017-03-14,36.150002,36.349998,35.900002,35.693211,36.0,61200
2017-03-15,36.049999,37.0,36.049999,36.535965000000004,36.849998,83700
2017-03-16,36.849998,36.849998,36.150002,36.089802,36.400002,72000
2017-03-17,36.099998,36.950001,36.0,36.238521999999996,36.549999,239600
2017-03-20,36.549999,36.799999,35.98,35.84193,36.150002,90200
2017-03-21,36.299999,36.549999,35.950001,35.693211,36.0,85900
2017-03-22,35.950001,36.400002,35.650002,35.693211,36.0,79900
2017-03-23,35.900002,36.799999,35.900002,36.040226000000004,36.349998,65100
2017-03-24,37.099998,38.450001,37.0,37.329147,37.650002,265000
2017-03-27,37.450001,38.549999,37.450001,37.924034000000006,38.25,143500
2017-03-28,38.150002,38.700001,37.849998,37.874462,38.200001,182900
2017-03-29,38.099998,38.450001,37.889998999999996,37.775311,38.099998,203200
2017-03-30,38.049999,38.299999,37.799999,37.824886,38.150002,112200
2017-03-31,38.049999,38.599998,37.849998,37.577019,37.900002,183900
2017-04-03,37.900002,38.349998,37.549999,37.924034000000006,38.25,206900
2017-04-04,38.099998,38.450001,37.779999,37.626591,37.950001,121500
2017-04-05,38.150002,38.349998,37.650002,37.477866999999996,37.799999,103200
2017-04-06,37.849998,38.049999,37.599998,37.577019,37.900002,89400
2017-04-07,37.799999,38.349998,37.799999,37.577019,37.900002,126200
2017-04-10,37.849998,38.0,37.5,37.626591,37.950001,80400
2017-04-11,37.849998,38.400002,37.849998,38.023182,38.349998,82600
2017-04-12,37.75,38.5,37.75,37.924034000000006,38.25,74700
2017-04-13,38.099998,38.25,37.799999,37.527443,37.849998,80900
2017-04-17,37.900002,38.450001,37.610001000000004,38.072758,38.400002,70400
2017-04-18,38.200001,38.73,38.099998,38.370201,38.700001,120000
2017-04-19,38.799999,39.0,38.299999,38.12233,38.450001,97400
2017-04-20,38.5,39.0,38.369999,38.518921,38.849998,115200
2017-04-21,38.900002,39.349998,38.599998,38.816368,39.150002,128600
2017-04-24,39.599998,39.799999,39.0,39.212955,39.549999,95500
2017-04-25,39.700001,40.0,39.049999,39.312107,39.650002,149700
2017-04-26,39.650002,40.5,39.5,39.807846000000005,40.150002,155100
2017-04-27,40.200001,40.700001,40.0,39.659121999999996,40.0,78100
2017-04-28,40.0,40.0,39.400002,39.163383,39.5,119700
2017-05-01,39.650002,39.650002,39.049999,38.965084000000004,39.299999,115400
2017-05-02,39.299999,40.400002,39.299999,39.163383,39.5,132000
2017-05-03,39.200001,39.25,38.330002,38.271049,38.599998,131200
2017-05-04,38.549999,38.599998,37.900002,37.973606,38.299999,91200
2017-05-05,38.299999,38.75,38.049999,38.023182,38.349998,137600
2017-05-08,38.349998,38.549999,37.700001,37.824886,38.150002,90000
2017-05-09,38.049999,38.23,37.450001,37.180428000000006,37.5,105900
2017-05-10,37.5,37.779999,37.400002,37.23,37.549999,80400
2017-05-11,37.150002,37.349998,36.900002,37.25,37.25,75900
2017-05-12,37.099998,37.5,37.099998,37.299999,37.299999,86000
2017-05-15,37.25,37.599998,37.200001,37.5,37.5,100300
2017-05-16,37.450001,37.549999,37.130001,37.150002,37.150002,53800
2017-05-17,36.900002,37.299999,36.75,36.950001,36.950001,131400
2017-05-18,36.799999,37.299999,36.450001,37.049999,37.049999,100000
2017-05-19,36.950001,37.549999,36.950001,37.549999,37.549999,143700
2017-05-22,37.450001,38.0,37.299999,38.0,38.0,91500
2017-05-23,38.200001,39.0,38.200001,38.900002,38.900002,155900
2017-05-24,38.950001,39.5,38.950001,39.5,39.5,179200
2017-05-25,39.599998,40.049999,39.450001,39.849998,39.849998,146300
2017-05-26,39.900002,39.900002,39.599998,39.700001,39.700001,57400
2017-05-30,39.599998,39.849998,39.349998,39.700001,39.700001,57300
2017-05-31,39.75,40.189999,39.5,39.950001,39.950001,87100
2017-06-01,40.0,40.25,39.450001,40.200001,40.200001,87800
2017-06-02,40.299999,41.0,40.279999,40.799999,40.799999,114400
2017-06-05,40.549999,40.799999,40.400002,40.400002,40.400002,92300
2017-06-06,40.25,40.5,39.860001000000004,40.200001,40.200001,117200
2017-06-07,40.5,40.799999,40.200001,40.75,40.75,81700
2017-06-08,40.650002,40.950001,39.900002,40.799999,40.799999,92300
2017-06-09,40.849998,41.75,40.419998,41.599998,41.599998,113300
2017-06-12,41.549999,41.950001,40.950001,41.5,41.5,122700
2017-06-13,41.549999,41.650002,40.950001,41.549999,41.549999,77500
2017-06-14,41.5,41.700001,40.950001,41.349998,41.349998,73000
2017-06-15,40.900002,41.5,40.900002,41.450001,41.450001,52900
2017-06-16,41.049999,41.75,41.049999,41.450001,41.450001,284700
2017-06-19,41.650002,41.650002,41.150002,41.25,41.25,53700
2017-06-20,41.25,41.25,40.75,40.900002,40.900002,82600
2017-06-21,40.950001,41.049999,40.5,40.650002,40.650002,84600
2017-06-22,40.650002,41.450001,40.650002,41.299999,41.299999,83300
2017-06-23,41.299999,41.599998,40.900002,40.900002,40.900002,202600
2017-06-26,41.049999,41.25,40.75,40.950001,40.950001,95700
2017-06-27,40.799999,40.849998,40.099998,40.25,40.25,107700
2017-06-28,40.5,40.950001,40.200001,40.349998,40.349998,136200
2017-06-29,40.349998,40.349998,39.599998,39.950001,39.950001,109700
2017-06-30,39.900002,40.150002,39.549999,39.599998,39.599998,86900
2017-07-03,39.700001,39.950001,39.5,39.75,39.75,46600
2017-07-05,39.799999,40.349998,38.849998,39.549999,39.549999,108400
2017-07-06,39.349998,39.450001,39.0,39.150002,39.150002,79100
2017-07-07,39.25,39.700001,39.099998,39.450001,39.450001,68400
2017-07-10,39.450001,39.75,39.099998,39.099998,39.099998,72300
2017-07-11,39.049999,39.400002,38.75,39.200001,39.200001,83600
